workflow_id,source_action_id,workflow_state,assigned_owner,due_date,disposition,closure_reason,closed_at,event_id,event_type,actor_role,actor,from_state,to_state,event_created_at,notification_id,rule_id,notification_type,recipient_role,severity,dedupe_key,suppression_scope,notification_created_at,delivery_state,channel,account_id,unit,entity_code,entity_display,amount_aed,ageing_bucket,reporting_basis,confidence_state,workflow_record_lineage_hash,workflow_event_lineage_hash,notification_source_lineage_hash,notification_workflow_lineage_hash,source_action_lineage,workflow_event_payload,notification_rule_evidence,notification_lineage
wf::collector_ptp::B-10701::CGC3602,collector_ptp::B-10701::CGC3602,queued,Sarmad,,,,,evt_45cf56529eae3e29,queued,system,batch8_seed,none,queued,2026-05-09T16:36:52.038743Z,notif::ef8f2a82e13677f2fb7b6167,termination_risk,manager_escalation,cco_gm_agm,critical,dedupe::c465180d9b92d82dc93fb8c8,termination_risk:collector_ptp::B-10701::CGC3602:cco_gm_agm,2026-05-09T16:36:52.054075Z,disabled,in_app,B-10701,CGC3602,sobha_dubai,Sobha Dubai,299276.0,31-60,R10 PTP + R34 ageing/termination + R10 allocation owner evidence,live_validated_account_owner_ageing_lineaged,387bcb303ceaea664e9ce5c4864ddde31aa54bf4bbd88ac992b767d7b419cc0b,387bcb303ceaea664e9ce5c4864ddde31aa54bf4bbd88ac992b767d7b419cc0b,387bcb303ceaea664e9ce5c4864ddde31aa54bf4bbd88ac992b767d7b419cc0b,387bcb303ceaea664e9ce5c4864ddde31aa54bf4bbd88ac992b767d7b419cc0b,"[{""cell_or_range"": ""D70:AB70"", ""confidence_state"": ""live_validated"", ""has_lineage"": true, ""metric_key"": ""PTP_B-10701_CGC3602"", ""metric_label"": ""Promise-to-pay amount/date"", ""reporting_basis"": ""R10 PTP account promise"", ""sheet"": ""PTP Data"", ""snapshot_date"": ""2026-05-03"", ""source_code"": ""R10"", ""source_file"": ""R10_Dues Coverage summary report.xlsx"", ""validation_status"": ""passed""}, {""cell_or_range"": ""A5237:BT5237"", ""confidence_state"": ""live_validated"", ""has_lineage"": true, ""metric_key"": ""AGEING_B-10701_CGC3602"", ""metric_label"": ""Ageing and overdue validation"", ""reporting_basis"": ""R34 termination status account evidence"", ""sheet"": ""Data"", ""snapshot_date"": null, ""source_code"": ""R34"", ""source_file"": ""R34_Termination Status - Report -08-05-2026.xlsx"", ""validation_status"": ""passed""}, {""cell_or_range"": ""A4000:AD4000"", ""confidence_state"": ""live_validated"", ""has_lineage"": true, ""metric_key"": ""OWNER_B-10701_CGC3602"", ""metric_label"": ""Owner allocation validation"", ""reporting_basis"": ""R10 dues coverage allocation"", ""sheet"": ""Allocation"", ""snapshot_date"": ""2026-05-08 00:00:00"", ""source_code"": ""R10"", ""source_file"": ""R10_Dues Coverage summary report.xlsx"", ""validation_status"": ""passed""}]","{""source_action_title"": ""Follow PTP \u00b7 B-10701 / CGC3602""}","{""amount_aed"": 299276.0, ""as_of_date"": ""2026-05-09"", ""assigned_owner"": ""Sarmad"", ""due_date"": null, ""escalation_status"": ""TERMINATION"", ""pr_status"": null, ""ptp_date"": ""2026-05-12"", ""ptp_status"": ""PENDING"", ""rule_id"": ""termination_risk"", ""thresholds"": {""high_risk_amount_aed"": 1000000, ""stale_days"": 7}, ""updated_at"": ""2026-05-09T16:36:52.038743Z"", ""workflow_state"": ""queued""}","{""dedupe_key"": ""dedupe::c465180d9b92d82dc93fb8c8"", ""notification_id"": ""notif::ef8f2a82e13677f2fb7b6167"", ""rule_id"": ""termination_risk"", ""suppression_scope"": ""termination_risk:collector_ptp::B-10701::CGC3602:cco_gm_agm""}"
wf::collector_ptp::B-10704::CGC3603,collector_ptp::B-10704::CGC3603,queued,Sarmad,,,,,evt_9298bdefaa002c66,queued,system,batch8_seed,none,queued,2026-05-09T16:36:52.038596Z,notif::b48222c4a222feb7c11ae808,termination_risk,manager_escalation,cco_gm_agm,critical,dedupe::bc22dc509e09c46c18ebb856,termination_risk:collector_ptp::B-10704::CGC3603:cco_gm_agm,2026-05-09T16:36:52.053866Z,disabled,in_app,B-10704,CGC3603,sobha_dubai,Sobha Dubai,314370.0,31-60,R10 PTP + R34 ageing/termination + R10 allocation owner evidence,live_validated_account_owner_ageing_lineaged,4a6487723bb75b438d6044d149e672443fb0bf914c12e2c195010c89dc2840ce,4a6487723bb75b438d6044d149e672443fb0bf914c12e2c195010c89dc2840ce,4a6487723bb75b438d6044d149e672443fb0bf914c12e2c195010c89dc2840ce,4a6487723bb75b438d6044d149e672443fb0bf914c12e2c195010c89dc2840ce,"[{""cell_or_range"": ""D71:AB71"", ""confidence_state"": ""live_validated"", ""has_lineage"": true, ""metric_key"": ""PTP_B-10704_CGC3603"", ""metric_label"": ""Promise-to-pay amount/date"", ""reporting_basis"": ""R10 PTP account promise"", ""sheet"": ""PTP Data"", ""snapshot_date"": ""2026-05-03"", ""source_code"": ""R10"", ""source_file"": ""R10_Dues Coverage summary report.xlsx"", ""validation_status"": ""passed""}, {""cell_or_range"": ""A5243:BT5243"", ""confidence_state"": ""live_validated"", ""has_lineage"": true, ""metric_key"": ""AGEING_B-10704_CGC3603"", ""metric_label"": ""Ageing and overdue validation"", ""reporting_basis"": ""R34 termination status account evidence"", ""sheet"": ""Data"", ""snapshot_date"": null, ""source_code"": ""R34"", ""source_file"": ""R34_Termination Status - Report -08-05-2026.xlsx"", ""validation_status"": ""passed""}, {""cell_or_range"": ""A4006:AD4006"", ""confidence_state"": ""live_validated"", ""has_lineage"": true, ""metric_key"": ""OWNER_B-10704_CGC3603"", ""metric_label"": ""Owner allocation validation"", ""reporting_basis"": ""R10 dues coverage allocation"", ""sheet"": ""Allocation"", ""snapshot_date"": ""2026-05-08 00:00:00"", ""source_code"": ""R10"", ""source_file"": ""R10_Dues Coverage summary report.xlsx"", ""validation_status"": ""passed""}]","{""source_action_title"": ""Follow PTP \u00b7 B-10704 / CGC3603""}","{""amount_aed"": 314370.0, ""as_of_date"": ""2026-05-09"", ""assigned_owner"": ""Sarmad"", ""due_date"": null, ""escalation_status"": ""TERMINATION"", ""pr_status"": null, ""ptp_date"": ""2026-05-11"", ""ptp_status"": ""PENDING"", ""rule_id"": ""termination_risk"", ""thresholds"": {""high_risk_amount_aed"": 1000000, ""stale_days"": 7}, ""updated_at"": ""2026-05-09T16:36:52.038596Z"", ""workflow_state"": ""queued""}","{""dedupe_key"": ""dedupe::bc22dc509e09c46c18ebb856"", ""notification_id"": ""notif::b48222c4a222feb7c11ae808"", ""rule_id"": ""termination_risk"", ""suppression_scope"": ""termination_risk:collector_ptp::B-10704::CGC3603:cco_gm_agm""}"
wf::collector_ptp::B-11508::CGB1907,collector_ptp::B-11508::CGB1907,queued,Ali,,,,,evt_8e7c5d6d344dd5ba,queued,system,batch8_seed,none,queued,2026-05-09T16:36:52.037914Z,notif::a2ba34c8a061151a6d0346d1,termination_risk,manager_escalation,cco_gm_agm,critical,dedupe::b8a3ab378afaa7e78d2df3d0,termination_risk:collector_ptp::B-11508::CGB1907:cco_gm_agm,2026-05-09T16:36:52.052740Z,disabled,in_app,B-11508,CGB1907,sobha_dubai,Sobha Dubai,726000.0,31-60,R10 PTP + R34 ageing/termination + R10 allocation owner evidence,live_validated_account_owner_ageing_lineaged,fe6f7c29271c9e274f620d725c8d638cf3a71d6876e71ff2c01a3c5ef0f124d3,fe6f7c29271c9e274f620d725c8d638cf3a71d6876e71ff2c01a3c5ef0f124d3,fe6f7c29271c9e274f620d725c8d638cf3a71d6876e71ff2c01a3c5ef0f124d3,fe6f7c29271c9e274f620d725c8d638cf3a71d6876e71ff2c01a3c5ef0f124d3,"[{""cell_or_range"": ""D361:AB361"", ""confidence_state"": ""live_validated"", ""has_lineage"": true, ""metric_key"": ""PTP_B-11508_CGB1907"", ""metric_label"": ""Promise-to-pay amount/date"", ""reporting_basis"": ""R10 PTP account promise"", ""sheet"": ""PTP Data"", ""snapshot_date"": ""2026-05-08"", ""source_code"": ""R10"", ""source_file"": ""R10_Dues Coverage summary report.xlsx"", ""validation_status"": ""passed""}, {""cell_or_range"": ""A2939:BT2939"", ""confidence_state"": ""live_validated"", ""has_lineage"": true, ""metric_key"": ""AGEING_B-11508_CGB1907"", ""metric_label"": ""Ageing and overdue validation"", ""reporting_basis"": ""R34 termination status account evidence"", ""sheet"": ""Data"", ""snapshot_date"": null, ""source_code"": ""R34"", ""source_file"": ""R34_Termination Status - Report -08-05-2026.xlsx"", ""validation_status"": ""passed""}, {""cell_or_range"": ""A1703:AD1703"", ""confidence_state"": ""live_validated"", ""has_lineage"": true, ""metric_key"": ""OWNER_B-11508_CGB1907"", ""metric_label"": ""Owner allocation validation"", ""reporting_basis"": ""R10 dues coverage allocation"", ""sheet"": ""Allocation"", ""snapshot_date"": ""2026-05-08 00:00:00"", ""source_code"": ""R10"", ""source_file"": ""R10_Dues Coverage summary report.xlsx"", ""validation_status"": ""passed""}]","{""source_action_title"": ""Follow PTP \u00b7 B-11508 / CGB1907""}","{""amount_aed"": 726000.0, ""as_of_date"": ""2026-05-09"", ""assigned_owner"": ""Ali"", ""due_date"": null, ""escalation_status"": ""TERMINATION"", ""pr_status"": null, ""ptp_date"": ""2026-05-15"", ""ptp_status"": ""PENDING"", ""rule_id"": ""termination_risk"", ""thresholds"": {""high_risk_amount_aed"": 1000000, ""stale_days"": 7}, ""updated_at"": ""2026-05-09T16:36:52.037914Z"", ""workflow_state"": ""queued""}","{""dedupe_key"": ""dedupe::b8a3ab378afaa7e78d2df3d0"", ""notification_id"": ""notif::a2ba34c8a061151a6d0346d1"", ""rule_id"": ""termination_risk"", ""suppression_scope"": ""termination_risk:collector_ptp::B-11508::CGB1907:cco_gm_agm""}"
wf::collector_ptp::B-11845::CGC2504,collector_ptp::B-11845::CGC2504,queued,Sarmad,,,,,evt_38d02b8ee76df864,queued,system,batch8_seed,none,queued,2026-05-09T16:36:52.037030Z,notif::061fa21238b4620c63fba4a9,termination_risk,manager_escalation,cco_gm_agm,critical,dedupe::b858c34c76531c241dfaaf3b,termination_risk:collector_ptp::B-11845::CGC2504:cco_gm_agm,2026-05-09T16:36:52.051440Z,disabled,in_app,B-11845,CGC2504,sobha_dubai,Sobha Dubai,1181664.0,31-60,R10 PTP + R34 ageing/termination + R10 allocation owner evidence,live_validated_account_owner_ageing_lineaged,fc407de591b49249d57f06dce48144c28dac34f0284a41cb0ea51599fe5454a6,fc407de591b49249d57f06dce48144c28dac34f0284a41cb0ea51599fe5454a6,fc407de591b49249d57f06dce48144c28dac34f0284a41cb0ea51599fe5454a6,fc407de591b49249d57f06dce48144c28dac34f0284a41cb0ea51599fe5454a6,"[{""cell_or_range"": ""D73:AB73"", ""confidence_state"": ""live_validated"", ""has_lineage"": true, ""metric_key"": ""PTP_B-11845_CGC2504"", ""metric_label"": ""Promise-to-pay amount/date"", ""reporting_basis"": ""R10 PTP account promise"", ""sheet"": ""PTP Data"", ""snapshot_date"": ""2026-05-03"", ""source_code"": ""R10"", ""source_file"": ""R10_Dues Coverage summary report.xlsx"", ""validation_status"": ""passed""}, {""cell_or_range"": ""A4853:BT4853"", ""confidence_state"": ""live_validated"", ""has_lineage"": true, ""metric_key"": ""AGEING_B-11845_CGC2504"", ""metric_label"": ""Ageing and overdue validation"", ""reporting_basis"": ""R34 termination status account evidence"", ""sheet"": ""Data"", ""snapshot_date"": null, ""source_code"": ""R34"", ""source_file"": ""R34_Termination Status - Report -08-05-2026.xlsx"", ""validation_status"": ""passed""}, {""cell_or_range"": ""A3616:AD3616"", ""confidence_state"": ""live_validated"", ""has_lineage"": true, ""metric_key"": ""OWNER_B-11845_CGC2504"", ""metric_label"": ""Owner allocation validation"", ""reporting_basis"": ""R10 dues coverage allocation"", ""sheet"": ""Allocation"", ""snapshot_date"": ""2026-05-08 00:00:00"", ""source_code"": ""R10"", ""source_file"": ""R10_Dues Coverage summary report.xlsx"", ""validation_status"": ""passed""}]","{""source_action_title"": ""Follow PTP \u00b7 B-11845 / CGC2504""}","{""amount_aed"": 1181664.0, ""as_of_date"": ""2026-05-09"", ""assigned_owner"": ""Sarmad"", ""due_date"": null, ""escalation_status"": ""TERMINATION"", ""pr_status"": null, ""ptp_date"": ""2026-05-11"", ""ptp_status"": ""PENDING"", ""rule_id"": ""termination_risk"", ""thresholds"": {""high_risk_amount_aed"": 1000000, ""stale_days"": 7}, ""updated_at"": ""2026-05-09T16:36:52.037030Z"", ""workflow_state"": ""queued""}","{""dedupe_key"": ""dedupe::b858c34c76531c241dfaaf3b"", ""notification_id"": ""notif::061fa21238b4620c63fba4a9"", ""rule_id"": ""termination_risk"", ""suppression_scope"": ""termination_risk:collector_ptp::B-11845::CGC2504:cco_gm_agm""}"
wf::collector_ptp::B-11846::CGC2604,collector_ptp::B-11846::CGC2604,queued,Sarmad,,,,,evt_e9f4670a40872d48,queued,system,batch8_seed,none,queued,2026-05-09T16:36:52.036950Z,notif::7c9ab58ca261a19eb183f0be,broken_ptp_promise,collector_rm_reminder,collector_rm,high,dedupe::f2be46d3819a5e1d9e114e40,broken_ptp_promise:collector_ptp::B-11846::CGC2604:collector_rm,2026-05-09T16:36:52.051081Z,disabled,in_app,B-11846,CGC2604,sobha_dubai,Sobha Dubai,1181710.0,31-60,R10 PTP + R34 ageing/termination + R10 allocation owner evidence,live_validated_account_owner_ageing_lineaged,040e2d32f25f1e947387b9f57f5dce4cc5bee34c1577b6f4edcee1289004d317,040e2d32f25f1e947387b9f57f5dce4cc5bee34c1577b6f4edcee1289004d317,040e2d32f25f1e947387b9f57f5dce4cc5bee34c1577b6f4edcee1289004d317,040e2d32f25f1e947387b9f57f5dce4cc5bee34c1577b6f4edcee1289004d317,"[{""cell_or_range"": ""D75:AB75"", ""confidence_state"": ""live_validated"", ""has_lineage"": true, ""metric_key"": ""PTP_B-11846_CGC2604"", ""metric_label"": ""Promise-to-pay amount/date"", ""reporting_basis"": ""R10 PTP account promise"", ""sheet"": ""PTP Data"", ""snapshot_date"": ""2026-05-03"", ""source_code"": ""R10"", ""source_file"": ""R10_Dues Coverage summary report.xlsx"", ""validation_status"": ""passed""}, {""cell_or_range"": ""A4889:BT4889"", ""confidence_state"": ""live_validated"", ""has_lineage"": true, ""metric_key"": ""AGEING_B-11846_CGC2604"", ""metric_label"": ""Ageing and overdue validation"", ""reporting_basis"": ""R34 termination status account evidence"", ""sheet"": ""Data"", ""snapshot_date"": null, ""source_code"": ""R34"", ""source_file"": ""R34_Termination Status - Report -08-05-2026.xlsx"", ""validation_status"": ""passed""}, {""cell_or_range"": ""A3652:AD3652"", ""confidence_state"": ""live_validated"", ""has_lineage"": true, ""metric_key"": ""OWNER_B-11846_CGC2604"", ""metric_label"": ""Owner allocation validation"", ""reporting_basis"": ""R10 dues coverage allocation"", ""sheet"": ""Allocation"", ""snapshot_date"": ""2026-05-08 00:00:00"", ""source_code"": ""R10"", ""source_file"": ""R10_Dues Coverage summary report.xlsx"", ""validation_status"": ""passed""}]","{""source_action_title"": ""Follow PTP \u00b7 B-11846 / CGC2604""}","{""amount_aed"": 1181710.0, ""as_of_date"": ""2026-05-09"", ""assigned_owner"": ""Sarmad"", ""days_after_ptp"": 1, ""due_date"": null, ""escalation_status"": ""TERMINATION"", ""pr_status"": null, ""ptp_date"": ""2026-05-08"", ""ptp_status"": ""PENDING"", ""rule_id"": ""broken_ptp_promise"", ""thresholds"": {""high_risk_amount_aed"": 1000000, ""stale_days"": 7}, ""updated_at"": ""2026-05-09T16:36:52.036950Z"", ""workflow_state"": ""queued""}","{""dedupe_key"": ""dedupe::f2be46d3819a5e1d9e114e40"", ""notification_id"": ""notif::7c9ab58ca261a19eb183f0be"", ""rule_id"": ""broken_ptp_promise"", ""suppression_scope"": ""broken_ptp_promise:collector_ptp::B-11846::CGC2604:collector_rm""}"
wf::collector_ptp::B-11846::CGC2604,collector_ptp::B-11846::CGC2604,queued,Sarmad,,,,,evt_e9f4670a40872d48,queued,system,batch8_seed,none,queued,2026-05-09T16:36:52.036950Z,notif::7643c461bf144475af3a062e,broken_ptp_promise,manager_escalation,cco_gm_agm,high,dedupe::8a9c08e29e238e9fc4e3df1d,broken_ptp_promise:collector_ptp::B-11846::CGC2604:cco_gm_agm,2026-05-09T16:36:52.051156Z,disabled,in_app,B-11846,CGC2604,sobha_dubai,Sobha Dubai,1181710.0,31-60,R10 PTP + R34 ageing/termination + R10 allocation owner evidence,live_validated_account_owner_ageing_lineaged,040e2d32f25f1e947387b9f57f5dce4cc5bee34c1577b6f4edcee1289004d317,040e2d32f25f1e947387b9f57f5dce4cc5bee34c1577b6f4edcee1289004d317,040e2d32f25f1e947387b9f57f5dce4cc5bee34c1577b6f4edcee1289004d317,040e2d32f25f1e947387b9f57f5dce4cc5bee34c1577b6f4edcee1289004d317,"[{""cell_or_range"": ""D75:AB75"", ""confidence_state"": ""live_validated"", ""has_lineage"": true, ""metric_key"": ""PTP_B-11846_CGC2604"", ""metric_label"": ""Promise-to-pay amount/date"", ""reporting_basis"": ""R10 PTP account promise"", ""sheet"": ""PTP Data"", ""snapshot_date"": ""2026-05-03"", ""source_code"": ""R10"", ""source_file"": ""R10_Dues Coverage summary report.xlsx"", ""validation_status"": ""passed""}, {""cell_or_range"": ""A4889:BT4889"", ""confidence_state"": ""live_validated"", ""has_lineage"": true, ""metric_key"": ""AGEING_B-11846_CGC2604"", ""metric_label"": ""Ageing and overdue validation"", ""reporting_basis"": ""R34 termination status account evidence"", ""sheet"": ""Data"", ""snapshot_date"": null, ""source_code"": ""R34"", ""source_file"": ""R34_Termination Status - Report -08-05-2026.xlsx"", ""validation_status"": ""passed""}, {""cell_or_range"": ""A3652:AD3652"", ""confidence_state"": ""live_validated"", ""has_lineage"": true, ""metric_key"": ""OWNER_B-11846_CGC2604"", ""metric_label"": ""Owner allocation validation"", ""reporting_basis"": ""R10 dues coverage allocation"", ""sheet"": ""Allocation"", ""snapshot_date"": ""2026-05-08 00:00:00"", ""source_code"": ""R10"", ""source_file"": ""R10_Dues Coverage summary report.xlsx"", ""validation_status"": ""passed""}]","{""source_action_title"": ""Follow PTP \u00b7 B-11846 / CGC2604""}","{""amount_aed"": 1181710.0, ""as_of_date"": ""2026-05-09"", ""assigned_owner"": ""Sarmad"", ""days_after_ptp"": 1, ""due_date"": null, ""escalation_status"": ""TERMINATION"", ""pr_status"": null, ""ptp_date"": ""2026-05-08"", ""ptp_status"": ""PENDING"", ""rule_id"": ""broken_ptp_promise"", ""thresholds"": {""high_risk_amount_aed"": 1000000, ""stale_days"": 7}, ""updated_at"": ""2026-05-09T16:36:52.036950Z"", ""workflow_state"": ""queued""}","{""dedupe_key"": ""dedupe::8a9c08e29e238e9fc4e3df1d"", ""notification_id"": ""notif::7643c461bf144475af3a062e"", ""rule_id"": ""broken_ptp_promise"", ""suppression_scope"": ""broken_ptp_promise:collector_ptp::B-11846::CGC2604:cco_gm_agm""}"
wf::collector_ptp::B-11846::CGC2604,collector_ptp::B-11846::CGC2604,queued,Sarmad,,,,,evt_e9f4670a40872d48,queued,system,batch8_seed,none,queued,2026-05-09T16:36:52.036950Z,notif::4a5b09e56c8a468491647248,termination_risk,manager_escalation,cco_gm_agm,critical,dedupe::baad14f9d95313a0ba666262,termination_risk:collector_ptp::B-11846::CGC2604:cco_gm_agm,2026-05-09T16:36:52.051268Z,disabled,in_app,B-11846,CGC2604,sobha_dubai,Sobha Dubai,1181710.0,31-60,R10 PTP + R34 ageing/termination + R10 allocation owner evidence,live_validated_account_owner_ageing_lineaged,040e2d32f25f1e947387b9f57f5dce4cc5bee34c1577b6f4edcee1289004d317,040e2d32f25f1e947387b9f57f5dce4cc5bee34c1577b6f4edcee1289004d317,040e2d32f25f1e947387b9f57f5dce4cc5bee34c1577b6f4edcee1289004d317,040e2d32f25f1e947387b9f57f5dce4cc5bee34c1577b6f4edcee1289004d317,"[{""cell_or_range"": ""D75:AB75"", ""confidence_state"": ""live_validated"", ""has_lineage"": true, ""metric_key"": ""PTP_B-11846_CGC2604"", ""metric_label"": ""Promise-to-pay amount/date"", ""reporting_basis"": ""R10 PTP account promise"", ""sheet"": ""PTP Data"", ""snapshot_date"": ""2026-05-03"", ""source_code"": ""R10"", ""source_file"": ""R10_Dues Coverage summary report.xlsx"", ""validation_status"": ""passed""}, {""cell_or_range"": ""A4889:BT4889"", ""confidence_state"": ""live_validated"", ""has_lineage"": true, ""metric_key"": ""AGEING_B-11846_CGC2604"", ""metric_label"": ""Ageing and overdue validation"", ""reporting_basis"": ""R34 termination status account evidence"", ""sheet"": ""Data"", ""snapshot_date"": null, ""source_code"": ""R34"", ""source_file"": ""R34_Termination Status - Report -08-05-2026.xlsx"", ""validation_status"": ""passed""}, {""cell_or_range"": ""A3652:AD3652"", ""confidence_state"": ""live_validated"", ""has_lineage"": true, ""metric_key"": ""OWNER_B-11846_CGC2604"", ""metric_label"": ""Owner allocation validation"", ""reporting_basis"": ""R10 dues coverage allocation"", ""sheet"": ""Allocation"", ""snapshot_date"": ""2026-05-08 00:00:00"", ""source_code"": ""R10"", ""source_file"": ""R10_Dues Coverage summary report.xlsx"", ""validation_status"": ""passed""}]","{""source_action_title"": ""Follow PTP \u00b7 B-11846 / CGC2604""}","{""amount_aed"": 1181710.0, ""as_of_date"": ""2026-05-09"", ""assigned_owner"": ""Sarmad"", ""due_date"": null, ""escalation_status"": ""TERMINATION"", ""pr_status"": null, ""ptp_date"": ""2026-05-08"", ""ptp_status"": ""PENDING"", ""rule_id"": ""termination_risk"", ""thresholds"": {""high_risk_amount_aed"": 1000000, ""stale_days"": 7}, ""updated_at"": ""2026-05-09T16:36:52.036950Z"", ""workflow_state"": ""queued""}","{""dedupe_key"": ""dedupe::baad14f9d95313a0ba666262"", ""notification_id"": ""notif::4a5b09e56c8a468491647248"", ""rule_id"": ""termination_risk"", ""suppression_scope"": ""termination_risk:collector_ptp::B-11846::CGC2604:cco_gm_agm""}"
wf::collector_ptp::B-12116::CVH-A5401,collector_ptp::B-12116::CVH-A5401,queued,Zeba,,,,,evt_f21886b84120bb0f,queued,system,batch8_seed,none,queued,2026-05-09T16:36:52.036785Z,notif::6d5c24da1a4a7b80bc92a961,termination_risk,manager_escalation,cco_gm_agm,critical,dedupe::7661bda697a7821661a861c4,termination_risk:collector_ptp::B-12116::CVH-A5401:cco_gm_agm,2026-05-09T16:36:52.050864Z,disabled,in_app,B-12116,CVH-A5401,sobha_dubai,Sobha Dubai,1546667.52,180+,R10 PTP + R34 ageing/termination + R10 allocation owner evidence,live_validated_account_owner_ageing_lineaged,832ca0b4f5f29d1b2cbc932d9d3cc41c6adcc610634dd5e893c38dc4ad15c90a,832ca0b4f5f29d1b2cbc932d9d3cc41c6adcc610634dd5e893c38dc4ad15c90a,832ca0b4f5f29d1b2cbc932d9d3cc41c6adcc610634dd5e893c38dc4ad15c90a,832ca0b4f5f29d1b2cbc932d9d3cc41c6adcc610634dd5e893c38dc4ad15c90a,"[{""cell_or_range"": ""D209:AB209"", ""confidence_state"": ""live_validated"", ""has_lineage"": true, ""metric_key"": ""PTP_B-12116_CVH-A5401"", ""metric_label"": ""Promise-to-pay amount/date"", ""reporting_basis"": ""R10 PTP account promise"", ""sheet"": ""PTP Data"", ""snapshot_date"": ""2026-05-05"", ""source_code"": ""R10"", ""source_file"": ""R10_Dues Coverage summary report.xlsx"", ""validation_status"": ""passed""}, {""cell_or_range"": ""A12425:BT12425"", ""confidence_state"": ""live_validated"", ""has_lineage"": true, ""metric_key"": ""AGEING_B-12116_CVH-A5401"", ""metric_label"": ""Ageing and overdue validation"", ""reporting_basis"": ""R34 termination status account evidence"", ""sheet"": ""Data"", ""snapshot_date"": null, ""source_code"": ""R34"", ""source_file"": ""R34_Termination Status - Report -08-05-2026.xlsx"", ""validation_status"": ""passed""}, {""cell_or_range"": ""A11187:AD11187"", ""confidence_state"": ""live_validated"", ""has_lineage"": true, ""metric_key"": ""OWNER_B-12116_CVH-A5401"", ""metric_label"": ""Owner allocation validation"", ""reporting_basis"": ""R10 dues coverage allocation"", ""sheet"": ""Allocation"", ""snapshot_date"": ""2026-05-08 00:00:00"", ""source_code"": ""R10"", ""source_file"": ""R10_Dues Coverage summary report.xlsx"", ""validation_status"": ""passed""}]","{""source_action_title"": ""Follow PTP \u00b7 B-12116 / CVH-A5401""}","{""amount_aed"": 1546667.52, ""as_of_date"": ""2026-05-09"", ""assigned_owner"": ""Zeba"", ""due_date"": null, ""escalation_status"": ""TERMINATION"", ""pr_status"": null, ""ptp_date"": ""2026-05-31"", ""ptp_status"": ""PENDING"", ""rule_id"": ""termination_risk"", ""thresholds"": {""high_risk_amount_aed"": 1000000, ""stale_days"": 7}, ""updated_at"": ""2026-05-09T16:36:52.036785Z"", ""workflow_state"": ""queued""}","{""dedupe_key"": ""dedupe::7661bda697a7821661a861c4"", ""notification_id"": ""notif::6d5c24da1a4a7b80bc92a961"", ""rule_id"": ""termination_risk"", ""suppression_scope"": ""termination_risk:collector_ptp::B-12116::CVH-A5401:cco_gm_agm""}"
wf::collector_ptp::B-13929::SSH-A1406,collector_ptp::B-13929::SSH-A1406,queued,Farheen,,,,,evt_c54bc550c32ef61f,queued,system,batch8_seed,none,queued,2026-05-09T16:36:52.038523Z,notif::b646dcfa7a009481a78e909e,broken_ptp_promise,collector_rm_reminder,collector_rm,high,dedupe::644fdb20d12e27808513ad6c,broken_ptp_promise:collector_ptp::B-13929::SSH-A1406:collector_rm,2026-05-09T16:36:52.053602Z,disabled,in_app,B-13929,SSH-A1406,sobha_dubai,Sobha Dubai,318929.0,31-60,R10 PTP + R34 ageing/termination + R10 allocation owner evidence,live_validated_account_owner_ageing_lineaged,2b630ab8b7f43f9332e9011ef97b242d819de106a4356b3996b5f77dd3f785c5,2b630ab8b7f43f9332e9011ef97b242d819de106a4356b3996b5f77dd3f785c5,2b630ab8b7f43f9332e9011ef97b242d819de106a4356b3996b5f77dd3f785c5,2b630ab8b7f43f9332e9011ef97b242d819de106a4356b3996b5f77dd3f785c5,"[{""cell_or_range"": ""D35:AB35"", ""confidence_state"": ""live_validated"", ""has_lineage"": true, ""metric_key"": ""PTP_B-13929_SSH-A1406"", ""metric_label"": ""Promise-to-pay amount/date"", ""reporting_basis"": ""R10 PTP account promise"", ""sheet"": ""PTP Data"", ""snapshot_date"": ""2026-05-01"", ""source_code"": ""R10"", ""source_file"": ""R10_Dues Coverage summary report.xlsx"", ""validation_status"": ""passed""}, {""cell_or_range"": ""A3930:BT3930"", ""confidence_state"": ""live_validated"", ""has_lineage"": true, ""metric_key"": ""AGEING_B-13929_SSH-A1406"", ""metric_label"": ""Ageing and overdue validation"", ""reporting_basis"": ""R34 termination status account evidence"", ""sheet"": ""Data"", ""snapshot_date"": null, ""source_code"": ""R34"", ""source_file"": ""R34_Termination Status - Report -08-05-2026.xlsx"", ""validation_status"": ""passed""}, {""cell_or_range"": ""A2088:AD2088"", ""confidence_state"": ""live_validated"", ""has_lineage"": true, ""metric_key"": ""OWNER_B-13929_SSH-A1406"", ""metric_label"": ""Owner allocation validation"", ""reporting_basis"": ""R10 dues coverage allocation"", ""sheet"": ""Allocation"", ""snapshot_date"": ""2026-05-08 00:00:00"", ""source_code"": ""R10"", ""source_file"": ""R10_Dues Coverage summary report.xlsx"", ""validation_status"": ""passed""}]","{""source_action_title"": ""Follow PTP \u00b7 B-13929 / SSH-A1406""}","{""amount_aed"": 318929.0, ""as_of_date"": ""2026-05-09"", ""assigned_owner"": ""Farheen"", ""days_after_ptp"": 5, ""due_date"": null, ""escalation_status"": ""TERMINATION"", ""pr_status"": null, ""ptp_date"": ""2026-05-04"", ""ptp_status"": ""PENDING"", ""rule_id"": ""broken_ptp_promise"", ""thresholds"": {""high_risk_amount_aed"": 1000000, ""stale_days"": 7}, ""updated_at"": ""2026-05-09T16:36:52.038523Z"", ""workflow_state"": ""queued""}","{""dedupe_key"": ""dedupe::644fdb20d12e27808513ad6c"", ""notification_id"": ""notif::b646dcfa7a009481a78e909e"", ""rule_id"": ""broken_ptp_promise"", ""suppression_scope"": ""broken_ptp_promise:collector_ptp::B-13929::SSH-A1406:collector_rm""}"
wf::collector_ptp::B-13929::SSH-A1406,collector_ptp::B-13929::SSH-A1406,queued,Farheen,,,,,evt_c54bc550c32ef61f,queued,system,batch8_seed,none,queued,2026-05-09T16:36:52.038523Z,notif::7e3c9ba5c9644406327de1d8,broken_ptp_promise,manager_escalation,cco_gm_agm,high,dedupe::aa4d2fb3c111103698006a67,broken_ptp_promise:collector_ptp::B-13929::SSH-A1406:cco_gm_agm,2026-05-09T16:36:52.053675Z,disabled,in_app,B-13929,SSH-A1406,sobha_dubai,Sobha Dubai,318929.0,31-60,R10 PTP + R34 ageing/termination + R10 allocation owner evidence,live_validated_account_owner_ageing_lineaged,2b630ab8b7f43f9332e9011ef97b242d819de106a4356b3996b5f77dd3f785c5,2b630ab8b7f43f9332e9011ef97b242d819de106a4356b3996b5f77dd3f785c5,2b630ab8b7f43f9332e9011ef97b242d819de106a4356b3996b5f77dd3f785c5,2b630ab8b7f43f9332e9011ef97b242d819de106a4356b3996b5f77dd3f785c5,"[{""cell_or_range"": ""D35:AB35"", ""confidence_state"": ""live_validated"", ""has_lineage"": true, ""metric_key"": ""PTP_B-13929_SSH-A1406"", ""metric_label"": ""Promise-to-pay amount/date"", ""reporting_basis"": ""R10 PTP account promise"", ""sheet"": ""PTP Data"", ""snapshot_date"": ""2026-05-01"", ""source_code"": ""R10"", ""source_file"": ""R10_Dues Coverage summary report.xlsx"", ""validation_status"": ""passed""}, {""cell_or_range"": ""A3930:BT3930"", ""confidence_state"": ""live_validated"", ""has_lineage"": true, ""metric_key"": ""AGEING_B-13929_SSH-A1406"", ""metric_label"": ""Ageing and overdue validation"", ""reporting_basis"": ""R34 termination status account evidence"", ""sheet"": ""Data"", ""snapshot_date"": null, ""source_code"": ""R34"", ""source_file"": ""R34_Termination Status - Report -08-05-2026.xlsx"", ""validation_status"": ""passed""}, {""cell_or_range"": ""A2088:AD2088"", ""confidence_state"": ""live_validated"", ""has_lineage"": true, ""metric_key"": ""OWNER_B-13929_SSH-A1406"", ""metric_label"": ""Owner allocation validation"", ""reporting_basis"": ""R10 dues coverage allocation"", ""sheet"": ""Allocation"", ""snapshot_date"": ""2026-05-08 00:00:00"", ""source_code"": ""R10"", ""source_file"": ""R10_Dues Coverage summary report.xlsx"", ""validation_status"": ""passed""}]","{""source_action_title"": ""Follow PTP \u00b7 B-13929 / SSH-A1406""}","{""amount_aed"": 318929.0, ""as_of_date"": ""2026-05-09"", ""assigned_owner"": ""Farheen"", ""days_after_ptp"": 5, ""due_date"": null, ""escalation_status"": ""TERMINATION"", ""pr_status"": null, ""ptp_date"": ""2026-05-04"", ""ptp_status"": ""PENDING"", ""rule_id"": ""broken_ptp_promise"", ""thresholds"": {""high_risk_amount_aed"": 1000000, ""stale_days"": 7}, ""updated_at"": ""2026-05-09T16:36:52.038523Z"", ""workflow_state"": ""queued""}","{""dedupe_key"": ""dedupe::aa4d2fb3c111103698006a67"", ""notification_id"": ""notif::7e3c9ba5c9644406327de1d8"", ""rule_id"": ""broken_ptp_promise"", ""suppression_scope"": ""broken_ptp_promise:collector_ptp::B-13929::SSH-A1406:cco_gm_agm""}"
wf::collector_ptp::B-13929::SSH-A1406,collector_ptp::B-13929::SSH-A1406,queued,Farheen,,,,,evt_c54bc550c32ef61f,queued,system,batch8_seed,none,queued,2026-05-09T16:36:52.038523Z,notif::0c2adb7f7893647039c45081,termination_risk,manager_escalation,cco_gm_agm,critical,dedupe::7da17ab5213041d622740cbb,termination_risk:collector_ptp::B-13929::SSH-A1406:cco_gm_agm,2026-05-09T16:36:52.053761Z,disabled,in_app,B-13929,SSH-A1406,sobha_dubai,Sobha Dubai,318929.0,31-60,R10 PTP + R34 ageing/termination + R10 allocation owner evidence,live_validated_account_owner_ageing_lineaged,2b630ab8b7f43f9332e9011ef97b242d819de106a4356b3996b5f77dd3f785c5,2b630ab8b7f43f9332e9011ef97b242d819de106a4356b3996b5f77dd3f785c5,2b630ab8b7f43f9332e9011ef97b242d819de106a4356b3996b5f77dd3f785c5,2b630ab8b7f43f9332e9011ef97b242d819de106a4356b3996b5f77dd3f785c5,"[{""cell_or_range"": ""D35:AB35"", ""confidence_state"": ""live_validated"", ""has_lineage"": true, ""metric_key"": ""PTP_B-13929_SSH-A1406"", ""metric_label"": ""Promise-to-pay amount/date"", ""reporting_basis"": ""R10 PTP account promise"", ""sheet"": ""PTP Data"", ""snapshot_date"": ""2026-05-01"", ""source_code"": ""R10"", ""source_file"": ""R10_Dues Coverage summary report.xlsx"", ""validation_status"": ""passed""}, {""cell_or_range"": ""A3930:BT3930"", ""confidence_state"": ""live_validated"", ""has_lineage"": true, ""metric_key"": ""AGEING_B-13929_SSH-A1406"", ""metric_label"": ""Ageing and overdue validation"", ""reporting_basis"": ""R34 termination status account evidence"", ""sheet"": ""Data"", ""snapshot_date"": null, ""source_code"": ""R34"", ""source_file"": ""R34_Termination Status - Report -08-05-2026.xlsx"", ""validation_status"": ""passed""}, {""cell_or_range"": ""A2088:AD2088"", ""confidence_state"": ""live_validated"", ""has_lineage"": true, ""metric_key"": ""OWNER_B-13929_SSH-A1406"", ""metric_label"": ""Owner allocation validation"", ""reporting_basis"": ""R10 dues coverage allocation"", ""sheet"": ""Allocation"", ""snapshot_date"": ""2026-05-08 00:00:00"", ""source_code"": ""R10"", ""source_file"": ""R10_Dues Coverage summary report.xlsx"", ""validation_status"": ""passed""}]","{""source_action_title"": ""Follow PTP \u00b7 B-13929 / SSH-A1406""}","{""amount_aed"": 318929.0, ""as_of_date"": ""2026-05-09"", ""assigned_owner"": ""Farheen"", ""due_date"": null, ""escalation_status"": ""TERMINATION"", ""pr_status"": null, ""ptp_date"": ""2026-05-04"", ""ptp_status"": ""PENDING"", ""rule_id"": ""termination_risk"", ""thresholds"": {""high_risk_amount_aed"": 1000000, ""stale_days"": 7}, ""updated_at"": ""2026-05-09T16:36:52.038523Z"", ""workflow_state"": ""queued""}","{""dedupe_key"": ""dedupe::7da17ab5213041d622740cbb"", ""notification_id"": ""notif::0c2adb7f7893647039c45081"", ""rule_id"": ""termination_risk"", ""suppression_scope"": ""termination_risk:collector_ptp::B-13929::SSH-A1406:cco_gm_agm""}"
wf::collector_ptp::B-14700::SSH-A2504,collector_ptp::B-14700::SSH-A2504,queued,Farheen,,,,,evt_2cf3f5bd1c823693,queued,system,batch8_seed,none,queued,2026-05-09T16:36:52.037466Z,notif::338c03a993dc3cb2dab7a02c,termination_risk,manager_escalation,cco_gm_agm,critical,dedupe::2f422f74e37f88afc348118b,termination_risk:collector_ptp::B-14700::SSH-A2504:cco_gm_agm,2026-05-09T16:36:52.052380Z,disabled,in_app,B-14700,SSH-A2504,sobha_dubai,Sobha Dubai,1055615.3,180+,R10 PTP + R34 ageing/termination + R10 allocation owner evidence,live_validated_account_owner_ageing_lineaged,4be0aa942fe84a474830ff9c7091a73a687bae869f61e8c135f031d6624ae6a2,4be0aa942fe84a474830ff9c7091a73a687bae869f61e8c135f031d6624ae6a2,4be0aa942fe84a474830ff9c7091a73a687bae869f61e8c135f031d6624ae6a2,4be0aa942fe84a474830ff9c7091a73a687bae869f61e8c135f031d6624ae6a2,"[{""cell_or_range"": ""D38:AB38"", ""confidence_state"": ""live_validated"", ""has_lineage"": true, ""metric_key"": ""PTP_B-14700_SSH-A2504"", ""metric_label"": ""Promise-to-pay amount/date"", ""reporting_basis"": ""R10 PTP account promise"", ""sheet"": ""PTP Data"", ""snapshot_date"": ""2026-05-01"", ""source_code"": ""R10"", ""source_file"": ""R10_Dues Coverage summary report.xlsx"", ""validation_status"": ""passed""}, {""cell_or_range"": ""A4398:BT4398"", ""confidence_state"": ""live_validated"", ""has_lineage"": true, ""metric_key"": ""AGEING_B-14700_SSH-A2504"", ""metric_label"": ""Ageing and overdue validation"", ""reporting_basis"": ""R34 termination status account evidence"", ""sheet"": ""Data"", ""snapshot_date"": null, ""source_code"": ""R34"", ""source_file"": ""R34_Termination Status - Report -08-05-2026.xlsx"", ""validation_status"": ""passed""}, {""cell_or_range"": ""A2556:AD2556"", ""confidence_state"": ""live_validated"", ""has_lineage"": true, ""metric_key"": ""OWNER_B-14700_SSH-A2504"", ""metric_label"": ""Owner allocation validation"", ""reporting_basis"": ""R10 dues coverage allocation"", ""sheet"": ""Allocation"", ""snapshot_date"": ""2026-05-08 00:00:00"", ""source_code"": ""R10"", ""source_file"": ""R10_Dues Coverage summary report.xlsx"", ""validation_status"": ""passed""}]","{""source_action_title"": ""Follow PTP \u00b7 B-14700 / SSH-A2504""}","{""amount_aed"": 1055615.3, ""as_of_date"": ""2026-05-09"", ""assigned_owner"": ""Farheen"", ""due_date"": null, ""escalation_status"": ""TERMINATION"", ""pr_status"": null, ""ptp_date"": ""2026-05-15"", ""ptp_status"": ""PENDING"", ""rule_id"": ""termination_risk"", ""thresholds"": {""high_risk_amount_aed"": 1000000, ""stale_days"": 7}, ""updated_at"": ""2026-05-09T16:36:52.037466Z"", ""workflow_state"": ""queued""}","{""dedupe_key"": ""dedupe::2f422f74e37f88afc348118b"", ""notification_id"": ""notif::338c03a993dc3cb2dab7a02c"", ""rule_id"": ""termination_risk"", ""suppression_scope"": ""termination_risk:collector_ptp::B-14700::SSH-A2504:cco_gm_agm""}"
wf::collector_ptp::B-14845::SSH-A4401,collector_ptp::B-14845::SSH-A4401,queued,Farheen,,,,,evt_5b83ff883422db75,queued,system,batch8_seed,none,queued,2026-05-09T16:36:52.037323Z,notif::aa3c51f3f64a19ac87bb6113,termination_risk,manager_escalation,cco_gm_agm,critical,dedupe::3e50d80005617e67ae0a6415,termination_risk:collector_ptp::B-14845::SSH-A4401:cco_gm_agm,2026-05-09T16:36:52.051899Z,disabled,in_app,B-14845,SSH-A4401,sobha_dubai,Sobha Dubai,1072568.0,0-30,R10 PTP + R34 ageing/termination + R10 allocation owner evidence,live_validated_account_owner_ageing_lineaged,880884a0896871a829f883d1683118a9542b852e9e49d2178e9f709ae0043ee6,880884a0896871a829f883d1683118a9542b852e9e49d2178e9f709ae0043ee6,880884a0896871a829f883d1683118a9542b852e9e49d2178e9f709ae0043ee6,880884a0896871a829f883d1683118a9542b852e9e49d2178e9f709ae0043ee6,"[{""cell_or_range"": ""D51:AB51"", ""confidence_state"": ""live_validated"", ""has_lineage"": true, ""metric_key"": ""PTP_B-14845_SSH-A4401"", ""metric_label"": ""Promise-to-pay amount/date"", ""reporting_basis"": ""R10 PTP account promise"", ""sheet"": ""PTP Data"", ""snapshot_date"": ""2026-05-01"", ""source_code"": ""R10"", ""source_file"": ""R10_Dues Coverage summary report.xlsx"", ""validation_status"": ""passed""}, {""cell_or_range"": ""A5382:BT5382"", ""confidence_state"": ""live_validated"", ""has_lineage"": true, ""metric_key"": ""AGEING_B-14845_SSH-A4401"", ""metric_label"": ""Ageing and overdue validation"", ""reporting_basis"": ""R34 termination status account evidence"", ""sheet"": ""Data"", ""snapshot_date"": null, ""source_code"": ""R34"", ""source_file"": ""R34_Termination Status - Report -08-05-2026.xlsx"", ""validation_status"": ""passed""}, {""cell_or_range"": ""A3540:AD3540"", ""confidence_state"": ""live_validated"", ""has_lineage"": true, ""metric_key"": ""OWNER_B-14845_SSH-A4401"", ""metric_label"": ""Owner allocation validation"", ""reporting_basis"": ""R10 dues coverage allocation"", ""sheet"": ""Allocation"", ""snapshot_date"": ""2026-05-08 00:00:00"", ""source_code"": ""R10"", ""source_file"": ""R10_Dues Coverage summary report.xlsx"", ""validation_status"": ""passed""}]","{""source_action_title"": ""Follow PTP \u00b7 B-14845 / SSH-A4401""}","{""amount_aed"": 1072568.0, ""as_of_date"": ""2026-05-09"", ""assigned_owner"": ""Farheen"", ""due_date"": null, ""escalation_status"": ""TERMINATION"", ""pr_status"": null, ""ptp_date"": ""2026-05-14"", ""ptp_status"": ""PENDING"", ""rule_id"": ""termination_risk"", ""thresholds"": {""high_risk_amount_aed"": 1000000, ""stale_days"": 7}, ""updated_at"": ""2026-05-09T16:36:52.037323Z"", ""workflow_state"": ""queued""}","{""dedupe_key"": ""dedupe::3e50d80005617e67ae0a6415"", ""notification_id"": ""notif::aa3c51f3f64a19ac87bb6113"", ""rule_id"": ""termination_risk"", ""suppression_scope"": ""termination_risk:collector_ptp::B-14845::SSH-A4401:cco_gm_agm""}"
wf::collector_ptp::B-14879::SSH-A4701,collector_ptp::B-14879::SSH-A4701,queued,Farheen,,,,,evt_54a8902e16cf9d50,queued,system,batch8_seed,none,queued,2026-05-09T16:36:52.037179Z,notif::eab41daef5be25b8d09c019c,termination_risk,manager_escalation,cco_gm_agm,critical,dedupe::0a0ba3ab490a4339df9e5bef,termination_risk:collector_ptp::B-14879::SSH-A4701:cco_gm_agm,2026-05-09T16:36:52.051605Z,disabled,in_app,B-14879,SSH-A4701,sobha_dubai,Sobha Dubai,1136928.4,0-30,R10 PTP + R34 ageing/termination + R10 allocation owner evidence,live_validated_account_owner_ageing_lineaged,bbed6bedaeb33a48e038bda838db965ee767067c58fa8e59f2e194f3ce3a700a,bbed6bedaeb33a48e038bda838db965ee767067c58fa8e59f2e194f3ce3a700a,bbed6bedaeb33a48e038bda838db965ee767067c58fa8e59f2e194f3ce3a700a,bbed6bedaeb33a48e038bda838db965ee767067c58fa8e59f2e194f3ce3a700a,"[{""cell_or_range"": ""D44:AB44"", ""confidence_state"": ""live_validated"", ""has_lineage"": true, ""metric_key"": ""PTP_B-14879_SSH-A4701"", ""metric_label"": ""Promise-to-pay amount/date"", ""reporting_basis"": ""R10 PTP account promise"", ""sheet"": ""PTP Data"", ""snapshot_date"": ""2026-05-01"", ""source_code"": ""R10"", ""source_file"": ""R10_Dues Coverage summary report.xlsx"", ""validation_status"": ""passed""}, {""cell_or_range"": ""A5520:BT5520"", ""confidence_state"": ""live_validated"", ""has_lineage"": true, ""metric_key"": ""AGEING_B-14879_SSH-A4701"", ""metric_label"": ""Ageing and overdue validation"", ""reporting_basis"": ""R34 termination status account evidence"", ""sheet"": ""Data"", ""snapshot_date"": null, ""source_code"": ""R34"", ""source_file"": ""R34_Termination Status - Report -08-05-2026.xlsx"", ""validation_status"": ""passed""}, {""cell_or_range"": ""A3677:AD3677"", ""confidence_state"": ""live_validated"", ""has_lineage"": true, ""metric_key"": ""OWNER_B-14879_SSH-A4701"", ""metric_label"": ""Owner allocation validation"", ""reporting_basis"": ""R10 dues coverage allocation"", ""sheet"": ""Allocation"", ""snapshot_date"": ""2026-05-08 00:00:00"", ""source_code"": ""R10"", ""source_file"": ""R10_Dues Coverage summary report.xlsx"", ""validation_status"": ""passed""}]","{""source_action_title"": ""Follow PTP \u00b7 B-14879 / SSH-A4701""}","{""amount_aed"": 1136928.4, ""as_of_date"": ""2026-05-09"", ""assigned_owner"": ""Farheen"", ""due_date"": null, ""escalation_status"": ""TERMINATION"", ""pr_status"": null, ""ptp_date"": ""2026-05-10"", ""ptp_status"": ""PENDING"", ""rule_id"": ""termination_risk"", ""thresholds"": {""high_risk_amount_aed"": 1000000, ""stale_days"": 7}, ""updated_at"": ""2026-05-09T16:36:52.037179Z"", ""workflow_state"": ""queued""}","{""dedupe_key"": ""dedupe::0a0ba3ab490a4339df9e5bef"", ""notification_id"": ""notif::eab41daef5be25b8d09c019c"", ""rule_id"": ""termination_risk"", ""suppression_scope"": ""termination_risk:collector_ptp::B-14879::SSH-A4701:cco_gm_agm""}"
wf::collector_ptp::B-14882::SSH-A4703,collector_ptp::B-14882::SSH-A4703,queued,Farheen,,,,,evt_22e28bb2f4e33808,queued,system,batch8_seed,none,queued,2026-05-09T16:36:52.037766Z,notif::101fb4225b37ae4fe81aac38,termination_risk,manager_escalation,cco_gm_agm,critical,dedupe::e7104d39d18b0d6b3b7d76f2,termination_risk:collector_ptp::B-14882::SSH-A4703:cco_gm_agm,2026-05-09T16:36:52.052607Z,disabled,in_app,B-14882,SSH-A4703,sobha_dubai,Sobha Dubai,845564.18,180+,R10 PTP + R34 ageing/termination + R10 allocation owner evidence,live_validated_account_owner_ageing_lineaged,1726bf922ef5fc6f7ed0674cf52d2ddf778718b3a1cf7a441bf7e3bdfee15159,1726bf922ef5fc6f7ed0674cf52d2ddf778718b3a1cf7a441bf7e3bdfee15159,1726bf922ef5fc6f7ed0674cf52d2ddf778718b3a1cf7a441bf7e3bdfee15159,1726bf922ef5fc6f7ed0674cf52d2ddf778718b3a1cf7a441bf7e3bdfee15159,"[{""cell_or_range"": ""D43:AB43"", ""confidence_state"": ""live_validated"", ""has_lineage"": true, ""metric_key"": ""PTP_B-14882_SSH-A4703"", ""metric_label"": ""Promise-to-pay amount/date"", ""reporting_basis"": ""R10 PTP account promise"", ""sheet"": ""PTP Data"", ""snapshot_date"": ""2026-05-01"", ""source_code"": ""R10"", ""source_file"": ""R10_Dues Coverage summary report.xlsx"", ""validation_status"": ""passed""}, {""cell_or_range"": ""A5532:BT5532"", ""confidence_state"": ""live_validated"", ""has_lineage"": true, ""metric_key"": ""AGEING_B-14882_SSH-A4703"", ""metric_label"": ""Ageing and overdue validation"", ""reporting_basis"": ""R34 termination status account evidence"", ""sheet"": ""Data"", ""snapshot_date"": null, ""source_code"": ""R34"", ""source_file"": ""R34_Termination Status - Report -08-05-2026.xlsx"", ""validation_status"": ""passed""}, {""cell_or_range"": ""A3689:AD3689"", ""confidence_state"": ""live_validated"", ""has_lineage"": true, ""metric_key"": ""OWNER_B-14882_SSH-A4703"", ""metric_label"": ""Owner allocation validation"", ""reporting_basis"": ""R10 dues coverage allocation"", ""sheet"": ""Allocation"", ""snapshot_date"": ""2026-05-08 00:00:00"", ""source_code"": ""R10"", ""source_file"": ""R10_Dues Coverage summary report.xlsx"", ""validation_status"": ""passed""}]","{""source_action_title"": ""Follow PTP \u00b7 B-14882 / SSH-A4703""}","{""amount_aed"": 845564.18, ""as_of_date"": ""2026-05-09"", ""assigned_owner"": ""Farheen"", ""due_date"": null, ""escalation_status"": ""TERMINATION"", ""pr_status"": null, ""ptp_date"": ""2026-05-10"", ""ptp_status"": ""PENDING"", ""rule_id"": ""termination_risk"", ""thresholds"": {""high_risk_amount_aed"": 1000000, ""stale_days"": 7}, ""updated_at"": ""2026-05-09T16:36:52.037766Z"", ""workflow_state"": ""queued""}","{""dedupe_key"": ""dedupe::e7104d39d18b0d6b3b7d76f2"", ""notification_id"": ""notif::101fb4225b37ae4fe81aac38"", ""rule_id"": ""termination_risk"", ""suppression_scope"": ""termination_risk:collector_ptp::B-14882::SSH-A4703:cco_gm_agm""}"
wf::collector_ptp::B-14883::SSH-A4704,collector_ptp::B-14883::SSH-A4704,queued,Farheen,,,,,evt_84e4e59ffbcae73f,queued,system,batch8_seed,none,queued,2026-05-09T16:36:52.036860Z,notif::b34efe18582615aaecfc8199,termination_risk,manager_escalation,cco_gm_agm,critical,dedupe::acbfb3927175cbac854d7b7c,termination_risk:collector_ptp::B-14883::SSH-A4704:cco_gm_agm,2026-05-09T16:36:52.050971Z,disabled,in_app,B-14883,SSH-A4704,sobha_dubai,Sobha Dubai,1239048.65,0-30,R10 PTP + R34 ageing/termination + R10 allocation owner evidence,live_validated_account_owner_ageing_lineaged,13e6c457fab58ca5788ab1f6587ace9dc62a2397a8c9357ae2f69c12044b1069,13e6c457fab58ca5788ab1f6587ace9dc62a2397a8c9357ae2f69c12044b1069,13e6c457fab58ca5788ab1f6587ace9dc62a2397a8c9357ae2f69c12044b1069,13e6c457fab58ca5788ab1f6587ace9dc62a2397a8c9357ae2f69c12044b1069,"[{""cell_or_range"": ""D45:AB45"", ""confidence_state"": ""live_validated"", ""has_lineage"": true, ""metric_key"": ""PTP_B-14883_SSH-A4704"", ""metric_label"": ""Promise-to-pay amount/date"", ""reporting_basis"": ""R10 PTP account promise"", ""sheet"": ""PTP Data"", ""snapshot_date"": ""2026-05-01"", ""source_code"": ""R10"", ""source_file"": ""R10_Dues Coverage summary report.xlsx"", ""validation_status"": ""passed""}, {""cell_or_range"": ""A5538:BT5538"", ""confidence_state"": ""live_validated"", ""has_lineage"": true, ""metric_key"": ""AGEING_B-14883_SSH-A4704"", ""metric_label"": ""Ageing and overdue validation"", ""reporting_basis"": ""R34 termination status account evidence"", ""sheet"": ""Data"", ""snapshot_date"": null, ""source_code"": ""R34"", ""source_file"": ""R34_Termination Status - Report -08-05-2026.xlsx"", ""validation_status"": ""passed""}, {""cell_or_range"": ""A3695:AD3695"", ""confidence_state"": ""live_validated"", ""has_lineage"": true, ""metric_key"": ""OWNER_B-14883_SSH-A4704"", ""metric_label"": ""Owner allocation validation"", ""reporting_basis"": ""R10 dues coverage allocation"", ""sheet"": ""Allocation"", ""snapshot_date"": ""2026-05-08 00:00:00"", ""source_code"": ""R10"", ""source_file"": ""R10_Dues Coverage summary report.xlsx"", ""validation_status"": ""passed""}]","{""source_action_title"": ""Follow PTP \u00b7 B-14883 / SSH-A4704""}","{""amount_aed"": 1239048.65, ""as_of_date"": ""2026-05-09"", ""assigned_owner"": ""Farheen"", ""due_date"": null, ""escalation_status"": ""TERMINATION"", ""pr_status"": null, ""ptp_date"": ""2026-05-10"", ""ptp_status"": ""PENDING"", ""rule_id"": ""termination_risk"", ""thresholds"": {""high_risk_amount_aed"": 1000000, ""stale_days"": 7}, ""updated_at"": ""2026-05-09T16:36:52.036860Z"", ""workflow_state"": ""queued""}","{""dedupe_key"": ""dedupe::acbfb3927175cbac854d7b7c"", ""notification_id"": ""notif::b34efe18582615aaecfc8199"", ""rule_id"": ""termination_risk"", ""suppression_scope"": ""termination_risk:collector_ptp::B-14883::SSH-A4704:cco_gm_agm""}"
wf::collector_ptp::B-14961::SSH-A4301,collector_ptp::B-14961::SSH-A4301,queued,Farheen,,,,,evt_95b8de09ea213774,queued,system,batch8_seed,none,queued,2026-05-09T16:36:52.037395Z,notif::3fd4bc7cff6be6290af082a1,broken_ptp_promise,collector_rm_reminder,collector_rm,high,dedupe::70a8355fd6438df727e429b5,broken_ptp_promise:collector_ptp::B-14961::SSH-A4301:collector_rm,2026-05-09T16:36:52.052043Z,disabled,in_app,B-14961,SSH-A4301,sobha_dubai,Sobha Dubai,1059615.0,0-30,R10 PTP + R34 ageing/termination + R10 allocation owner evidence,live_validated_account_owner_ageing_lineaged,8f7194fc2738661a4b02515e5f488b541637cf3e393282045fbf937fff34c744,8f7194fc2738661a4b02515e5f488b541637cf3e393282045fbf937fff34c744,8f7194fc2738661a4b02515e5f488b541637cf3e393282045fbf937fff34c744,8f7194fc2738661a4b02515e5f488b541637cf3e393282045fbf937fff34c744,"[{""cell_or_range"": ""D62:AB62"", ""confidence_state"": ""live_validated"", ""has_lineage"": true, ""metric_key"": ""PTP_B-14961_SSH-A4301"", ""metric_label"": ""Promise-to-pay amount/date"", ""reporting_basis"": ""R10 PTP account promise"", ""sheet"": ""PTP Data"", ""snapshot_date"": ""2026-05-02"", ""source_code"": ""R10"", ""source_file"": ""R10_Dues Coverage summary report.xlsx"", ""validation_status"": ""passed""}, {""cell_or_range"": ""A5340:BT5340"", ""confidence_state"": ""live_validated"", ""has_lineage"": true, ""metric_key"": ""AGEING_B-14961_SSH-A4301"", ""metric_label"": ""Ageing and overdue validation"", ""reporting_basis"": ""R34 termination status account evidence"", ""sheet"": ""Data"", ""snapshot_date"": null, ""source_code"": ""R34"", ""source_file"": ""R34_Termination Status - Report -08-05-2026.xlsx"", ""validation_status"": ""passed""}, {""cell_or_range"": ""A3498:AD3498"", ""confidence_state"": ""live_validated"", ""has_lineage"": true, ""metric_key"": ""OWNER_B-14961_SSH-A4301"", ""metric_label"": ""Owner allocation validation"", ""reporting_basis"": ""R10 dues coverage allocation"", ""sheet"": ""Allocation"", ""snapshot_date"": ""2026-05-08 00:00:00"", ""source_code"": ""R10"", ""source_file"": ""R10_Dues Coverage summary report.xlsx"", ""validation_status"": ""passed""}]","{""source_action_title"": ""Follow PTP \u00b7 B-14961 / SSH-A4301""}","{""amount_aed"": 1059615.0, ""as_of_date"": ""2026-05-09"", ""assigned_owner"": ""Farheen"", ""days_after_ptp"": 4, ""due_date"": null, ""escalation_status"": ""TERMINATION"", ""pr_status"": null, ""ptp_date"": ""2026-05-05"", ""ptp_status"": ""PENDING"", ""rule_id"": ""broken_ptp_promise"", ""thresholds"": {""high_risk_amount_aed"": 1000000, ""stale_days"": 7}, ""updated_at"": ""2026-05-09T16:36:52.037395Z"", ""workflow_state"": ""queued""}","{""dedupe_key"": ""dedupe::70a8355fd6438df727e429b5"", ""notification_id"": ""notif::3fd4bc7cff6be6290af082a1"", ""rule_id"": ""broken_ptp_promise"", ""suppression_scope"": ""broken_ptp_promise:collector_ptp::B-14961::SSH-A4301:collector_rm""}"
wf::collector_ptp::B-14961::SSH-A4301,collector_ptp::B-14961::SSH-A4301,queued,Farheen,,,,,evt_95b8de09ea213774,queued,system,batch8_seed,none,queued,2026-05-09T16:36:52.037395Z,notif::415045f7b6ed69397f9b730a,broken_ptp_promise,manager_escalation,cco_gm_agm,high,dedupe::dc2f37074125ddca7f2f67b7,broken_ptp_promise:collector_ptp::B-14961::SSH-A4301:cco_gm_agm,2026-05-09T16:36:52.052132Z,disabled,in_app,B-14961,SSH-A4301,sobha_dubai,Sobha Dubai,1059615.0,0-30,R10 PTP + R34 ageing/termination + R10 allocation owner evidence,live_validated_account_owner_ageing_lineaged,8f7194fc2738661a4b02515e5f488b541637cf3e393282045fbf937fff34c744,8f7194fc2738661a4b02515e5f488b541637cf3e393282045fbf937fff34c744,8f7194fc2738661a4b02515e5f488b541637cf3e393282045fbf937fff34c744,8f7194fc2738661a4b02515e5f488b541637cf3e393282045fbf937fff34c744,"[{""cell_or_range"": ""D62:AB62"", ""confidence_state"": ""live_validated"", ""has_lineage"": true, ""metric_key"": ""PTP_B-14961_SSH-A4301"", ""metric_label"": ""Promise-to-pay amount/date"", ""reporting_basis"": ""R10 PTP account promise"", ""sheet"": ""PTP Data"", ""snapshot_date"": ""2026-05-02"", ""source_code"": ""R10"", ""source_file"": ""R10_Dues Coverage summary report.xlsx"", ""validation_status"": ""passed""}, {""cell_or_range"": ""A5340:BT5340"", ""confidence_state"": ""live_validated"", ""has_lineage"": true, ""metric_key"": ""AGEING_B-14961_SSH-A4301"", ""metric_label"": ""Ageing and overdue validation"", ""reporting_basis"": ""R34 termination status account evidence"", ""sheet"": ""Data"", ""snapshot_date"": null, ""source_code"": ""R34"", ""source_file"": ""R34_Termination Status - Report -08-05-2026.xlsx"", ""validation_status"": ""passed""}, {""cell_or_range"": ""A3498:AD3498"", ""confidence_state"": ""live_validated"", ""has_lineage"": true, ""metric_key"": ""OWNER_B-14961_SSH-A4301"", ""metric_label"": ""Owner allocation validation"", ""reporting_basis"": ""R10 dues coverage allocation"", ""sheet"": ""Allocation"", ""snapshot_date"": ""2026-05-08 00:00:00"", ""source_code"": ""R10"", ""source_file"": ""R10_Dues Coverage summary report.xlsx"", ""validation_status"": ""passed""}]","{""source_action_title"": ""Follow PTP \u00b7 B-14961 / SSH-A4301""}","{""amount_aed"": 1059615.0, ""as_of_date"": ""2026-05-09"", ""assigned_owner"": ""Farheen"", ""days_after_ptp"": 4, ""due_date"": null, ""escalation_status"": ""TERMINATION"", ""pr_status"": null, ""ptp_date"": ""2026-05-05"", ""ptp_status"": ""PENDING"", ""rule_id"": ""broken_ptp_promise"", ""thresholds"": {""high_risk_amount_aed"": 1000000, ""stale_days"": 7}, ""updated_at"": ""2026-05-09T16:36:52.037395Z"", ""workflow_state"": ""queued""}","{""dedupe_key"": ""dedupe::dc2f37074125ddca7f2f67b7"", ""notification_id"": ""notif::415045f7b6ed69397f9b730a"", ""rule_id"": ""broken_ptp_promise"", ""suppression_scope"": ""broken_ptp_promise:collector_ptp::B-14961::SSH-A4301:cco_gm_agm""}"
wf::collector_ptp::B-14961::SSH-A4301,collector_ptp::B-14961::SSH-A4301,queued,Farheen,,,,,evt_95b8de09ea213774,queued,system,batch8_seed,none,queued,2026-05-09T16:36:52.037395Z,notif::859af9a38c71750a0c574600,termination_risk,manager_escalation,cco_gm_agm,critical,dedupe::e1aed5e5629eda46095037ab,termination_risk:collector_ptp::B-14961::SSH-A4301:cco_gm_agm,2026-05-09T16:36:52.052232Z,disabled,in_app,B-14961,SSH-A4301,sobha_dubai,Sobha Dubai,1059615.0,0-30,R10 PTP + R34 ageing/termination + R10 allocation owner evidence,live_validated_account_owner_ageing_lineaged,8f7194fc2738661a4b02515e5f488b541637cf3e393282045fbf937fff34c744,8f7194fc2738661a4b02515e5f488b541637cf3e393282045fbf937fff34c744,8f7194fc2738661a4b02515e5f488b541637cf3e393282045fbf937fff34c744,8f7194fc2738661a4b02515e5f488b541637cf3e393282045fbf937fff34c744,"[{""cell_or_range"": ""D62:AB62"", ""confidence_state"": ""live_validated"", ""has_lineage"": true, ""metric_key"": ""PTP_B-14961_SSH-A4301"", ""metric_label"": ""Promise-to-pay amount/date"", ""reporting_basis"": ""R10 PTP account promise"", ""sheet"": ""PTP Data"", ""snapshot_date"": ""2026-05-02"", ""source_code"": ""R10"", ""source_file"": ""R10_Dues Coverage summary report.xlsx"", ""validation_status"": ""passed""}, {""cell_or_range"": ""A5340:BT5340"", ""confidence_state"": ""live_validated"", ""has_lineage"": true, ""metric_key"": ""AGEING_B-14961_SSH-A4301"", ""metric_label"": ""Ageing and overdue validation"", ""reporting_basis"": ""R34 termination status account evidence"", ""sheet"": ""Data"", ""snapshot_date"": null, ""source_code"": ""R34"", ""source_file"": ""R34_Termination Status - Report -08-05-2026.xlsx"", ""validation_status"": ""passed""}, {""cell_or_range"": ""A3498:AD3498"", ""confidence_state"": ""live_validated"", ""has_lineage"": true, ""metric_key"": ""OWNER_B-14961_SSH-A4301"", ""metric_label"": ""Owner allocation validation"", ""reporting_basis"": ""R10 dues coverage allocation"", ""sheet"": ""Allocation"", ""snapshot_date"": ""2026-05-08 00:00:00"", ""source_code"": ""R10"", ""source_file"": ""R10_Dues Coverage summary report.xlsx"", ""validation_status"": ""passed""}]","{""source_action_title"": ""Follow PTP \u00b7 B-14961 / SSH-A4301""}","{""amount_aed"": 1059615.0, ""as_of_date"": ""2026-05-09"", ""assigned_owner"": ""Farheen"", ""due_date"": null, ""escalation_status"": ""TERMINATION"", ""pr_status"": null, ""ptp_date"": ""2026-05-05"", ""ptp_status"": ""PENDING"", ""rule_id"": ""termination_risk"", ""thresholds"": {""high_risk_amount_aed"": 1000000, ""stale_days"": 7}, ""updated_at"": ""2026-05-09T16:36:52.037395Z"", ""workflow_state"": ""queued""}","{""dedupe_key"": ""dedupe::e1aed5e5629eda46095037ab"", ""notification_id"": ""notif::859af9a38c71750a0c574600"", ""rule_id"": ""termination_risk"", ""suppression_scope"": ""termination_risk:collector_ptp::B-14961::SSH-A4301:cco_gm_agm""}"
wf::collector_ptp::B-16483::SR-V_824,collector_ptp::B-16483::SR-V 824,queued,Hussein,,,,,evt_4bc666850522be75,queued,system,batch8_seed,none,queued,2026-05-09T16:36:52.038001Z,notif::fd109427290b2c26876fa599,termination_risk,manager_escalation,cco_gm_agm,critical,dedupe::f71ad6986ddd63d2f853f5af,termination_risk:collector_ptp::B-16483::SR-V 824:cco_gm_agm,2026-05-09T16:36:52.052848Z,disabled,in_app,B-16483,SR-V 824,sobha_dubai,Sobha Dubai,617000.0,121-180,R10 PTP + R34 ageing/termination + R10 allocation owner evidence,live_validated_account_owner_ageing_lineaged,20b0539e3a582d1f539ce4f1ad00a5f0f026e0ec08cf3e9b1a26526c22074b56,20b0539e3a582d1f539ce4f1ad00a5f0f026e0ec08cf3e9b1a26526c22074b56,20b0539e3a582d1f539ce4f1ad00a5f0f026e0ec08cf3e9b1a26526c22074b56,20b0539e3a582d1f539ce4f1ad00a5f0f026e0ec08cf3e9b1a26526c22074b56,"[{""cell_or_range"": ""D282:AB282"", ""confidence_state"": ""live_validated"", ""has_lineage"": true, ""metric_key"": ""PTP_B-16483_SR-V 824"", ""metric_label"": ""Promise-to-pay amount/date"", ""reporting_basis"": ""R10 PTP account promise"", ""sheet"": ""PTP Data"", ""snapshot_date"": ""2026-05-07"", ""source_code"": ""R10"", ""source_file"": ""R10_Dues Coverage summary report.xlsx"", ""validation_status"": ""passed""}, {""cell_or_range"": ""A15000:BT15000"", ""confidence_state"": ""live_validated"", ""has_lineage"": true, ""metric_key"": ""AGEING_B-16483_SR-V 824"", ""metric_label"": ""Ageing and overdue validation"", ""reporting_basis"": ""R34 termination status account evidence"", ""sheet"": ""Data"", ""snapshot_date"": null, ""source_code"": ""R34"", ""source_file"": ""R34_Termination Status - Report -08-05-2026.xlsx"", ""validation_status"": ""passed""}, {""cell_or_range"": ""A13149:AD13149"", ""confidence_state"": ""live_validated"", ""has_lineage"": true, ""metric_key"": ""OWNER_B-16483_SR-V 824"", ""metric_label"": ""Owner allocation validation"", ""reporting_basis"": ""R10 dues coverage allocation"", ""sheet"": ""Allocation"", ""snapshot_date"": ""2026-05-08 00:00:00"", ""source_code"": ""R10"", ""source_file"": ""R10_Dues Coverage summary report.xlsx"", ""validation_status"": ""passed""}]","{""source_action_title"": ""Follow PTP \u00b7 B-16483 / SR-V 824""}","{""amount_aed"": 617000.0, ""as_of_date"": ""2026-05-09"", ""assigned_owner"": ""Hussein"", ""due_date"": null, ""escalation_status"": ""TERMINATION"", ""pr_status"": null, ""ptp_date"": ""2026-05-27"", ""ptp_status"": ""PENDING"", ""rule_id"": ""termination_risk"", ""thresholds"": {""high_risk_amount_aed"": 1000000, ""stale_days"": 7}, ""updated_at"": ""2026-05-09T16:36:52.038001Z"", ""workflow_state"": ""queued""}","{""dedupe_key"": ""dedupe::f71ad6986ddd63d2f853f5af"", ""notification_id"": ""notif::fd109427290b2c26876fa599"", ""rule_id"": ""termination_risk"", ""suppression_scope"": ""termination_risk:collector_ptp::B-16483::SR-V 824:cco_gm_agm""}"
wf::collector_ptp::B-18291::CGC1405,collector_ptp::B-18291::CGC1405,queued,Sarmad,,,,,evt_b7ce09198cf62b43,queued,system,batch8_seed,none,queued,2026-05-09T16:36:52.036708Z,notif::e8afbe60290d08927a135240,broken_ptp_promise,collector_rm_reminder,collector_rm,high,dedupe::20b41b347eda9dda62413609,broken_ptp_promise:collector_ptp::B-18291::CGC1405:collector_rm,2026-05-09T16:36:52.050612Z,disabled,in_app,B-18291,CGC1405,sobha_dubai,Sobha Dubai,1723652.0,31-60,R10 PTP + R34 ageing/termination + R10 allocation owner evidence,live_validated_account_owner_ageing_lineaged,865d8d77eacc1e87b611e5bd93c6d88f1d8f3a0ed6c235d964a8824d24779d33,865d8d77eacc1e87b611e5bd93c6d88f1d8f3a0ed6c235d964a8824d24779d33,865d8d77eacc1e87b611e5bd93c6d88f1d8f3a0ed6c235d964a8824d24779d33,865d8d77eacc1e87b611e5bd93c6d88f1d8f3a0ed6c235d964a8824d24779d33,"[{""cell_or_range"": ""D76:AB76"", ""confidence_state"": ""live_validated"", ""has_lineage"": true, ""metric_key"": ""PTP_B-18291_CGC1405"", ""metric_label"": ""Promise-to-pay amount/date"", ""reporting_basis"": ""R10 PTP account promise"", ""sheet"": ""PTP Data"", ""snapshot_date"": ""2026-05-03"", ""source_code"": ""R10"", ""source_file"": ""R10_Dues Coverage summary report.xlsx"", ""validation_status"": ""passed""}, {""cell_or_range"": ""A4499:BT4499"", ""confidence_state"": ""live_validated"", ""has_lineage"": true, ""metric_key"": ""AGEING_B-18291_CGC1405"", ""metric_label"": ""Ageing and overdue validation"", ""reporting_basis"": ""R34 termination status account evidence"", ""sheet"": ""Data"", ""snapshot_date"": null, ""source_code"": ""R34"", ""source_file"": ""R34_Termination Status - Report -08-05-2026.xlsx"", ""validation_status"": ""passed""}, {""cell_or_range"": ""A3263:AD3263"", ""confidence_state"": ""live_validated"", ""has_lineage"": true, ""metric_key"": ""OWNER_B-18291_CGC1405"", ""metric_label"": ""Owner allocation validation"", ""reporting_basis"": ""R10 dues coverage allocation"", ""sheet"": ""Allocation"", ""snapshot_date"": ""2026-05-08 00:00:00"", ""source_code"": ""R10"", ""source_file"": ""R10_Dues Coverage summary report.xlsx"", ""validation_status"": ""passed""}]","{""source_action_title"": ""Follow PTP \u00b7 B-18291 / CGC1405""}","{""amount_aed"": 1723652.0, ""as_of_date"": ""2026-05-09"", ""assigned_owner"": ""Sarmad"", ""days_after_ptp"": 1, ""due_date"": null, ""escalation_status"": ""TERMINATION"", ""pr_status"": null, ""ptp_date"": ""2026-05-08"", ""ptp_status"": ""PENDING"", ""rule_id"": ""broken_ptp_promise"", ""thresholds"": {""high_risk_amount_aed"": 1000000, ""stale_days"": 7}, ""updated_at"": ""2026-05-09T16:36:52.036708Z"", ""workflow_state"": ""queued""}","{""dedupe_key"": ""dedupe::20b41b347eda9dda62413609"", ""notification_id"": ""notif::e8afbe60290d08927a135240"", ""rule_id"": ""broken_ptp_promise"", ""suppression_scope"": ""broken_ptp_promise:collector_ptp::B-18291::CGC1405:collector_rm""}"
wf::collector_ptp::B-18291::CGC1405,collector_ptp::B-18291::CGC1405,queued,Sarmad,,,,,evt_b7ce09198cf62b43,queued,system,batch8_seed,none,queued,2026-05-09T16:36:52.036708Z,notif::2d0d02b565d3ca403be47739,broken_ptp_promise,manager_escalation,cco_gm_agm,high,dedupe::8a8e131fa29a7bc31bec7cf4,broken_ptp_promise:collector_ptp::B-18291::CGC1405:cco_gm_agm,2026-05-09T16:36:52.050687Z,disabled,in_app,B-18291,CGC1405,sobha_dubai,Sobha Dubai,1723652.0,31-60,R10 PTP + R34 ageing/termination + R10 allocation owner evidence,live_validated_account_owner_ageing_lineaged,865d8d77eacc1e87b611e5bd93c6d88f1d8f3a0ed6c235d964a8824d24779d33,865d8d77eacc1e87b611e5bd93c6d88f1d8f3a0ed6c235d964a8824d24779d33,865d8d77eacc1e87b611e5bd93c6d88f1d8f3a0ed6c235d964a8824d24779d33,865d8d77eacc1e87b611e5bd93c6d88f1d8f3a0ed6c235d964a8824d24779d33,"[{""cell_or_range"": ""D76:AB76"", ""confidence_state"": ""live_validated"", ""has_lineage"": true, ""metric_key"": ""PTP_B-18291_CGC1405"", ""metric_label"": ""Promise-to-pay amount/date"", ""reporting_basis"": ""R10 PTP account promise"", ""sheet"": ""PTP Data"", ""snapshot_date"": ""2026-05-03"", ""source_code"": ""R10"", ""source_file"": ""R10_Dues Coverage summary report.xlsx"", ""validation_status"": ""passed""}, {""cell_or_range"": ""A4499:BT4499"", ""confidence_state"": ""live_validated"", ""has_lineage"": true, ""metric_key"": ""AGEING_B-18291_CGC1405"", ""metric_label"": ""Ageing and overdue validation"", ""reporting_basis"": ""R34 termination status account evidence"", ""sheet"": ""Data"", ""snapshot_date"": null, ""source_code"": ""R34"", ""source_file"": ""R34_Termination Status - Report -08-05-2026.xlsx"", ""validation_status"": ""passed""}, {""cell_or_range"": ""A3263:AD3263"", ""confidence_state"": ""live_validated"", ""has_lineage"": true, ""metric_key"": ""OWNER_B-18291_CGC1405"", ""metric_label"": ""Owner allocation validation"", ""reporting_basis"": ""R10 dues coverage allocation"", ""sheet"": ""Allocation"", ""snapshot_date"": ""2026-05-08 00:00:00"", ""source_code"": ""R10"", ""source_file"": ""R10_Dues Coverage summary report.xlsx"", ""validation_status"": ""passed""}]","{""source_action_title"": ""Follow PTP \u00b7 B-18291 / CGC1405""}","{""amount_aed"": 1723652.0, ""as_of_date"": ""2026-05-09"", ""assigned_owner"": ""Sarmad"", ""days_after_ptp"": 1, ""due_date"": null, ""escalation_status"": ""TERMINATION"", ""pr_status"": null, ""ptp_date"": ""2026-05-08"", ""ptp_status"": ""PENDING"", ""rule_id"": ""broken_ptp_promise"", ""thresholds"": {""high_risk_amount_aed"": 1000000, ""stale_days"": 7}, ""updated_at"": ""2026-05-09T16:36:52.036708Z"", ""workflow_state"": ""queued""}","{""dedupe_key"": ""dedupe::8a8e131fa29a7bc31bec7cf4"", ""notification_id"": ""notif::2d0d02b565d3ca403be47739"", ""rule_id"": ""broken_ptp_promise"", ""suppression_scope"": ""broken_ptp_promise:collector_ptp::B-18291::CGC1405:cco_gm_agm""}"
wf::collector_ptp::B-18291::CGC1405,collector_ptp::B-18291::CGC1405,queued,Sarmad,,,,,evt_b7ce09198cf62b43,queued,system,batch8_seed,none,queued,2026-05-09T16:36:52.036708Z,notif::e99ee49e421a68c5ed8d7999,termination_risk,manager_escalation,cco_gm_agm,critical,dedupe::3a5074f77b04ba2e55edefc7,termination_risk:collector_ptp::B-18291::CGC1405:cco_gm_agm,2026-05-09T16:36:52.050760Z,disabled,in_app,B-18291,CGC1405,sobha_dubai,Sobha Dubai,1723652.0,31-60,R10 PTP + R34 ageing/termination + R10 allocation owner evidence,live_validated_account_owner_ageing_lineaged,865d8d77eacc1e87b611e5bd93c6d88f1d8f3a0ed6c235d964a8824d24779d33,865d8d77eacc1e87b611e5bd93c6d88f1d8f3a0ed6c235d964a8824d24779d33,865d8d77eacc1e87b611e5bd93c6d88f1d8f3a0ed6c235d964a8824d24779d33,865d8d77eacc1e87b611e5bd93c6d88f1d8f3a0ed6c235d964a8824d24779d33,"[{""cell_or_range"": ""D76:AB76"", ""confidence_state"": ""live_validated"", ""has_lineage"": true, ""metric_key"": ""PTP_B-18291_CGC1405"", ""metric_label"": ""Promise-to-pay amount/date"", ""reporting_basis"": ""R10 PTP account promise"", ""sheet"": ""PTP Data"", ""snapshot_date"": ""2026-05-03"", ""source_code"": ""R10"", ""source_file"": ""R10_Dues Coverage summary report.xlsx"", ""validation_status"": ""passed""}, {""cell_or_range"": ""A4499:BT4499"", ""confidence_state"": ""live_validated"", ""has_lineage"": true, ""metric_key"": ""AGEING_B-18291_CGC1405"", ""metric_label"": ""Ageing and overdue validation"", ""reporting_basis"": ""R34 termination status account evidence"", ""sheet"": ""Data"", ""snapshot_date"": null, ""source_code"": ""R34"", ""source_file"": ""R34_Termination Status - Report -08-05-2026.xlsx"", ""validation_status"": ""passed""}, {""cell_or_range"": ""A3263:AD3263"", ""confidence_state"": ""live_validated"", ""has_lineage"": true, ""metric_key"": ""OWNER_B-18291_CGC1405"", ""metric_label"": ""Owner allocation validation"", ""reporting_basis"": ""R10 dues coverage allocation"", ""sheet"": ""Allocation"", ""snapshot_date"": ""2026-05-08 00:00:00"", ""source_code"": ""R10"", ""source_file"": ""R10_Dues Coverage summary report.xlsx"", ""validation_status"": ""passed""}]","{""source_action_title"": ""Follow PTP \u00b7 B-18291 / CGC1405""}","{""amount_aed"": 1723652.0, ""as_of_date"": ""2026-05-09"", ""assigned_owner"": ""Sarmad"", ""due_date"": null, ""escalation_status"": ""TERMINATION"", ""pr_status"": null, ""ptp_date"": ""2026-05-08"", ""ptp_status"": ""PENDING"", ""rule_id"": ""termination_risk"", ""thresholds"": {""high_risk_amount_aed"": 1000000, ""stale_days"": 7}, ""updated_at"": ""2026-05-09T16:36:52.036708Z"", ""workflow_state"": ""queued""}","{""dedupe_key"": ""dedupe::3a5074f77b04ba2e55edefc7"", ""notification_id"": ""notif::e99ee49e421a68c5ed8d7999"", ""rule_id"": ""termination_risk"", ""suppression_scope"": ""termination_risk:collector_ptp::B-18291::CGC1405:cco_gm_agm""}"
wf::collector_ptp::B-20209::340_RSC-5208,collector_ptp::B-20209::340 RSC-5208,queued,Nijish,,,,,evt_f00a2caf5d5bfcd7,queued,system,batch8_seed,none,queued,2026-05-09T16:36:52.038892Z,notif::1c15e18785ca4647c02f9e07,termination_risk,manager_escalation,cco_gm_agm,critical,dedupe::40da4f731125c4b39c467d98,termination_risk:collector_ptp::B-20209::340 RSC-5208:cco_gm_agm,2026-05-09T16:36:52.054461Z,disabled,in_app,B-20209,340 RSC-5208,sobha_dubai,Sobha Dubai,269780.0,91-120,R10 PTP + R34 ageing/termination + R10 allocation owner evidence,live_validated_account_owner_ageing_lineaged,2eef23da336071467581a0dfa5f0e8cb07a43541d5dfd2f972a9405d3f1a5950,2eef23da336071467581a0dfa5f0e8cb07a43541d5dfd2f972a9405d3f1a5950,2eef23da336071467581a0dfa5f0e8cb07a43541d5dfd2f972a9405d3f1a5950,2eef23da336071467581a0dfa5f0e8cb07a43541d5dfd2f972a9405d3f1a5950,"[{""cell_or_range"": ""D346:AB346"", ""confidence_state"": ""live_validated"", ""has_lineage"": true, ""metric_key"": ""PTP_B-20209_340 RSC-5208"", ""metric_label"": ""Promise-to-pay amount/date"", ""reporting_basis"": ""R10 PTP account promise"", ""sheet"": ""PTP Data"", ""snapshot_date"": ""2026-05-08"", ""source_code"": ""R10"", ""source_file"": ""R10_Dues Coverage summary report.xlsx"", ""validation_status"": ""passed""}, {""cell_or_range"": ""A11401:BT11401"", ""confidence_state"": ""live_validated"", ""has_lineage"": true, ""metric_key"": ""AGEING_B-20209_340 RSC-5208"", ""metric_label"": ""Ageing and overdue validation"", ""reporting_basis"": ""R34 termination status account evidence"", ""sheet"": ""Data"", ""snapshot_date"": null, ""source_code"": ""R34"", ""source_file"": ""R34_Termination Status - Report -08-05-2026.xlsx"", ""validation_status"": ""passed""}, {""cell_or_range"": ""A9132:AD9132"", ""confidence_state"": ""live_validated"", ""has_lineage"": true, ""metric_key"": ""OWNER_B-20209_340 RSC-5208"", ""metric_label"": ""Owner allocation validation"", ""reporting_basis"": ""R10 dues coverage allocation"", ""sheet"": ""Allocation"", ""snapshot_date"": ""2026-05-08 00:00:00"", ""source_code"": ""R10"", ""source_file"": ""R10_Dues Coverage summary report.xlsx"", ""validation_status"": ""passed""}]","{""source_action_title"": ""Follow PTP \u00b7 B-20209 / 340 RSC-5208""}","{""amount_aed"": 269780.0, ""as_of_date"": ""2026-05-09"", ""assigned_owner"": ""Nijish"", ""due_date"": null, ""escalation_status"": ""TERMINATION"", ""pr_status"": null, ""ptp_date"": ""2026-05-15"", ""ptp_status"": ""PENDING"", ""rule_id"": ""termination_risk"", ""thresholds"": {""high_risk_amount_aed"": 1000000, ""stale_days"": 7}, ""updated_at"": ""2026-05-09T16:36:52.038892Z"", ""workflow_state"": ""queued""}","{""dedupe_key"": ""dedupe::40da4f731125c4b39c467d98"", ""notification_id"": ""notif::1c15e18785ca4647c02f9e07"", ""rule_id"": ""termination_risk"", ""suppression_scope"": ""termination_risk:collector_ptp::B-20209::340 RSC-5208:cco_gm_agm""}"
wf::collector_ptp::B-21706::340_RSC-4105,collector_ptp::B-21706::340 RSC-4105,queued,Nijish,,,,,evt_4dc9fdd8a0d61ff6,queued,system,batch8_seed,none,queued,2026-05-09T16:36:52.038157Z,notif::000841af76de67a7ec90ff17,termination_risk,manager_escalation,cco_gm_agm,critical,dedupe::fc7532b4d15f58285152f780,termination_risk:collector_ptp::B-21706::340 RSC-4105:cco_gm_agm,2026-05-09T16:36:52.053055Z,disabled,in_app,B-21706,340 RSC-4105,sobha_dubai,Sobha Dubai,449085.0,180+,R10 PTP + R34 ageing/termination + R10 allocation owner evidence,live_validated_account_owner_ageing_lineaged,80c2d63d1d187b5c55014915700a1e36648aaa88bc5119314b761dcf1f9ff815,80c2d63d1d187b5c55014915700a1e36648aaa88bc5119314b761dcf1f9ff815,80c2d63d1d187b5c55014915700a1e36648aaa88bc5119314b761dcf1f9ff815,80c2d63d1d187b5c55014915700a1e36648aaa88bc5119314b761dcf1f9ff815,"[{""cell_or_range"": ""D233:AB233"", ""confidence_state"": ""live_validated"", ""has_lineage"": true, ""metric_key"": ""PTP_B-21706_340 RSC-4105"", ""metric_label"": ""Promise-to-pay amount/date"", ""reporting_basis"": ""R10 PTP account promise"", ""sheet"": ""PTP Data"", ""snapshot_date"": ""2026-05-06"", ""source_code"": ""R10"", ""source_file"": ""R10_Dues Coverage summary report.xlsx"", ""validation_status"": ""passed""}, {""cell_or_range"": ""A10777:BT10777"", ""confidence_state"": ""live_validated"", ""has_lineage"": true, ""metric_key"": ""AGEING_B-21706_340 RSC-4105"", ""metric_label"": ""Ageing and overdue validation"", ""reporting_basis"": ""R34 termination status account evidence"", ""sheet"": ""Data"", ""snapshot_date"": null, ""source_code"": ""R34"", ""source_file"": ""R34_Termination Status - Report -08-05-2026.xlsx"", ""validation_status"": ""passed""}, {""cell_or_range"": ""A8508:AD8508"", ""confidence_state"": ""live_validated"", ""has_lineage"": true, ""metric_key"": ""OWNER_B-21706_340 RSC-4105"", ""metric_label"": ""Owner allocation validation"", ""reporting_basis"": ""R10 dues coverage allocation"", ""sheet"": ""Allocation"", ""snapshot_date"": ""2026-05-08 00:00:00"", ""source_code"": ""R10"", ""source_file"": ""R10_Dues Coverage summary report.xlsx"", ""validation_status"": ""passed""}]","{""source_action_title"": ""Follow PTP \u00b7 B-21706 / 340 RSC-4105""}","{""amount_aed"": 449085.0, ""as_of_date"": ""2026-05-09"", ""assigned_owner"": ""Nijish"", ""due_date"": null, ""escalation_status"": ""TERMINATION"", ""pr_status"": null, ""ptp_date"": ""2026-05-13"", ""ptp_status"": ""PENDING"", ""rule_id"": ""termination_risk"", ""thresholds"": {""high_risk_amount_aed"": 1000000, ""stale_days"": 7}, ""updated_at"": ""2026-05-09T16:36:52.038157Z"", ""workflow_state"": ""queued""}","{""dedupe_key"": ""dedupe::fc7532b4d15f58285152f780"", ""notification_id"": ""notif::000841af76de67a7ec90ff17"", ""rule_id"": ""termination_risk"", ""suppression_scope"": ""termination_risk:collector_ptp::B-21706::340 RSC-4105:cco_gm_agm""}"
wf::collector_ptp::B-22231::SSH-A5503,collector_ptp::B-22231::SSH-A5503,stale,Farheen,,,,,evt_ae7f7eea29fef1c0,queued,system,batch8_seed,none,queued,2026-05-09T16:36:52.036209Z,notif::1fcdbf77ed0905b637c0933d,stale_workflow,manager_escalation,cco_gm_agm,medium,dedupe::362929ecaea8d3455856ab15,stale_workflow:collector_ptp::B-22231::SSH-A5503:cco_gm_agm,2026-05-09T16:36:52.049843Z,disabled,in_app,B-22231,SSH-A5503,sobha_dubai,Sobha Dubai,2931274.0,no_overdue,R10 PTP + R34 ageing/termination + R10 allocation owner evidence,live_validated_account_owner_ageing_lineaged,aafedfd332d9f18509d4f79a814e8ea9828921943ca054dc19092365b438cf99,aafedfd332d9f18509d4f79a814e8ea9828921943ca054dc19092365b438cf99,aafedfd332d9f18509d4f79a814e8ea9828921943ca054dc19092365b438cf99,aafedfd332d9f18509d4f79a814e8ea9828921943ca054dc19092365b438cf99,"[{""cell_or_range"": ""D52:AB52"", ""confidence_state"": ""live_validated"", ""has_lineage"": true, ""metric_key"": ""PTP_B-22231_SSH-A5503"", ""metric_label"": ""Promise-to-pay amount/date"", ""reporting_basis"": ""R10 PTP account promise"", ""sheet"": ""PTP Data"", ""snapshot_date"": ""2026-05-01"", ""source_code"": ""R10"", ""source_file"": ""R10_Dues Coverage summary report.xlsx"", ""validation_status"": ""passed""}, {""cell_or_range"": ""A2029:BT2029"", ""confidence_state"": ""live_validated"", ""has_lineage"": true, ""metric_key"": ""AGEING_B-22231_SSH-A5503"", ""metric_label"": ""Ageing and overdue validation"", ""reporting_basis"": ""R34 termination status account evidence"", ""sheet"": ""Data"", ""snapshot_date"": null, ""source_code"": ""R34"", ""source_file"": ""R34_Termination Status - Report -08-05-2026.xlsx"", ""validation_status"": ""passed""}, {""cell_or_range"": ""A16888:AD16888"", ""confidence_state"": ""live_validated"", ""has_lineage"": true, ""metric_key"": ""OWNER_B-22231_SSH-A5503"", ""metric_label"": ""Owner allocation validation"", ""reporting_basis"": ""R10 dues coverage allocation"", ""sheet"": ""Allocation"", ""snapshot_date"": ""2026-05-08 00:00:00"", ""source_code"": ""R10"", ""source_file"": ""R10_Dues Coverage summary report.xlsx"", ""validation_status"": ""passed""}]","{""source_action_title"": ""Follow PTP \u00b7 B-22231 / SSH-A5503""}","{""amount_aed"": 2931274.0, ""as_of_date"": ""2026-05-09"", ""assigned_owner"": ""Farheen"", ""days_since_update"": 0, ""due_date"": null, ""escalation_status"": ""TERMINATION"", ""pr_status"": null, ""ptp_date"": ""2026-05-12"", ""ptp_status"": ""PENDING"", ""rule_id"": ""stale_workflow"", ""thresholds"": {""high_risk_amount_aed"": 1000000, ""stale_days"": 7}, ""updated_at"": ""2026-05-09T16:36:52.049088Z"", ""workflow_state"": ""stale""}","{""dedupe_key"": ""dedupe::362929ecaea8d3455856ab15"", ""notification_id"": ""notif::1fcdbf77ed0905b637c0933d"", ""rule_id"": ""stale_workflow"", ""suppression_scope"": ""stale_workflow:collector_ptp::B-22231::SSH-A5503:cco_gm_agm""}"
wf::collector_ptp::B-22231::SSH-A5503,collector_ptp::B-22231::SSH-A5503,stale,Farheen,,,,,evt_ae7f7eea29fef1c0,queued,system,batch8_seed,none,queued,2026-05-09T16:36:52.036209Z,notif::9af1ffbb2e6fdb4c51848480,termination_risk,manager_escalation,cco_gm_agm,critical,dedupe::2bc08c7c7c169b853b45772c,termination_risk:collector_ptp::B-22231::SSH-A5503:cco_gm_agm,2026-05-09T16:36:52.049920Z,disabled,in_app,B-22231,SSH-A5503,sobha_dubai,Sobha Dubai,2931274.0,no_overdue,R10 PTP + R34 ageing/termination + R10 allocation owner evidence,live_validated_account_owner_ageing_lineaged,aafedfd332d9f18509d4f79a814e8ea9828921943ca054dc19092365b438cf99,aafedfd332d9f18509d4f79a814e8ea9828921943ca054dc19092365b438cf99,aafedfd332d9f18509d4f79a814e8ea9828921943ca054dc19092365b438cf99,aafedfd332d9f18509d4f79a814e8ea9828921943ca054dc19092365b438cf99,"[{""cell_or_range"": ""D52:AB52"", ""confidence_state"": ""live_validated"", ""has_lineage"": true, ""metric_key"": ""PTP_B-22231_SSH-A5503"", ""metric_label"": ""Promise-to-pay amount/date"", ""reporting_basis"": ""R10 PTP account promise"", ""sheet"": ""PTP Data"", ""snapshot_date"": ""2026-05-01"", ""source_code"": ""R10"", ""source_file"": ""R10_Dues Coverage summary report.xlsx"", ""validation_status"": ""passed""}, {""cell_or_range"": ""A2029:BT2029"", ""confidence_state"": ""live_validated"", ""has_lineage"": true, ""metric_key"": ""AGEING_B-22231_SSH-A5503"", ""metric_label"": ""Ageing and overdue validation"", ""reporting_basis"": ""R34 termination status account evidence"", ""sheet"": ""Data"", ""snapshot_date"": null, ""source_code"": ""R34"", ""source_file"": ""R34_Termination Status - Report -08-05-2026.xlsx"", ""validation_status"": ""passed""}, {""cell_or_range"": ""A16888:AD16888"", ""confidence_state"": ""live_validated"", ""has_lineage"": true, ""metric_key"": ""OWNER_B-22231_SSH-A5503"", ""metric_label"": ""Owner allocation validation"", ""reporting_basis"": ""R10 dues coverage allocation"", ""sheet"": ""Allocation"", ""snapshot_date"": ""2026-05-08 00:00:00"", ""source_code"": ""R10"", ""source_file"": ""R10_Dues Coverage summary report.xlsx"", ""validation_status"": ""passed""}]","{""source_action_title"": ""Follow PTP \u00b7 B-22231 / SSH-A5503""}","{""amount_aed"": 2931274.0, ""as_of_date"": ""2026-05-09"", ""assigned_owner"": ""Farheen"", ""due_date"": null, ""escalation_status"": ""TERMINATION"", ""pr_status"": null, ""ptp_date"": ""2026-05-12"", ""ptp_status"": ""PENDING"", ""rule_id"": ""termination_risk"", ""thresholds"": {""high_risk_amount_aed"": 1000000, ""stale_days"": 7}, ""updated_at"": ""2026-05-09T16:36:52.049088Z"", ""workflow_state"": ""stale""}","{""dedupe_key"": ""dedupe::2bc08c7c7c169b853b45772c"", ""notification_id"": ""notif::9af1ffbb2e6fdb4c51848480"", ""rule_id"": ""termination_risk"", ""suppression_scope"": ""termination_risk:collector_ptp::B-22231::SSH-A5503:cco_gm_agm""}"
wf::collector_ptp::B-22231::SSH-A5503,collector_ptp::B-22231::SSH-A5503,stale,Farheen,,,,,evt_93f3d4fbf0c5f4b4,stale,cco_gm_agm,batch10_seed_manager,queued,stale,2026-05-09T16:36:52.049088Z,notif::1fcdbf77ed0905b637c0933d,stale_workflow,manager_escalation,cco_gm_agm,medium,dedupe::362929ecaea8d3455856ab15,stale_workflow:collector_ptp::B-22231::SSH-A5503:cco_gm_agm,2026-05-09T16:36:52.049843Z,disabled,in_app,B-22231,SSH-A5503,sobha_dubai,Sobha Dubai,2931274.0,no_overdue,R10 PTP + R34 ageing/termination + R10 allocation owner evidence,live_validated_account_owner_ageing_lineaged,aafedfd332d9f18509d4f79a814e8ea9828921943ca054dc19092365b438cf99,aafedfd332d9f18509d4f79a814e8ea9828921943ca054dc19092365b438cf99,aafedfd332d9f18509d4f79a814e8ea9828921943ca054dc19092365b438cf99,aafedfd332d9f18509d4f79a814e8ea9828921943ca054dc19092365b438cf99,"[{""cell_or_range"": ""D52:AB52"", ""confidence_state"": ""live_validated"", ""has_lineage"": true, ""metric_key"": ""PTP_B-22231_SSH-A5503"", ""metric_label"": ""Promise-to-pay amount/date"", ""reporting_basis"": ""R10 PTP account promise"", ""sheet"": ""PTP Data"", ""snapshot_date"": ""2026-05-01"", ""source_code"": ""R10"", ""source_file"": ""R10_Dues Coverage summary report.xlsx"", ""validation_status"": ""passed""}, {""cell_or_range"": ""A2029:BT2029"", ""confidence_state"": ""live_validated"", ""has_lineage"": true, ""metric_key"": ""AGEING_B-22231_SSH-A5503"", ""metric_label"": ""Ageing and overdue validation"", ""reporting_basis"": ""R34 termination status account evidence"", ""sheet"": ""Data"", ""snapshot_date"": null, ""source_code"": ""R34"", ""source_file"": ""R34_Termination Status - Report -08-05-2026.xlsx"", ""validation_status"": ""passed""}, {""cell_or_range"": ""A16888:AD16888"", ""confidence_state"": ""live_validated"", ""has_lineage"": true, ""metric_key"": ""OWNER_B-22231_SSH-A5503"", ""metric_label"": ""Owner allocation validation"", ""reporting_basis"": ""R10 dues coverage allocation"", ""sheet"": ""Allocation"", ""snapshot_date"": ""2026-05-08 00:00:00"", ""source_code"": ""R10"", ""source_file"": ""R10_Dues Coverage summary report.xlsx"", ""validation_status"": ""passed""}]","{""stale_reason"": ""Batch 10 persistence stale seed""}","{""amount_aed"": 2931274.0, ""as_of_date"": ""2026-05-09"", ""assigned_owner"": ""Farheen"", ""days_since_update"": 0, ""due_date"": null, ""escalation_status"": ""TERMINATION"", ""pr_status"": null, ""ptp_date"": ""2026-05-12"", ""ptp_status"": ""PENDING"", ""rule_id"": ""stale_workflow"", ""thresholds"": {""high_risk_amount_aed"": 1000000, ""stale_days"": 7}, ""updated_at"": ""2026-05-09T16:36:52.049088Z"", ""workflow_state"": ""stale""}","{""dedupe_key"": ""dedupe::362929ecaea8d3455856ab15"", ""notification_id"": ""notif::1fcdbf77ed0905b637c0933d"", ""rule_id"": ""stale_workflow"", ""suppression_scope"": ""stale_workflow:collector_ptp::B-22231::SSH-A5503:cco_gm_agm""}"
wf::collector_ptp::B-22231::SSH-A5503,collector_ptp::B-22231::SSH-A5503,stale,Farheen,,,,,evt_93f3d4fbf0c5f4b4,stale,cco_gm_agm,batch10_seed_manager,queued,stale,2026-05-09T16:36:52.049088Z,notif::9af1ffbb2e6fdb4c51848480,termination_risk,manager_escalation,cco_gm_agm,critical,dedupe::2bc08c7c7c169b853b45772c,termination_risk:collector_ptp::B-22231::SSH-A5503:cco_gm_agm,2026-05-09T16:36:52.049920Z,disabled,in_app,B-22231,SSH-A5503,sobha_dubai,Sobha Dubai,2931274.0,no_overdue,R10 PTP + R34 ageing/termination + R10 allocation owner evidence,live_validated_account_owner_ageing_lineaged,aafedfd332d9f18509d4f79a814e8ea9828921943ca054dc19092365b438cf99,aafedfd332d9f18509d4f79a814e8ea9828921943ca054dc19092365b438cf99,aafedfd332d9f18509d4f79a814e8ea9828921943ca054dc19092365b438cf99,aafedfd332d9f18509d4f79a814e8ea9828921943ca054dc19092365b438cf99,"[{""cell_or_range"": ""D52:AB52"", ""confidence_state"": ""live_validated"", ""has_lineage"": true, ""metric_key"": ""PTP_B-22231_SSH-A5503"", ""metric_label"": ""Promise-to-pay amount/date"", ""reporting_basis"": ""R10 PTP account promise"", ""sheet"": ""PTP Data"", ""snapshot_date"": ""2026-05-01"", ""source_code"": ""R10"", ""source_file"": ""R10_Dues Coverage summary report.xlsx"", ""validation_status"": ""passed""}, {""cell_or_range"": ""A2029:BT2029"", ""confidence_state"": ""live_validated"", ""has_lineage"": true, ""metric_key"": ""AGEING_B-22231_SSH-A5503"", ""metric_label"": ""Ageing and overdue validation"", ""reporting_basis"": ""R34 termination status account evidence"", ""sheet"": ""Data"", ""snapshot_date"": null, ""source_code"": ""R34"", ""source_file"": ""R34_Termination Status - Report -08-05-2026.xlsx"", ""validation_status"": ""passed""}, {""cell_or_range"": ""A16888:AD16888"", ""confidence_state"": ""live_validated"", ""has_lineage"": true, ""metric_key"": ""OWNER_B-22231_SSH-A5503"", ""metric_label"": ""Owner allocation validation"", ""reporting_basis"": ""R10 dues coverage allocation"", ""sheet"": ""Allocation"", ""snapshot_date"": ""2026-05-08 00:00:00"", ""source_code"": ""R10"", ""source_file"": ""R10_Dues Coverage summary report.xlsx"", ""validation_status"": ""passed""}]","{""stale_reason"": ""Batch 10 persistence stale seed""}","{""amount_aed"": 2931274.0, ""as_of_date"": ""2026-05-09"", ""assigned_owner"": ""Farheen"", ""due_date"": null, ""escalation_status"": ""TERMINATION"", ""pr_status"": null, ""ptp_date"": ""2026-05-12"", ""ptp_status"": ""PENDING"", ""rule_id"": ""termination_risk"", ""thresholds"": {""high_risk_amount_aed"": 1000000, ""stale_days"": 7}, ""updated_at"": ""2026-05-09T16:36:52.049088Z"", ""workflow_state"": ""stale""}","{""dedupe_key"": ""dedupe::2bc08c7c7c169b853b45772c"", ""notification_id"": ""notif::9af1ffbb2e6fdb4c51848480"", ""rule_id"": ""termination_risk"", ""suppression_scope"": ""termination_risk:collector_ptp::B-22231::SSH-A5503:cco_gm_agm""}"
wf::collector_ptp::B-22616::SO-E807,collector_ptp::B-22616::SO-E807,queued,Rajiv,,,,,evt_bba783b2e7616e0f,queued,system,batch8_seed,none,queued,2026-05-09T16:36:52.038302Z,notif::90132b262e624f40d52f5f7c,termination_risk,manager_escalation,cco_gm_agm,critical,dedupe::71749fe9ce56259fb8a1a96d,termination_risk:collector_ptp::B-22616::SO-E807:cco_gm_agm,2026-05-09T16:36:52.053264Z,disabled,in_app,B-22616,SO-E807,sobha_dubai,Sobha Dubai,399151.0,61-90,R10 PTP + R34 ageing/termination + R10 allocation owner evidence,live_validated_account_owner_ageing_lineaged,86b577ce141cdc211e8af8d8dcd10bd2c4e2307681f279918929861dec6567e7,86b577ce141cdc211e8af8d8dcd10bd2c4e2307681f279918929861dec6567e7,86b577ce141cdc211e8af8d8dcd10bd2c4e2307681f279918929861dec6567e7,86b577ce141cdc211e8af8d8dcd10bd2c4e2307681f279918929861dec6567e7,"[{""cell_or_range"": ""D324:AB324"", ""confidence_state"": ""live_validated"", ""has_lineage"": true, ""metric_key"": ""PTP_B-22616_SO-E807"", ""metric_label"": ""Promise-to-pay amount/date"", ""reporting_basis"": ""R10 PTP account promise"", ""sheet"": ""PTP Data"", ""snapshot_date"": ""2026-05-08"", ""source_code"": ""R10"", ""source_file"": ""R10_Dues Coverage summary report.xlsx"", ""validation_status"": ""passed""}, {""cell_or_range"": ""A12564:BT12564"", ""confidence_state"": ""live_validated"", ""has_lineage"": true, ""metric_key"": ""AGEING_B-22616_SO-E807"", ""metric_label"": ""Ageing and overdue validation"", ""reporting_basis"": ""R34 termination status account evidence"", ""sheet"": ""Data"", ""snapshot_date"": null, ""source_code"": ""R34"", ""source_file"": ""R34_Termination Status - Report -08-05-2026.xlsx"", ""validation_status"": ""passed""}, {""cell_or_range"": ""A10714:AD10714"", ""confidence_state"": ""live_validated"", ""has_lineage"": true, ""metric_key"": ""OWNER_B-22616_SO-E807"", ""metric_label"": ""Owner allocation validation"", ""reporting_basis"": ""R10 dues coverage allocation"", ""sheet"": ""Allocation"", ""snapshot_date"": ""2026-05-08 00:00:00"", ""source_code"": ""R10"", ""source_file"": ""R10_Dues Coverage summary report.xlsx"", ""validation_status"": ""passed""}]","{""source_action_title"": ""Follow PTP \u00b7 B-22616 / SO-E807""}","{""amount_aed"": 399151.0, ""as_of_date"": ""2026-05-09"", ""assigned_owner"": ""Rajiv"", ""due_date"": null, ""escalation_status"": ""TERMINATION"", ""pr_status"": null, ""ptp_date"": ""2026-05-26"", ""ptp_status"": ""PENDING"", ""rule_id"": ""termination_risk"", ""thresholds"": {""high_risk_amount_aed"": 1000000, ""stale_days"": 7}, ""updated_at"": ""2026-05-09T16:36:52.038302Z"", ""workflow_state"": ""queued""}","{""dedupe_key"": ""dedupe::71749fe9ce56259fb8a1a96d"", ""notification_id"": ""notif::90132b262e624f40d52f5f7c"", ""rule_id"": ""termination_risk"", ""suppression_scope"": ""termination_risk:collector_ptp::B-22616::SO-E807:cco_gm_agm""}"
wf::collector_ptp::B-23176::SOR-A3012,collector_ptp::B-23176::SOR-A3012,queued,Zeba,,,,,evt_d0f0101b9d4fe9d2,queued,system,batch8_seed,none,queued,2026-05-09T16:36:52.038376Z,notif::5f27ec64f8e5b35d10e9dfd4,termination_risk,manager_escalation,cco_gm_agm,critical,dedupe::4fb19721e976599c03565ed9,termination_risk:collector_ptp::B-23176::SOR-A3012:cco_gm_agm,2026-05-09T16:36:52.053388Z,disabled,in_app,B-23176,SOR-A3012,sobha_dubai,Sobha Dubai,344633.97,180+,R10 PTP + R34 ageing/termination + R10 allocation owner evidence,live_validated_account_owner_ageing_lineaged,ea3c8e1351281c53ccd696936b9f9e84a16152c61d9e17896f45f231363751d2,ea3c8e1351281c53ccd696936b9f9e84a16152c61d9e17896f45f231363751d2,ea3c8e1351281c53ccd696936b9f9e84a16152c61d9e17896f45f231363751d2,ea3c8e1351281c53ccd696936b9f9e84a16152c61d9e17896f45f231363751d2,"[{""cell_or_range"": ""D186:AB186"", ""confidence_state"": ""live_validated"", ""has_lineage"": true, ""metric_key"": ""PTP_B-23176_SOR-A3012"", ""metric_label"": ""Promise-to-pay amount/date"", ""reporting_basis"": ""R10 PTP account promise"", ""sheet"": ""PTP Data"", ""snapshot_date"": ""2026-05-05"", ""source_code"": ""R10"", ""source_file"": ""R10_Dues Coverage summary report.xlsx"", ""validation_status"": ""passed""}, {""cell_or_range"": ""A23362:BT23362"", ""confidence_state"": ""live_validated"", ""has_lineage"": true, ""metric_key"": ""AGEING_B-23176_SOR-A3012"", ""metric_label"": ""Ageing and overdue validation"", ""reporting_basis"": ""R34 termination status account evidence"", ""sheet"": ""Data"", ""snapshot_date"": null, ""source_code"": ""R34"", ""source_file"": ""R34_Termination Status - Report -08-05-2026.xlsx"", ""validation_status"": ""passed""}, {""cell_or_range"": ""A22307:AD22307"", ""confidence_state"": ""live_validated"", ""has_lineage"": true, ""metric_key"": ""OWNER_B-23176_SOR-A3012"", ""metric_label"": ""Owner allocation validation"", ""reporting_basis"": ""R10 dues coverage allocation"", ""sheet"": ""Allocation"", ""snapshot_date"": ""2026-05-08 00:00:00"", ""source_code"": ""R10"", ""source_file"": ""R10_Dues Coverage summary report.xlsx"", ""validation_status"": ""passed""}]","{""source_action_title"": ""Follow PTP \u00b7 B-23176 / SOR-A3012""}","{""amount_aed"": 344633.97, ""as_of_date"": ""2026-05-09"", ""assigned_owner"": ""Zeba"", ""due_date"": null, ""escalation_status"": ""TERMINATION"", ""pr_status"": null, ""ptp_date"": ""2026-05-15"", ""ptp_status"": ""PENDING"", ""rule_id"": ""termination_risk"", ""thresholds"": {""high_risk_amount_aed"": 1000000, ""stale_days"": 7}, ""updated_at"": ""2026-05-09T16:36:52.038376Z"", ""workflow_state"": ""queued""}","{""dedupe_key"": ""dedupe::4fb19721e976599c03565ed9"", ""notification_id"": ""notif::5f27ec64f8e5b35d10e9dfd4"", ""rule_id"": ""termination_risk"", ""suppression_scope"": ""termination_risk:collector_ptp::B-23176::SOR-A3012:cco_gm_agm""}"
wf::collector_ptp::B-23557::SO-B3421,collector_ptp::B-23557::SO-B3421,queued,Oksana,,,,,evt_bc6dca1b402d14ae,queued,system,batch8_seed,none,queued,2026-05-09T16:36:52.038816Z,notif::8af84ef8f2da24041a149393,broken_ptp_promise,collector_rm_reminder,collector_rm,high,dedupe::a2dace9e587f3931e985cc70,broken_ptp_promise:collector_ptp::B-23557::SO-B3421:collector_rm,2026-05-09T16:36:52.054181Z,disabled,in_app,B-23557,SO-B3421,sobha_dubai,Sobha Dubai,282772.0,121-180,R10 PTP + R34 ageing/termination + R10 allocation owner evidence,live_validated_account_owner_ageing_lineaged,3b44a15f38f6b7a32783289225165a9753dcbd7d84f12221db1069e317ecb57a,3b44a15f38f6b7a32783289225165a9753dcbd7d84f12221db1069e317ecb57a,3b44a15f38f6b7a32783289225165a9753dcbd7d84f12221db1069e317ecb57a,3b44a15f38f6b7a32783289225165a9753dcbd7d84f12221db1069e317ecb57a,"[{""cell_or_range"": ""D64:AB64"", ""confidence_state"": ""live_validated"", ""has_lineage"": true, ""metric_key"": ""PTP_B-23557_SO-B3421"", ""metric_label"": ""Promise-to-pay amount/date"", ""reporting_basis"": ""R10 PTP account promise"", ""sheet"": ""PTP Data"", ""snapshot_date"": ""2026-05-02"", ""source_code"": ""R10"", ""source_file"": ""R10_Dues Coverage summary report.xlsx"", ""validation_status"": ""passed""}, {""cell_or_range"": ""A1255:BT1255"", ""confidence_state"": ""live_validated"", ""has_lineage"": true, ""metric_key"": ""AGEING_B-23557_SO-B3421"", ""metric_label"": ""Ageing and overdue validation"", ""reporting_basis"": ""R34 termination status account evidence"", ""sheet"": ""Data"", ""snapshot_date"": null, ""source_code"": ""R34"", ""source_file"": ""R34_Termination Status - Report -08-05-2026.xlsx"", ""validation_status"": ""passed""}, {""cell_or_range"": ""A16291:AD16291"", ""confidence_state"": ""live_validated"", ""has_lineage"": true, ""metric_key"": ""OWNER_B-23557_SO-B3421"", ""metric_label"": ""Owner allocation validation"", ""reporting_basis"": ""R10 dues coverage allocation"", ""sheet"": ""Allocation"", ""snapshot_date"": ""2026-05-08 00:00:00"", ""source_code"": ""R10"", ""source_file"": ""R10_Dues Coverage summary report.xlsx"", ""validation_status"": ""passed""}]","{""source_action_title"": ""Follow PTP \u00b7 B-23557 / SO-B3421""}","{""amount_aed"": 282772.0, ""as_of_date"": ""2026-05-09"", ""assigned_owner"": ""Oksana"", ""days_after_ptp"": 4, ""due_date"": null, ""escalation_status"": ""TERMINATION"", ""pr_status"": null, ""ptp_date"": ""2026-05-05"", ""ptp_status"": ""PENDING"", ""rule_id"": ""broken_ptp_promise"", ""thresholds"": {""high_risk_amount_aed"": 1000000, ""stale_days"": 7}, ""updated_at"": ""2026-05-09T16:36:52.038816Z"", ""workflow_state"": ""queued""}","{""dedupe_key"": ""dedupe::a2dace9e587f3931e985cc70"", ""notification_id"": ""notif::8af84ef8f2da24041a149393"", ""rule_id"": ""broken_ptp_promise"", ""suppression_scope"": ""broken_ptp_promise:collector_ptp::B-23557::SO-B3421:collector_rm""}"
wf::collector_ptp::B-23557::SO-B3421,collector_ptp::B-23557::SO-B3421,queued,Oksana,,,,,evt_bc6dca1b402d14ae,queued,system,batch8_seed,none,queued,2026-05-09T16:36:52.038816Z,notif::e9ce47007ce9a59a3e2c4985,broken_ptp_promise,manager_escalation,cco_gm_agm,high,dedupe::ee4d4ba87278238eea49b1f8,broken_ptp_promise:collector_ptp::B-23557::SO-B3421:cco_gm_agm,2026-05-09T16:36:52.054256Z,disabled,in_app,B-23557,SO-B3421,sobha_dubai,Sobha Dubai,282772.0,121-180,R10 PTP + R34 ageing/termination + R10 allocation owner evidence,live_validated_account_owner_ageing_lineaged,3b44a15f38f6b7a32783289225165a9753dcbd7d84f12221db1069e317ecb57a,3b44a15f38f6b7a32783289225165a9753dcbd7d84f12221db1069e317ecb57a,3b44a15f38f6b7a32783289225165a9753dcbd7d84f12221db1069e317ecb57a,3b44a15f38f6b7a32783289225165a9753dcbd7d84f12221db1069e317ecb57a,"[{""cell_or_range"": ""D64:AB64"", ""confidence_state"": ""live_validated"", ""has_lineage"": true, ""metric_key"": ""PTP_B-23557_SO-B3421"", ""metric_label"": ""Promise-to-pay amount/date"", ""reporting_basis"": ""R10 PTP account promise"", ""sheet"": ""PTP Data"", ""snapshot_date"": ""2026-05-02"", ""source_code"": ""R10"", ""source_file"": ""R10_Dues Coverage summary report.xlsx"", ""validation_status"": ""passed""}, {""cell_or_range"": ""A1255:BT1255"", ""confidence_state"": ""live_validated"", ""has_lineage"": true, ""metric_key"": ""AGEING_B-23557_SO-B3421"", ""metric_label"": ""Ageing and overdue validation"", ""reporting_basis"": ""R34 termination status account evidence"", ""sheet"": ""Data"", ""snapshot_date"": null, ""source_code"": ""R34"", ""source_file"": ""R34_Termination Status - Report -08-05-2026.xlsx"", ""validation_status"": ""passed""}, {""cell_or_range"": ""A16291:AD16291"", ""confidence_state"": ""live_validated"", ""has_lineage"": true, ""metric_key"": ""OWNER_B-23557_SO-B3421"", ""metric_label"": ""Owner allocation validation"", ""reporting_basis"": ""R10 dues coverage allocation"", ""sheet"": ""Allocation"", ""snapshot_date"": ""2026-05-08 00:00:00"", ""source_code"": ""R10"", ""source_file"": ""R10_Dues Coverage summary report.xlsx"", ""validation_status"": ""passed""}]","{""source_action_title"": ""Follow PTP \u00b7 B-23557 / SO-B3421""}","{""amount_aed"": 282772.0, ""as_of_date"": ""2026-05-09"", ""assigned_owner"": ""Oksana"", ""days_after_ptp"": 4, ""due_date"": null, ""escalation_status"": ""TERMINATION"", ""pr_status"": null, ""ptp_date"": ""2026-05-05"", ""ptp_status"": ""PENDING"", ""rule_id"": ""broken_ptp_promise"", ""thresholds"": {""high_risk_amount_aed"": 1000000, ""stale_days"": 7}, ""updated_at"": ""2026-05-09T16:36:52.038816Z"", ""workflow_state"": ""queued""}","{""dedupe_key"": ""dedupe::ee4d4ba87278238eea49b1f8"", ""notification_id"": ""notif::e9ce47007ce9a59a3e2c4985"", ""rule_id"": ""broken_ptp_promise"", ""suppression_scope"": ""broken_ptp_promise:collector_ptp::B-23557::SO-B3421:cco_gm_agm""}"
wf::collector_ptp::B-23557::SO-B3421,collector_ptp::B-23557::SO-B3421,queued,Oksana,,,,,evt_bc6dca1b402d14ae,queued,system,batch8_seed,none,queued,2026-05-09T16:36:52.038816Z,notif::4a35f705c0d006e352c9ec59,termination_risk,manager_escalation,cco_gm_agm,critical,dedupe::06e29cbc50892885a12cd2a2,termination_risk:collector_ptp::B-23557::SO-B3421:cco_gm_agm,2026-05-09T16:36:52.054330Z,disabled,in_app,B-23557,SO-B3421,sobha_dubai,Sobha Dubai,282772.0,121-180,R10 PTP + R34 ageing/termination + R10 allocation owner evidence,live_validated_account_owner_ageing_lineaged,3b44a15f38f6b7a32783289225165a9753dcbd7d84f12221db1069e317ecb57a,3b44a15f38f6b7a32783289225165a9753dcbd7d84f12221db1069e317ecb57a,3b44a15f38f6b7a32783289225165a9753dcbd7d84f12221db1069e317ecb57a,3b44a15f38f6b7a32783289225165a9753dcbd7d84f12221db1069e317ecb57a,"[{""cell_or_range"": ""D64:AB64"", ""confidence_state"": ""live_validated"", ""has_lineage"": true, ""metric_key"": ""PTP_B-23557_SO-B3421"", ""metric_label"": ""Promise-to-pay amount/date"", ""reporting_basis"": ""R10 PTP account promise"", ""sheet"": ""PTP Data"", ""snapshot_date"": ""2026-05-02"", ""source_code"": ""R10"", ""source_file"": ""R10_Dues Coverage summary report.xlsx"", ""validation_status"": ""passed""}, {""cell_or_range"": ""A1255:BT1255"", ""confidence_state"": ""live_validated"", ""has_lineage"": true, ""metric_key"": ""AGEING_B-23557_SO-B3421"", ""metric_label"": ""Ageing and overdue validation"", ""reporting_basis"": ""R34 termination status account evidence"", ""sheet"": ""Data"", ""snapshot_date"": null, ""source_code"": ""R34"", ""source_file"": ""R34_Termination Status - Report -08-05-2026.xlsx"", ""validation_status"": ""passed""}, {""cell_or_range"": ""A16291:AD16291"", ""confidence_state"": ""live_validated"", ""has_lineage"": true, ""metric_key"": ""OWNER_B-23557_SO-B3421"", ""metric_label"": ""Owner allocation validation"", ""reporting_basis"": ""R10 dues coverage allocation"", ""sheet"": ""Allocation"", ""snapshot_date"": ""2026-05-08 00:00:00"", ""source_code"": ""R10"", ""source_file"": ""R10_Dues Coverage summary report.xlsx"", ""validation_status"": ""passed""}]","{""source_action_title"": ""Follow PTP \u00b7 B-23557 / SO-B3421""}","{""amount_aed"": 282772.0, ""as_of_date"": ""2026-05-09"", ""assigned_owner"": ""Oksana"", ""due_date"": null, ""escalation_status"": ""TERMINATION"", ""pr_status"": null, ""ptp_date"": ""2026-05-05"", ""ptp_status"": ""PENDING"", ""rule_id"": ""termination_risk"", ""thresholds"": {""high_risk_amount_aed"": 1000000, ""stale_days"": 7}, ""updated_at"": ""2026-05-09T16:36:52.038816Z"", ""workflow_state"": ""queued""}","{""dedupe_key"": ""dedupe::06e29cbc50892885a12cd2a2"", ""notification_id"": ""notif::4a35f705c0d006e352c9ec59"", ""rule_id"": ""termination_risk"", ""suppression_scope"": ""termination_risk:collector_ptp::B-23557::SO-B3421:cco_gm_agm""}"
wf::collector_ptp::B-23772::SR-V_98,collector_ptp::B-23772::SR-V 98,queued,Hussein,,,,,evt_470c441c47307481,queued,system,batch8_seed,none,queued,2026-05-09T16:36:52.037253Z,notif::abd911f0044913639ddcb335,termination_risk,manager_escalation,cco_gm_agm,critical,dedupe::0ee7a928055fe39806ae7f83,termination_risk:collector_ptp::B-23772::SR-V 98:cco_gm_agm,2026-05-09T16:36:52.051749Z,disabled,in_app,B-23772,SR-V 98,sobha_dubai,Sobha Dubai,1100000.0,0-30,R10 PTP + R34 ageing/termination + R10 allocation owner evidence,live_validated_account_owner_ageing_lineaged,35d06f5edc39c97f802ab4705319df6a775cd63207d38688b92ac40b6b808882,35d06f5edc39c97f802ab4705319df6a775cd63207d38688b92ac40b6b808882,35d06f5edc39c97f802ab4705319df6a775cd63207d38688b92ac40b6b808882,35d06f5edc39c97f802ab4705319df6a775cd63207d38688b92ac40b6b808882,"[{""cell_or_range"": ""D168:AB168"", ""confidence_state"": ""live_validated"", ""has_lineage"": true, ""metric_key"": ""PTP_B-23772_SR-V 98"", ""metric_label"": ""Promise-to-pay amount/date"", ""reporting_basis"": ""R10 PTP account promise"", ""sheet"": ""PTP Data"", ""snapshot_date"": ""2026-05-05"", ""source_code"": ""R10"", ""source_file"": ""R10_Dues Coverage summary report.xlsx"", ""validation_status"": ""passed""}, {""cell_or_range"": ""A20656:BT20656"", ""confidence_state"": ""live_validated"", ""has_lineage"": true, ""metric_key"": ""AGEING_B-23772_SR-V 98"", ""metric_label"": ""Ageing and overdue validation"", ""reporting_basis"": ""R34 termination status account evidence"", ""sheet"": ""Data"", ""snapshot_date"": null, ""source_code"": ""R34"", ""source_file"": ""R34_Termination Status - Report -08-05-2026.xlsx"", ""validation_status"": ""passed""}, {""cell_or_range"": ""A19601:AD19601"", ""confidence_state"": ""live_validated"", ""has_lineage"": true, ""metric_key"": ""OWNER_B-23772_SR-V 98"", ""metric_label"": ""Owner allocation validation"", ""reporting_basis"": ""R10 dues coverage allocation"", ""sheet"": ""Allocation"", ""snapshot_date"": ""2026-05-08 00:00:00"", ""source_code"": ""R10"", ""source_file"": ""R10_Dues Coverage summary report.xlsx"", ""validation_status"": ""passed""}]","{""source_action_title"": ""Follow PTP \u00b7 B-23772 / SR-V 98""}","{""amount_aed"": 1100000.0, ""as_of_date"": ""2026-05-09"", ""assigned_owner"": ""Hussein"", ""due_date"": null, ""escalation_status"": ""TERMINATION"", ""pr_status"": null, ""ptp_date"": ""2026-05-09"", ""ptp_status"": ""PENDING"", ""rule_id"": ""termination_risk"", ""thresholds"": {""high_risk_amount_aed"": 1000000, ""stale_days"": 7}, ""updated_at"": ""2026-05-09T16:36:52.037253Z"", ""workflow_state"": ""queued""}","{""dedupe_key"": ""dedupe::0ee7a928055fe39806ae7f83"", ""notification_id"": ""notif::abd911f0044913639ddcb335"", ""rule_id"": ""termination_risk"", ""suppression_scope"": ""termination_risk:collector_ptp::B-23772::SR-V 98:cco_gm_agm""}"
wf::collector_ptp::B-24868::320_RSC-3504,collector_ptp::B-24868::320 RSC-3504,queued,Sid,,,,,evt_6a2aa0a90ba52d22,queued,system,batch8_seed,none,queued,2026-05-09T16:36:52.038669Z,notif::bb00e62bd5e60ad8981985e1,termination_risk,manager_escalation,cco_gm_agm,critical,dedupe::cc48415459ad0b88e8c7fe28,termination_risk:collector_ptp::B-24868::320 RSC-3504:cco_gm_agm,2026-05-09T16:36:52.053971Z,disabled,in_app,B-24868,320 RSC-3504,sobha_dubai,Sobha Dubai,310000.0,180+,R10 PTP + R34 ageing/termination + R10 allocation owner evidence,live_validated_account_owner_ageing_lineaged,80be617e4c021dd37b4b25d86dc17c50e67b4d0051febbee6b5a22f9d07d11de,80be617e4c021dd37b4b25d86dc17c50e67b4d0051febbee6b5a22f9d07d11de,80be617e4c021dd37b4b25d86dc17c50e67b4d0051febbee6b5a22f9d07d11de,80be617e4c021dd37b4b25d86dc17c50e67b4d0051febbee6b5a22f9d07d11de,"[{""cell_or_range"": ""D205:AB205"", ""confidence_state"": ""live_validated"", ""has_lineage"": true, ""metric_key"": ""PTP_B-24868_320 RSC-3504"", ""metric_label"": ""Promise-to-pay amount/date"", ""reporting_basis"": ""R10 PTP account promise"", ""sheet"": ""PTP Data"", ""snapshot_date"": ""2026-05-05"", ""source_code"": ""R10"", ""source_file"": ""R10_Dues Coverage summary report.xlsx"", ""validation_status"": ""passed""}, {""cell_or_range"": ""A7351:BT7351"", ""confidence_state"": ""live_validated"", ""has_lineage"": true, ""metric_key"": ""AGEING_B-24868_320 RSC-3504"", ""metric_label"": ""Ageing and overdue validation"", ""reporting_basis"": ""R34 termination status account evidence"", ""sheet"": ""Data"", ""snapshot_date"": null, ""source_code"": ""R34"", ""source_file"": ""R34_Termination Status - Report -08-05-2026.xlsx"", ""validation_status"": ""passed""}, {""cell_or_range"": ""A5088:AD5088"", ""confidence_state"": ""live_validated"", ""has_lineage"": true, ""metric_key"": ""OWNER_B-24868_320 RSC-3504"", ""metric_label"": ""Owner allocation validation"", ""reporting_basis"": ""R10 dues coverage allocation"", ""sheet"": ""Allocation"", ""snapshot_date"": ""2026-05-08 00:00:00"", ""source_code"": ""R10"", ""source_file"": ""R10_Dues Coverage summary report.xlsx"", ""validation_status"": ""passed""}]","{""source_action_title"": ""Follow PTP \u00b7 B-24868 / 320 RSC-3504""}","{""amount_aed"": 310000.0, ""as_of_date"": ""2026-05-09"", ""assigned_owner"": ""Sid"", ""due_date"": null, ""escalation_status"": ""TERMINATION"", ""pr_status"": null, ""ptp_date"": ""2026-05-24"", ""ptp_status"": ""PENDING"", ""rule_id"": ""termination_risk"", ""thresholds"": {""high_risk_amount_aed"": 1000000, ""stale_days"": 7}, ""updated_at"": ""2026-05-09T16:36:52.038669Z"", ""workflow_state"": ""queued""}","{""dedupe_key"": ""dedupe::cc48415459ad0b88e8c7fe28"", ""notification_id"": ""notif::bb00e62bd5e60ad8981985e1"", ""rule_id"": ""termination_risk"", ""suppression_scope"": ""termination_risk:collector_ptp::B-24868::320 RSC-3504:cco_gm_agm""}"
wf::collector_ptp::B-25151::SSH-C2404,collector_ptp::B-25151::SSH-C2404,queued,Lamis,,,,,evt_23941a76b6cb3b5a,queued,system,batch8_seed,none,queued,2026-05-09T16:36:52.037692Z,notif::9526c3df717726102e161397,termination_risk,manager_escalation,cco_gm_agm,critical,dedupe::4ad253991ca377f3bb611739,termination_risk:collector_ptp::B-25151::SSH-C2404:cco_gm_agm,2026-05-09T16:36:52.052504Z,disabled,in_app,B-25151,SSH-C2404,sobha_dubai,Sobha Dubai,1000000.0,61-90,R10 PTP + R34 ageing/termination + R10 allocation owner evidence,live_validated_account_owner_ageing_lineaged,6a7ae16e6c3a6cfbd3a9db3f436607ab9cbc709e8dccd11fda572fbc2881a12d,6a7ae16e6c3a6cfbd3a9db3f436607ab9cbc709e8dccd11fda572fbc2881a12d,6a7ae16e6c3a6cfbd3a9db3f436607ab9cbc709e8dccd11fda572fbc2881a12d,6a7ae16e6c3a6cfbd3a9db3f436607ab9cbc709e8dccd11fda572fbc2881a12d,"[{""cell_or_range"": ""D16:AB16"", ""confidence_state"": ""live_validated"", ""has_lineage"": true, ""metric_key"": ""PTP_B-25151_SSH-C2404"", ""metric_label"": ""Promise-to-pay amount/date"", ""reporting_basis"": ""R10 PTP account promise"", ""sheet"": ""PTP Data"", ""snapshot_date"": ""2026-05-01"", ""source_code"": ""R10"", ""source_file"": ""R10_Dues Coverage summary report.xlsx"", ""validation_status"": ""passed""}, {""cell_or_range"": ""A11839:BT11839"", ""confidence_state"": ""live_validated"", ""has_lineage"": true, ""metric_key"": ""AGEING_B-25151_SSH-C2404"", ""metric_label"": ""Ageing and overdue validation"", ""reporting_basis"": ""R34 termination status account evidence"", ""sheet"": ""Data"", ""snapshot_date"": null, ""source_code"": ""R34"", ""source_file"": ""R34_Termination Status - Report -08-05-2026.xlsx"", ""validation_status"": ""passed""}, {""cell_or_range"": ""A9570:AD9570"", ""confidence_state"": ""live_validated"", ""has_lineage"": true, ""metric_key"": ""OWNER_B-25151_SSH-C2404"", ""metric_label"": ""Owner allocation validation"", ""reporting_basis"": ""R10 dues coverage allocation"", ""sheet"": ""Allocation"", ""snapshot_date"": ""2026-05-08 00:00:00"", ""source_code"": ""R10"", ""source_file"": ""R10_Dues Coverage summary report.xlsx"", ""validation_status"": ""passed""}]","{""source_action_title"": ""Follow PTP \u00b7 B-25151 / SSH-C2404""}","{""amount_aed"": 1000000.0, ""as_of_date"": ""2026-05-09"", ""assigned_owner"": ""Lamis"", ""due_date"": null, ""escalation_status"": ""TERMINATION"", ""pr_status"": null, ""ptp_date"": ""2026-05-16"", ""ptp_status"": ""PENDING"", ""rule_id"": ""termination_risk"", ""thresholds"": {""high_risk_amount_aed"": 1000000, ""stale_days"": 7}, ""updated_at"": ""2026-05-09T16:36:52.037692Z"", ""workflow_state"": ""queued""}","{""dedupe_key"": ""dedupe::4ad253991ca377f3bb611739"", ""notification_id"": ""notif::9526c3df717726102e161397"", ""rule_id"": ""termination_risk"", ""suppression_scope"": ""termination_risk:collector_ptp::B-25151::SSH-C2404:cco_gm_agm""}"
wf::collector_ptp::B-25426::SSH-A1605,collector_ptp::B-25426::SSH-A1605,queued,Aqsa,,,,,evt_00657720d58f0e93,queued,system,batch8_seed,none,queued,2026-05-09T16:36:52.038080Z,notif::1293f52c947baadd08d0c46c,termination_risk,manager_escalation,cco_gm_agm,critical,dedupe::9db55ce0efe65c2c911caadb,termination_risk:collector_ptp::B-25426::SSH-A1605:cco_gm_agm,2026-05-09T16:36:52.052952Z,disabled,in_app,B-25426,SSH-A1605,sobha_dubai,Sobha Dubai,569646.0,31-60,R10 PTP + R34 ageing/termination + R10 allocation owner evidence,live_validated_account_owner_ageing_lineaged,49eacb442ec5f0f52def379aa8f2bb4e9fdaec7f45bf439e6a4f31e1a797eae9,49eacb442ec5f0f52def379aa8f2bb4e9fdaec7f45bf439e6a4f31e1a797eae9,49eacb442ec5f0f52def379aa8f2bb4e9fdaec7f45bf439e6a4f31e1a797eae9,49eacb442ec5f0f52def379aa8f2bb4e9fdaec7f45bf439e6a4f31e1a797eae9,"[{""cell_or_range"": ""D32:AB32"", ""confidence_state"": ""live_validated"", ""has_lineage"": true, ""metric_key"": ""PTP_B-25426_SSH-A1605"", ""metric_label"": ""Promise-to-pay amount/date"", ""reporting_basis"": ""R10 PTP account promise"", ""sheet"": ""PTP Data"", ""snapshot_date"": ""2026-05-01"", ""source_code"": ""R10"", ""source_file"": ""R10_Dues Coverage summary report.xlsx"", ""validation_status"": ""passed""}, {""cell_or_range"": ""A4020:BT4020"", ""confidence_state"": ""live_validated"", ""has_lineage"": true, ""metric_key"": ""AGEING_B-25426_SSH-A1605"", ""metric_label"": ""Ageing and overdue validation"", ""reporting_basis"": ""R34 termination status account evidence"", ""sheet"": ""Data"", ""snapshot_date"": null, ""source_code"": ""R34"", ""source_file"": ""R34_Termination Status - Report -08-05-2026.xlsx"", ""validation_status"": ""passed""}, {""cell_or_range"": ""A2178:AD2178"", ""confidence_state"": ""live_validated"", ""has_lineage"": true, ""metric_key"": ""OWNER_B-25426_SSH-A1605"", ""metric_label"": ""Owner allocation validation"", ""reporting_basis"": ""R10 dues coverage allocation"", ""sheet"": ""Allocation"", ""snapshot_date"": ""2026-05-08 00:00:00"", ""source_code"": ""R10"", ""source_file"": ""R10_Dues Coverage summary report.xlsx"", ""validation_status"": ""passed""}]","{""source_action_title"": ""Follow PTP \u00b7 B-25426 / SSH-A1605""}","{""amount_aed"": 569646.0, ""as_of_date"": ""2026-05-09"", ""assigned_owner"": ""Aqsa"", ""due_date"": null, ""escalation_status"": ""TERMINATION"", ""pr_status"": null, ""ptp_date"": ""2026-05-15"", ""ptp_status"": ""PENDING"", ""rule_id"": ""termination_risk"", ""thresholds"": {""high_risk_amount_aed"": 1000000, ""stale_days"": 7}, ""updated_at"": ""2026-05-09T16:36:52.038080Z"", ""workflow_state"": ""queued""}","{""dedupe_key"": ""dedupe::9db55ce0efe65c2c911caadb"", ""notification_id"": ""notif::1293f52c947baadd08d0c46c"", ""rule_id"": ""termination_risk"", ""suppression_scope"": ""termination_risk:collector_ptp::B-25426::SSH-A1605:cco_gm_agm""}"
wf::collector_ptp::B-28431::SSH-C2104,collector_ptp::B-28431::SSH-C2104,queued,Lamis,,,,,evt_765a3ca736f36e53,queued,system,batch8_seed,none,queued,2026-05-09T16:36:52.036633Z,notif::2fc28a18d489f0d0b464bd1a,termination_risk,manager_escalation,cco_gm_agm,critical,dedupe::0787c95bfff186bb5678a030,termination_risk:collector_ptp::B-28431::SSH-C2104:cco_gm_agm,2026-05-09T16:36:52.050488Z,disabled,in_app,B-28431,SSH-C2104,sobha_dubai,Sobha Dubai,1900000.0,180+,R10 PTP + R34 ageing/termination + R10 allocation owner evidence,live_validated_account_owner_ageing_lineaged,cf63550ef6efba4bf989f9eb56ab811198c4b8656eb88dbcfef0f16a78af31ab,cf63550ef6efba4bf989f9eb56ab811198c4b8656eb88dbcfef0f16a78af31ab,cf63550ef6efba4bf989f9eb56ab811198c4b8656eb88dbcfef0f16a78af31ab,cf63550ef6efba4bf989f9eb56ab811198c4b8656eb88dbcfef0f16a78af31ab,"[{""cell_or_range"": ""D14:AB14"", ""confidence_state"": ""live_validated"", ""has_lineage"": true, ""metric_key"": ""PTP_B-28431_SSH-C2104"", ""metric_label"": ""Promise-to-pay amount/date"", ""reporting_basis"": ""R10 PTP account promise"", ""sheet"": ""PTP Data"", ""snapshot_date"": ""2026-05-01"", ""source_code"": ""R10"", ""source_file"": ""R10_Dues Coverage summary report.xlsx"", ""validation_status"": ""passed""}, {""cell_or_range"": ""A11815:BT11815"", ""confidence_state"": ""live_validated"", ""has_lineage"": true, ""metric_key"": ""AGEING_B-28431_SSH-C2104"", ""metric_label"": ""Ageing and overdue validation"", ""reporting_basis"": ""R34 termination status account evidence"", ""sheet"": ""Data"", ""snapshot_date"": null, ""source_code"": ""R34"", ""source_file"": ""R34_Termination Status - Report -08-05-2026.xlsx"", ""validation_status"": ""passed""}, {""cell_or_range"": ""A9546:AD9546"", ""confidence_state"": ""live_validated"", ""has_lineage"": true, ""metric_key"": ""OWNER_B-28431_SSH-C2104"", ""metric_label"": ""Owner allocation validation"", ""reporting_basis"": ""R10 dues coverage allocation"", ""sheet"": ""Allocation"", ""snapshot_date"": ""2026-05-08 00:00:00"", ""source_code"": ""R10"", ""source_file"": ""R10_Dues Coverage summary report.xlsx"", ""validation_status"": ""passed""}]","{""source_action_title"": ""Follow PTP \u00b7 B-28431 / SSH-C2104""}","{""amount_aed"": 1900000.0, ""as_of_date"": ""2026-05-09"", ""assigned_owner"": ""Lamis"", ""due_date"": null, ""escalation_status"": ""TERMINATION"", ""pr_status"": null, ""ptp_date"": ""2026-05-29"", ""ptp_status"": ""PENDING"", ""rule_id"": ""termination_risk"", ""thresholds"": {""high_risk_amount_aed"": 1000000, ""stale_days"": 7}, ""updated_at"": ""2026-05-09T16:36:52.036633Z"", ""workflow_state"": ""queued""}","{""dedupe_key"": ""dedupe::0787c95bfff186bb5678a030"", ""notification_id"": ""notif::2fc28a18d489f0d0b464bd1a"", ""rule_id"": ""termination_risk"", ""suppression_scope"": ""termination_risk:collector_ptp::B-28431::SSH-C2104:cco_gm_agm""}"
wf::collector_ptp::B-31567::SAV-1114,collector_ptp::B-31567::SAV-1114,queued,Ainur,,,,,evt_f898a3387fe8169c,queued,system,batch8_seed,none,queued,2026-05-09T16:36:52.038230Z,notif::36671c012347745e1c741688,termination_risk,manager_escalation,cco_gm_agm,critical,dedupe::451b395ef4eaedec7471fc28,termination_risk:collector_ptp::B-31567::SAV-1114:cco_gm_agm,2026-05-09T16:36:52.053161Z,disabled,in_app,B-31567,SAV-1114,sobha_dubai,Sobha Dubai,408482.0,121-180,R10 PTP + R34 ageing/termination + R10 allocation owner evidence,live_validated_account_owner_ageing_lineaged,c3842896a9c78ae8ad6c6ee7a03437b4dc899fb890529d18016ed44c609241de,c3842896a9c78ae8ad6c6ee7a03437b4dc899fb890529d18016ed44c609241de,c3842896a9c78ae8ad6c6ee7a03437b4dc899fb890529d18016ed44c609241de,c3842896a9c78ae8ad6c6ee7a03437b4dc899fb890529d18016ed44c609241de,"[{""cell_or_range"": ""D182:AB182"", ""confidence_state"": ""live_validated"", ""has_lineage"": true, ""metric_key"": ""PTP_B-31567_SAV-1114"", ""metric_label"": ""Promise-to-pay amount/date"", ""reporting_basis"": ""R10 PTP account promise"", ""sheet"": ""PTP Data"", ""snapshot_date"": ""2026-05-05"", ""source_code"": ""R10"", ""source_file"": ""R10_Dues Coverage summary report.xlsx"", ""validation_status"": ""passed""}, {""cell_or_range"": ""A20496:BT20496"", ""confidence_state"": ""live_validated"", ""has_lineage"": true, ""metric_key"": ""AGEING_B-31567_SAV-1114"", ""metric_label"": ""Ageing and overdue validation"", ""reporting_basis"": ""R34 termination status account evidence"", ""sheet"": ""Data"", ""snapshot_date"": null, ""source_code"": ""R34"", ""source_file"": ""R34_Termination Status - Report -08-05-2026.xlsx"", ""validation_status"": ""passed""}, {""cell_or_range"": ""A19129:AD19129"", ""confidence_state"": ""live_validated"", ""has_lineage"": true, ""metric_key"": ""OWNER_B-31567_SAV-1114"", ""metric_label"": ""Owner allocation validation"", ""reporting_basis"": ""R10 dues coverage allocation"", ""sheet"": ""Allocation"", ""snapshot_date"": ""2026-05-08 00:00:00"", ""source_code"": ""R10"", ""source_file"": ""R10_Dues Coverage summary report.xlsx"", ""validation_status"": ""passed""}]","{""source_action_title"": ""Follow PTP \u00b7 B-31567 / SAV-1114""}","{""amount_aed"": 408482.0, ""as_of_date"": ""2026-05-09"", ""assigned_owner"": ""Ainur"", ""due_date"": null, ""escalation_status"": ""TERMINATION"", ""pr_status"": null, ""ptp_date"": ""2026-05-31"", ""ptp_status"": ""PENDING"", ""rule_id"": ""termination_risk"", ""thresholds"": {""high_risk_amount_aed"": 1000000, ""stale_days"": 7}, ""updated_at"": ""2026-05-09T16:36:52.038230Z"", ""workflow_state"": ""queued""}","{""dedupe_key"": ""dedupe::451b395ef4eaedec7471fc28"", ""notification_id"": ""notif::36671c012347745e1c741688"", ""rule_id"": ""termination_risk"", ""suppression_scope"": ""termination_risk:collector_ptp::B-31567::SAV-1114:cco_gm_agm""}"
wf::collector_ptp::B-33762::SEL-V_017,collector_ptp::B-33762::SEL-V 017,queued,karan,,,,,evt_91b2010ee90e9427,queued,system,batch8_seed,none,queued,2026-05-09T16:36:52.037840Z,,,,,,,,,,,B-33762,SEL-V 017,sobha_dubai,Sobha Dubai,794990.0,180+,R10 PTP + R34 ageing/termination + R10 allocation owner evidence,live_validated_account_owner_ageing_lineaged,aca8e3e22993ce9503e015c06ce82ef70804a3f0191fa6f8928b38dbcca3b866,aca8e3e22993ce9503e015c06ce82ef70804a3f0191fa6f8928b38dbcca3b866,,,"[{""cell_or_range"": ""D106:AB106"", ""confidence_state"": ""live_validated"", ""has_lineage"": true, ""metric_key"": ""PTP_B-33762_SEL-V 017"", ""metric_label"": ""Promise-to-pay amount/date"", ""reporting_basis"": ""R10 PTP account promise"", ""sheet"": ""PTP Data"", ""snapshot_date"": ""2026-05-04"", ""source_code"": ""R10"", ""source_file"": ""R10_Dues Coverage summary report.xlsx"", ""validation_status"": ""passed""}, {""cell_or_range"": ""A17714:BT17714"", ""confidence_state"": ""live_validated"", ""has_lineage"": true, ""metric_key"": ""AGEING_B-33762_SEL-V 017"", ""metric_label"": ""Ageing and overdue validation"", ""reporting_basis"": ""R34 termination status account evidence"", ""sheet"": ""Data"", ""snapshot_date"": null, ""source_code"": ""R34"", ""source_file"": ""R34_Termination Status - Report -08-05-2026.xlsx"", ""validation_status"": ""passed""}, {""cell_or_range"": ""A24868:AD24868"", ""confidence_state"": ""live_validated"", ""has_lineage"": true, ""metric_key"": ""OWNER_B-33762_SEL-V 017"", ""metric_label"": ""Owner allocation validation"", ""reporting_basis"": ""R10 dues coverage allocation"", ""sheet"": ""Allocation"", ""snapshot_date"": ""2026-05-08 00:00:00"", ""source_code"": ""R10"", ""source_file"": ""R10_Dues Coverage summary report.xlsx"", ""validation_status"": ""passed""}]","{""source_action_title"": ""Follow PTP \u00b7 B-33762 / SEL-V 017""}",{},{}
wf::collector_ptp::B-34544::SAR-2611,collector_ptp::B-34544::SAR-2611,queued,Nijish,,,,,evt_a85b89b529971a15,queued,system,batch8_seed,none,queued,2026-05-09T16:36:52.038965Z,notif::a672b776e6e829fd5480f84f,termination_risk,manager_escalation,cco_gm_agm,critical,dedupe::a0617a2cd7466d985993385e,termination_risk:collector_ptp::B-34544::SAR-2611:cco_gm_agm,2026-05-09T16:36:52.054567Z,disabled,in_app,B-34544,SAR-2611,sobha_dubai,Sobha Dubai,261242.0,61-90,R10 PTP + R34 ageing/termination + R10 allocation owner evidence,live_validated_account_owner_ageing_lineaged,58cf99332f43916bf576f62ac2dea4b9207b73f39600fe583b3391df345b4555,58cf99332f43916bf576f62ac2dea4b9207b73f39600fe583b3391df345b4555,58cf99332f43916bf576f62ac2dea4b9207b73f39600fe583b3391df345b4555,58cf99332f43916bf576f62ac2dea4b9207b73f39600fe583b3391df345b4555,"[{""cell_or_range"": ""D256:AB256"", ""confidence_state"": ""live_validated"", ""has_lineage"": true, ""metric_key"": ""PTP_B-34544_SAR-2611"", ""metric_label"": ""Promise-to-pay amount/date"", ""reporting_basis"": ""R10 PTP account promise"", ""sheet"": ""PTP Data"", ""snapshot_date"": ""2026-05-06"", ""source_code"": ""R10"", ""source_file"": ""R10_Dues Coverage summary report.xlsx"", ""validation_status"": ""passed""}, {""cell_or_range"": ""A22551:BT22551"", ""confidence_state"": ""live_validated"", ""has_lineage"": true, ""metric_key"": ""AGEING_B-34544_SAR-2611"", ""metric_label"": ""Ageing and overdue validation"", ""reporting_basis"": ""R34 termination status account evidence"", ""sheet"": ""Data"", ""snapshot_date"": null, ""source_code"": ""R34"", ""source_file"": ""R34_Termination Status - Report -08-05-2026.xlsx"", ""validation_status"": ""passed""}, {""cell_or_range"": ""A21181:AD21181"", ""confidence_state"": ""live_validated"", ""has_lineage"": true, ""metric_key"": ""OWNER_B-34544_SAR-2611"", ""metric_label"": ""Owner allocation validation"", ""reporting_basis"": ""R10 dues coverage allocation"", ""sheet"": ""Allocation"", ""snapshot_date"": ""2026-05-08 00:00:00"", ""source_code"": ""R10"", ""source_file"": ""R10_Dues Coverage summary report.xlsx"", ""validation_status"": ""passed""}]","{""source_action_title"": ""Follow PTP \u00b7 B-34544 / SAR-2611""}","{""amount_aed"": 261242.0, ""as_of_date"": ""2026-05-09"", ""assigned_owner"": ""Nijish"", ""due_date"": null, ""escalation_status"": ""TERMINATION"", ""pr_status"": null, ""ptp_date"": ""2026-05-20"", ""ptp_status"": ""PENDING"", ""rule_id"": ""termination_risk"", ""thresholds"": {""high_risk_amount_aed"": 1000000, ""stale_days"": 7}, ""updated_at"": ""2026-05-09T16:36:52.038965Z"", ""workflow_state"": ""queued""}","{""dedupe_key"": ""dedupe::a0617a2cd7466d985993385e"", ""notification_id"": ""notif::a672b776e6e829fd5480f84f"", ""rule_id"": ""termination_risk"", ""suppression_scope"": ""termination_risk:collector_ptp::B-34544::SAR-2611:cco_gm_agm""}"
wf::collector_ptp::B-37567::SE-V_234,collector_ptp::B-37567::SE-V 234,closed,Nijish,2026-05-10,,customer_paid_or_resolved,2026-05-09T16:36:52.049267Z,evt_9ff7a840c7ca1f3d,queued,system,batch8_seed,none,queued,2026-05-09T16:36:52.036381Z,,,,,,,,,,,B-37567,SE-V 234,sobha_dubai,Sobha Dubai,2500000.0,180+,R10 PTP + R34 ageing/termination + R10 allocation owner evidence,live_validated_account_owner_ageing_lineaged,b6287efd6b9e5e1d337d011913f2fd949293fce8ac7a9f3401d185042bd498dd,b6287efd6b9e5e1d337d011913f2fd949293fce8ac7a9f3401d185042bd498dd,,,"[{""cell_or_range"": ""D20:AB20"", ""confidence_state"": ""live_validated"", ""has_lineage"": true, ""metric_key"": ""PTP_B-37567_SE-V 234"", ""metric_label"": ""Promise-to-pay amount/date"", ""reporting_basis"": ""R10 PTP account promise"", ""sheet"": ""PTP Data"", ""snapshot_date"": ""2026-05-01"", ""source_code"": ""R10"", ""source_file"": ""R10_Dues Coverage summary report.xlsx"", ""validation_status"": ""passed""}, {""cell_or_range"": ""A24346:BT24346"", ""confidence_state"": ""live_validated"", ""has_lineage"": true, ""metric_key"": ""AGEING_B-37567_SE-V 234"", ""metric_label"": ""Ageing and overdue validation"", ""reporting_basis"": ""R34 termination status account evidence"", ""sheet"": ""Data"", ""snapshot_date"": null, ""source_code"": ""R34"", ""source_file"": ""R34_Termination Status - Report -08-05-2026.xlsx"", ""validation_status"": ""passed""}, {""cell_or_range"": ""A24012:AD24012"", ""confidence_state"": ""live_validated"", ""has_lineage"": true, ""metric_key"": ""OWNER_B-37567_SE-V 234"", ""metric_label"": ""Owner allocation validation"", ""reporting_basis"": ""R10 dues coverage allocation"", ""sheet"": ""Allocation"", ""snapshot_date"": ""2026-05-08 00:00:00"", ""source_code"": ""R10"", ""source_file"": ""R10_Dues Coverage summary report.xlsx"", ""validation_status"": ""passed""}]","{""source_action_title"": ""Follow PTP \u00b7 B-37567 / SE-V 234""}",{},{}
wf::collector_ptp::B-37567::SE-V_234,collector_ptp::B-37567::SE-V 234,closed,Nijish,2026-05-10,,customer_paid_or_resolved,2026-05-09T16:36:52.049267Z,evt_42207d425ea2ae5e,assigned,cco_gm_agm,batch10_seed_manager,queued,assigned,2026-05-09T16:36:52.049210Z,,,,,,,,,,,B-37567,SE-V 234,sobha_dubai,Sobha Dubai,2500000.0,180+,R10 PTP + R34 ageing/termination + R10 allocation owner evidence,live_validated_account_owner_ageing_lineaged,b6287efd6b9e5e1d337d011913f2fd949293fce8ac7a9f3401d185042bd498dd,b6287efd6b9e5e1d337d011913f2fd949293fce8ac7a9f3401d185042bd498dd,,,"[{""cell_or_range"": ""D20:AB20"", ""confidence_state"": ""live_validated"", ""has_lineage"": true, ""metric_key"": ""PTP_B-37567_SE-V 234"", ""metric_label"": ""Promise-to-pay amount/date"", ""reporting_basis"": ""R10 PTP account promise"", ""sheet"": ""PTP Data"", ""snapshot_date"": ""2026-05-01"", ""source_code"": ""R10"", ""source_file"": ""R10_Dues Coverage summary report.xlsx"", ""validation_status"": ""passed""}, {""cell_or_range"": ""A24346:BT24346"", ""confidence_state"": ""live_validated"", ""has_lineage"": true, ""metric_key"": ""AGEING_B-37567_SE-V 234"", ""metric_label"": ""Ageing and overdue validation"", ""reporting_basis"": ""R34 termination status account evidence"", ""sheet"": ""Data"", ""snapshot_date"": null, ""source_code"": ""R34"", ""source_file"": ""R34_Termination Status - Report -08-05-2026.xlsx"", ""validation_status"": ""passed""}, {""cell_or_range"": ""A24012:AD24012"", ""confidence_state"": ""live_validated"", ""has_lineage"": true, ""metric_key"": ""OWNER_B-37567_SE-V 234"", ""metric_label"": ""Owner allocation validation"", ""reporting_basis"": ""R10 dues coverage allocation"", ""sheet"": ""Allocation"", ""snapshot_date"": ""2026-05-08 00:00:00"", ""source_code"": ""R10"", ""source_file"": ""R10_Dues Coverage summary report.xlsx"", ""validation_status"": ""passed""}]","{""assignee"": ""Nijish"", ""due_date"": ""2026-05-10"", ""note"": ""Batch 10 closure seed""}",{},{}
wf::collector_ptp::B-37567::SE-V_234,collector_ptp::B-37567::SE-V 234,closed,Nijish,2026-05-10,,customer_paid_or_resolved,2026-05-09T16:36:52.049267Z,evt_31ba73886377f9c0,closed,cco_gm_agm,batch10_seed_manager,assigned,closed,2026-05-09T16:36:52.049290Z,,,,,,,,,,,B-37567,SE-V 234,sobha_dubai,Sobha Dubai,2500000.0,180+,R10 PTP + R34 ageing/termination + R10 allocation owner evidence,live_validated_account_owner_ageing_lineaged,b6287efd6b9e5e1d337d011913f2fd949293fce8ac7a9f3401d185042bd498dd,b6287efd6b9e5e1d337d011913f2fd949293fce8ac7a9f3401d185042bd498dd,,,"[{""cell_or_range"": ""D20:AB20"", ""confidence_state"": ""live_validated"", ""has_lineage"": true, ""metric_key"": ""PTP_B-37567_SE-V 234"", ""metric_label"": ""Promise-to-pay amount/date"", ""reporting_basis"": ""R10 PTP account promise"", ""sheet"": ""PTP Data"", ""snapshot_date"": ""2026-05-01"", ""source_code"": ""R10"", ""source_file"": ""R10_Dues Coverage summary report.xlsx"", ""validation_status"": ""passed""}, {""cell_or_range"": ""A24346:BT24346"", ""confidence_state"": ""live_validated"", ""has_lineage"": true, ""metric_key"": ""AGEING_B-37567_SE-V 234"", ""metric_label"": ""Ageing and overdue validation"", ""reporting_basis"": ""R34 termination status account evidence"", ""sheet"": ""Data"", ""snapshot_date"": null, ""source_code"": ""R34"", ""source_file"": ""R34_Termination Status - Report -08-05-2026.xlsx"", ""validation_status"": ""passed""}, {""cell_or_range"": ""A24012:AD24012"", ""confidence_state"": ""live_validated"", ""has_lineage"": true, ""metric_key"": ""OWNER_B-37567_SE-V 234"", ""metric_label"": ""Owner allocation validation"", ""reporting_basis"": ""R10 dues coverage allocation"", ""sheet"": ""Allocation"", ""snapshot_date"": ""2026-05-08 00:00:00"", ""source_code"": ""R10"", ""source_file"": ""R10_Dues Coverage summary report.xlsx"", ""validation_status"": ""passed""}]","{""closure_reason"": ""customer_paid_or_resolved"", ""evidence_ref"": ""receipt://batch10-smoke"", ""note"": ""Batch 10 closed workflow audit seed""}",{},{}
wf::collector_ptp::B-40769::SAR-3704,collector_ptp::B-40769::SAR-3704,queued,Nijish,,,,,evt_c8b45959c13d6bcf,queued,system,batch8_seed,none,queued,2026-05-09T16:36:52.038450Z,notif::5b6d68216f26fc2e1609fedb,termination_risk,manager_escalation,cco_gm_agm,critical,dedupe::0c1bd2703e9536ad44cff3f7,termination_risk:collector_ptp::B-40769::SAR-3704:cco_gm_agm,2026-05-09T16:36:52.053494Z,disabled,in_app,B-40769,SAR-3704,sobha_dubai,Sobha Dubai,339510.0,121-180,R10 PTP + R34 ageing/termination + R10 allocation owner evidence,live_validated_account_owner_ageing_lineaged,30c14f8a158b209fe11901184189140ef3865f2cac9c70dc2ff09b09ba1d64ad,30c14f8a158b209fe11901184189140ef3865f2cac9c70dc2ff09b09ba1d64ad,30c14f8a158b209fe11901184189140ef3865f2cac9c70dc2ff09b09ba1d64ad,30c14f8a158b209fe11901184189140ef3865f2cac9c70dc2ff09b09ba1d64ad,"[{""cell_or_range"": ""D185:AB185"", ""confidence_state"": ""live_validated"", ""has_lineage"": true, ""metric_key"": ""PTP_B-40769_SAR-3704"", ""metric_label"": ""Promise-to-pay amount/date"", ""reporting_basis"": ""R10 PTP account promise"", ""sheet"": ""PTP Data"", ""snapshot_date"": ""2026-05-05"", ""source_code"": ""R10"", ""source_file"": ""R10_Dues Coverage summary report.xlsx"", ""validation_status"": ""passed""}, {""cell_or_range"": ""A18416:BT18416"", ""confidence_state"": ""live_validated"", ""has_lineage"": true, ""metric_key"": ""AGEING_B-40769_SAR-3704"", ""metric_label"": ""Ageing and overdue validation"", ""reporting_basis"": ""R34 termination status account evidence"", ""sheet"": ""Data"", ""snapshot_date"": null, ""source_code"": ""R34"", ""source_file"": ""R34_Termination Status - Report -08-05-2026.xlsx"", ""validation_status"": ""passed""}, {""cell_or_range"": ""A25570:AD25570"", ""confidence_state"": ""live_validated"", ""has_lineage"": true, ""metric_key"": ""OWNER_B-40769_SAR-3704"", ""metric_label"": ""Owner allocation validation"", ""reporting_basis"": ""R10 dues coverage allocation"", ""sheet"": ""Allocation"", ""snapshot_date"": ""2026-05-08 00:00:00"", ""source_code"": ""R10"", ""source_file"": ""R10_Dues Coverage summary report.xlsx"", ""validation_status"": ""passed""}]","{""source_action_title"": ""Follow PTP \u00b7 B-40769 / SAR-3704""}","{""amount_aed"": 339510.0, ""as_of_date"": ""2026-05-09"", ""assigned_owner"": ""Nijish"", ""due_date"": null, ""escalation_status"": ""TERMINATION"", ""pr_status"": null, ""ptp_date"": ""2026-05-12"", ""ptp_status"": ""PENDING"", ""rule_id"": ""termination_risk"", ""thresholds"": {""high_risk_amount_aed"": 1000000, ""stale_days"": 7}, ""updated_at"": ""2026-05-09T16:36:52.038450Z"", ""workflow_state"": ""queued""}","{""dedupe_key"": ""dedupe::0c1bd2703e9536ad44cff3f7"", ""notification_id"": ""notif::5b6d68216f26fc2e1609fedb"", ""rule_id"": ""termination_risk"", ""suppression_scope"": ""termination_risk:collector_ptp::B-40769::SAR-3704:cco_gm_agm""}"
wf::collector_ptp::B-40961::SEL-V_331,collector_ptp::B-40961::SEL-V 331,queued,Zeba,,,,,evt_7c331e76cb0872c5,queued,system,batch8_seed,none,queued,2026-05-09T16:36:52.037618Z,,,,,,,,,,,B-40961,SEL-V 331,sobha_dubai,Sobha Dubai,1002364.0,0-30,R10 PTP + R34 ageing/termination + R10 allocation owner evidence,live_validated_account_owner_ageing_lineaged,102f31cf4b90ee0b006504daadfbd712d42753c84d71c03404128ffab583cca3,102f31cf4b90ee0b006504daadfbd712d42753c84d71c03404128ffab583cca3,,,"[{""cell_or_range"": ""D197:AB197"", ""confidence_state"": ""live_validated"", ""has_lineage"": true, ""metric_key"": ""PTP_B-40961_SEL-V 331"", ""metric_label"": ""Promise-to-pay amount/date"", ""reporting_basis"": ""R10 PTP account promise"", ""sheet"": ""PTP Data"", ""snapshot_date"": ""2026-05-05"", ""source_code"": ""R10"", ""source_file"": ""R10_Dues Coverage summary report.xlsx"", ""validation_status"": ""passed""}, {""cell_or_range"": ""A33570:BT33570"", ""confidence_state"": ""live_validated"", ""has_lineage"": true, ""metric_key"": ""AGEING_B-40961_SEL-V 331"", ""metric_label"": ""Ageing and overdue validation"", ""reporting_basis"": ""R34 termination status account evidence"", ""sheet"": ""Data"", ""snapshot_date"": null, ""source_code"": ""R34"", ""source_file"": ""R34_Termination Status - Report -08-05-2026.xlsx"", ""validation_status"": ""passed""}, {""cell_or_range"": ""A33556:AD33556"", ""confidence_state"": ""live_validated"", ""has_lineage"": true, ""metric_key"": ""OWNER_B-40961_SEL-V 331"", ""metric_label"": ""Owner allocation validation"", ""reporting_basis"": ""R10 dues coverage allocation"", ""sheet"": ""Allocation"", ""snapshot_date"": ""2026-05-08 00:00:00"", ""source_code"": ""R10"", ""source_file"": ""R10_Dues Coverage summary report.xlsx"", ""validation_status"": ""passed""}]","{""source_action_title"": ""Follow PTP \u00b7 B-40961 / SEL-V 331""}",{},{}
wf::collector_ptp::B-42737::SE-V_249,collector_ptp::B-42737::SE-V 249,queued,,,,,,evt_4d89fffa28b1aa1a,queued,system,batch8_seed,none,queued,2026-05-09T16:36:52.036299Z,notif::7f61ef8e0524d2b2bc83dc95,termination_risk,manager_escalation,cco_gm_agm,critical,dedupe::d73917c790f251e667eb1eba,termination_risk:collector_ptp::B-42737::SE-V 249:cco_gm_agm,2026-05-09T16:36:52.050033Z,disabled,in_app,B-42737,SE-V 249,sobha_dubai,Sobha Dubai,2577554.0,0-30,R10 PTP + R34 ageing/termination + R10 allocation owner evidence,live_validated_account_owner_ageing_lineaged,65faa477dfb6bb68f9852733bb6b5b64179b99a645ba37b5deec69146db2c43b,65faa477dfb6bb68f9852733bb6b5b64179b99a645ba37b5deec69146db2c43b,65faa477dfb6bb68f9852733bb6b5b64179b99a645ba37b5deec69146db2c43b,65faa477dfb6bb68f9852733bb6b5b64179b99a645ba37b5deec69146db2c43b,"[{""cell_or_range"": ""D4:AB4"", ""confidence_state"": ""live_validated"", ""has_lineage"": true, ""metric_key"": ""PTP_B-42737_SE-V 249"", ""metric_label"": ""Promise-to-pay amount/date"", ""reporting_basis"": ""R10 PTP account promise"", ""sheet"": ""PTP Data"", ""snapshot_date"": ""2026-05-08"", ""source_code"": ""R10"", ""source_file"": ""R10_Dues Coverage summary report.xlsx"", ""validation_status"": ""passed""}, {""cell_or_range"": ""A24370:BT24370"", ""confidence_state"": ""live_validated"", ""has_lineage"": true, ""metric_key"": ""AGEING_B-42737_SE-V 249"", ""metric_label"": ""Ageing and overdue validation"", ""reporting_basis"": ""R34 termination status account evidence"", ""sheet"": ""Data"", ""snapshot_date"": null, ""source_code"": ""R34"", ""source_file"": ""R34_Termination Status - Report -08-05-2026.xlsx"", ""validation_status"": ""passed""}, {""cell_or_range"": ""A24036:AD24036"", ""confidence_state"": ""live_validated"", ""has_lineage"": true, ""metric_key"": ""OWNER_B-42737_SE-V 249"", ""metric_label"": ""Owner allocation validation"", ""reporting_basis"": ""R10 dues coverage allocation"", ""sheet"": ""Allocation"", ""snapshot_date"": ""2026-05-08 00:00:00"", ""source_code"": ""R10"", ""source_file"": ""R10_Dues Coverage summary report.xlsx"", ""validation_status"": ""passed""}]","{""source_action_title"": ""Follow PTP \u00b7 B-42737 / SE-V 249""}","{""amount_aed"": 2577554.0, ""as_of_date"": ""2026-05-09"", ""assigned_owner"": null, ""due_date"": null, ""escalation_status"": ""TERMINATION"", ""pr_status"": null, ""ptp_date"": ""2026-05-14"", ""ptp_status"": ""PENDING"", ""rule_id"": ""termination_risk"", ""thresholds"": {""high_risk_amount_aed"": 1000000, ""stale_days"": 7}, ""updated_at"": ""2026-05-09T16:36:52.049177Z"", ""workflow_state"": ""queued""}","{""dedupe_key"": ""dedupe::d73917c790f251e667eb1eba"", ""notification_id"": ""notif::7f61ef8e0524d2b2bc83dc95"", ""rule_id"": ""termination_risk"", ""suppression_scope"": ""termination_risk:collector_ptp::B-42737::SE-V 249:cco_gm_agm""}"
wf::collector_ptp::B-42737::SE-V_249,collector_ptp::B-42737::SE-V 249,queued,,,,,,evt_4d89fffa28b1aa1a,queued,system,batch8_seed,none,queued,2026-05-09T16:36:52.036299Z,notif::5bb6e21eafae5c16cff081f1,unassigned_high_risk,manager_escalation,cco_gm_agm,critical,dedupe::497cb6bbd4a71c1eb7a797bc,unassigned_high_risk:collector_ptp::B-42737::SE-V 249:cco_gm_agm,2026-05-09T16:36:52.050133Z,disabled,in_app,B-42737,SE-V 249,sobha_dubai,Sobha Dubai,2577554.0,0-30,R10 PTP + R34 ageing/termination + R10 allocation owner evidence,live_validated_account_owner_ageing_lineaged,65faa477dfb6bb68f9852733bb6b5b64179b99a645ba37b5deec69146db2c43b,65faa477dfb6bb68f9852733bb6b5b64179b99a645ba37b5deec69146db2c43b,65faa477dfb6bb68f9852733bb6b5b64179b99a645ba37b5deec69146db2c43b,65faa477dfb6bb68f9852733bb6b5b64179b99a645ba37b5deec69146db2c43b,"[{""cell_or_range"": ""D4:AB4"", ""confidence_state"": ""live_validated"", ""has_lineage"": true, ""metric_key"": ""PTP_B-42737_SE-V 249"", ""metric_label"": ""Promise-to-pay amount/date"", ""reporting_basis"": ""R10 PTP account promise"", ""sheet"": ""PTP Data"", ""snapshot_date"": ""2026-05-08"", ""source_code"": ""R10"", ""source_file"": ""R10_Dues Coverage summary report.xlsx"", ""validation_status"": ""passed""}, {""cell_or_range"": ""A24370:BT24370"", ""confidence_state"": ""live_validated"", ""has_lineage"": true, ""metric_key"": ""AGEING_B-42737_SE-V 249"", ""metric_label"": ""Ageing and overdue validation"", ""reporting_basis"": ""R34 termination status account evidence"", ""sheet"": ""Data"", ""snapshot_date"": null, ""source_code"": ""R34"", ""source_file"": ""R34_Termination Status - Report -08-05-2026.xlsx"", ""validation_status"": ""passed""}, {""cell_or_range"": ""A24036:AD24036"", ""confidence_state"": ""live_validated"", ""has_lineage"": true, ""metric_key"": ""OWNER_B-42737_SE-V 249"", ""metric_label"": ""Owner allocation validation"", ""reporting_basis"": ""R10 dues coverage allocation"", ""sheet"": ""Allocation"", ""snapshot_date"": ""2026-05-08 00:00:00"", ""source_code"": ""R10"", ""source_file"": ""R10_Dues Coverage summary report.xlsx"", ""validation_status"": ""passed""}]","{""source_action_title"": ""Follow PTP \u00b7 B-42737 / SE-V 249""}","{""amount_aed"": 2577554.0, ""amount_threshold_exceeded"": true, ""as_of_date"": ""2026-05-09"", ""assigned_owner"": null, ""due_date"": null, ""escalation_status"": ""TERMINATION"", ""pr_status"": null, ""ptp_date"": ""2026-05-14"", ""ptp_status"": ""PENDING"", ""rule_id"": ""unassigned_high_risk"", ""thresholds"": {""high_risk_amount_aed"": 1000000, ""stale_days"": 7}, ""updated_at"": ""2026-05-09T16:36:52.049177Z"", ""workflow_state"": ""queued""}","{""dedupe_key"": ""dedupe::497cb6bbd4a71c1eb7a797bc"", ""notification_id"": ""notif::5bb6e21eafae5c16cff081f1"", ""rule_id"": ""unassigned_high_risk"", ""suppression_scope"": ""unassigned_high_risk:collector_ptp::B-42737::SE-V 249:cco_gm_agm""}"
wf::collector_ptp::B-42737::SE-V_249,collector_ptp::B-42737::SE-V 249,queued,,,,,,evt_44d44c698532b7c6,owner_removed_for_unassigned_high_risk_persistence_seed,system,batch10_seed,queued,queued,2026-05-09T16:36:52.049177Z,notif::7f61ef8e0524d2b2bc83dc95,termination_risk,manager_escalation,cco_gm_agm,critical,dedupe::d73917c790f251e667eb1eba,termination_risk:collector_ptp::B-42737::SE-V 249:cco_gm_agm,2026-05-09T16:36:52.050033Z,disabled,in_app,B-42737,SE-V 249,sobha_dubai,Sobha Dubai,2577554.0,0-30,R10 PTP + R34 ageing/termination + R10 allocation owner evidence,live_validated_account_owner_ageing_lineaged,65faa477dfb6bb68f9852733bb6b5b64179b99a645ba37b5deec69146db2c43b,65faa477dfb6bb68f9852733bb6b5b64179b99a645ba37b5deec69146db2c43b,65faa477dfb6bb68f9852733bb6b5b64179b99a645ba37b5deec69146db2c43b,65faa477dfb6bb68f9852733bb6b5b64179b99a645ba37b5deec69146db2c43b,"[{""cell_or_range"": ""D4:AB4"", ""confidence_state"": ""live_validated"", ""has_lineage"": true, ""metric_key"": ""PTP_B-42737_SE-V 249"", ""metric_label"": ""Promise-to-pay amount/date"", ""reporting_basis"": ""R10 PTP account promise"", ""sheet"": ""PTP Data"", ""snapshot_date"": ""2026-05-08"", ""source_code"": ""R10"", ""source_file"": ""R10_Dues Coverage summary report.xlsx"", ""validation_status"": ""passed""}, {""cell_or_range"": ""A24370:BT24370"", ""confidence_state"": ""live_validated"", ""has_lineage"": true, ""metric_key"": ""AGEING_B-42737_SE-V 249"", ""metric_label"": ""Ageing and overdue validation"", ""reporting_basis"": ""R34 termination status account evidence"", ""sheet"": ""Data"", ""snapshot_date"": null, ""source_code"": ""R34"", ""source_file"": ""R34_Termination Status - Report -08-05-2026.xlsx"", ""validation_status"": ""passed""}, {""cell_or_range"": ""A24036:AD24036"", ""confidence_state"": ""live_validated"", ""has_lineage"": true, ""metric_key"": ""OWNER_B-42737_SE-V 249"", ""metric_label"": ""Owner allocation validation"", ""reporting_basis"": ""R10 dues coverage allocation"", ""sheet"": ""Allocation"", ""snapshot_date"": ""2026-05-08 00:00:00"", ""source_code"": ""R10"", ""source_file"": ""R10_Dues Coverage summary report.xlsx"", ""validation_status"": ""passed""}]","{""reason"": ""Batch 10 unassigned high-risk seed""}","{""amount_aed"": 2577554.0, ""as_of_date"": ""2026-05-09"", ""assigned_owner"": null, ""due_date"": null, ""escalation_status"": ""TERMINATION"", ""pr_status"": null, ""ptp_date"": ""2026-05-14"", ""ptp_status"": ""PENDING"", ""rule_id"": ""termination_risk"", ""thresholds"": {""high_risk_amount_aed"": 1000000, ""stale_days"": 7}, ""updated_at"": ""2026-05-09T16:36:52.049177Z"", ""workflow_state"": ""queued""}","{""dedupe_key"": ""dedupe::d73917c790f251e667eb1eba"", ""notification_id"": ""notif::7f61ef8e0524d2b2bc83dc95"", ""rule_id"": ""termination_risk"", ""suppression_scope"": ""termination_risk:collector_ptp::B-42737::SE-V 249:cco_gm_agm""}"
wf::collector_ptp::B-42737::SE-V_249,collector_ptp::B-42737::SE-V 249,queued,,,,,,evt_44d44c698532b7c6,owner_removed_for_unassigned_high_risk_persistence_seed,system,batch10_seed,queued,queued,2026-05-09T16:36:52.049177Z,notif::5bb6e21eafae5c16cff081f1,unassigned_high_risk,manager_escalation,cco_gm_agm,critical,dedupe::497cb6bbd4a71c1eb7a797bc,unassigned_high_risk:collector_ptp::B-42737::SE-V 249:cco_gm_agm,2026-05-09T16:36:52.050133Z,disabled,in_app,B-42737,SE-V 249,sobha_dubai,Sobha Dubai,2577554.0,0-30,R10 PTP + R34 ageing/termination + R10 allocation owner evidence,live_validated_account_owner_ageing_lineaged,65faa477dfb6bb68f9852733bb6b5b64179b99a645ba37b5deec69146db2c43b,65faa477dfb6bb68f9852733bb6b5b64179b99a645ba37b5deec69146db2c43b,65faa477dfb6bb68f9852733bb6b5b64179b99a645ba37b5deec69146db2c43b,65faa477dfb6bb68f9852733bb6b5b64179b99a645ba37b5deec69146db2c43b,"[{""cell_or_range"": ""D4:AB4"", ""confidence_state"": ""live_validated"", ""has_lineage"": true, ""metric_key"": ""PTP_B-42737_SE-V 249"", ""metric_label"": ""Promise-to-pay amount/date"", ""reporting_basis"": ""R10 PTP account promise"", ""sheet"": ""PTP Data"", ""snapshot_date"": ""2026-05-08"", ""source_code"": ""R10"", ""source_file"": ""R10_Dues Coverage summary report.xlsx"", ""validation_status"": ""passed""}, {""cell_or_range"": ""A24370:BT24370"", ""confidence_state"": ""live_validated"", ""has_lineage"": true, ""metric_key"": ""AGEING_B-42737_SE-V 249"", ""metric_label"": ""Ageing and overdue validation"", ""reporting_basis"": ""R34 termination status account evidence"", ""sheet"": ""Data"", ""snapshot_date"": null, ""source_code"": ""R34"", ""source_file"": ""R34_Termination Status - Report -08-05-2026.xlsx"", ""validation_status"": ""passed""}, {""cell_or_range"": ""A24036:AD24036"", ""confidence_state"": ""live_validated"", ""has_lineage"": true, ""metric_key"": ""OWNER_B-42737_SE-V 249"", ""metric_label"": ""Owner allocation validation"", ""reporting_basis"": ""R10 dues coverage allocation"", ""sheet"": ""Allocation"", ""snapshot_date"": ""2026-05-08 00:00:00"", ""source_code"": ""R10"", ""source_file"": ""R10_Dues Coverage summary report.xlsx"", ""validation_status"": ""passed""}]","{""reason"": ""Batch 10 unassigned high-risk seed""}","{""amount_aed"": 2577554.0, ""amount_threshold_exceeded"": true, ""as_of_date"": ""2026-05-09"", ""assigned_owner"": null, ""due_date"": null, ""escalation_status"": ""TERMINATION"", ""pr_status"": null, ""ptp_date"": ""2026-05-14"", ""ptp_status"": ""PENDING"", ""rule_id"": ""unassigned_high_risk"", ""thresholds"": {""high_risk_amount_aed"": 1000000, ""stale_days"": 7}, ""updated_at"": ""2026-05-09T16:36:52.049177Z"", ""workflow_state"": ""queued""}","{""dedupe_key"": ""dedupe::497cb6bbd4a71c1eb7a797bc"", ""notification_id"": ""notif::5bb6e21eafae5c16cff081f1"", ""rule_id"": ""unassigned_high_risk"", ""suppression_scope"": ""unassigned_high_risk:collector_ptp::B-42737::SE-V 249:cco_gm_agm""}"
wf::collector_ptp::B-43043::SSH-RC03,collector_ptp::B-43043::SSH-RC03,queued,Lamis,,,,,evt_774bec583dad32af,queued,system,batch8_seed,none,queued,2026-05-09T16:36:52.036469Z,notif::b58f0ae396fd7751afd92f31,termination_risk,manager_escalation,cco_gm_agm,critical,dedupe::6fd1628697989b2e092473c5,termination_risk:collector_ptp::B-43043::SSH-RC03:cco_gm_agm,2026-05-09T16:36:52.050274Z,disabled,in_app,B-43043,SSH-RC03,sobha_dubai,Sobha Dubai,2000000.0,31-60,R10 PTP + R34 ageing/termination + R10 allocation owner evidence,live_validated_account_owner_ageing_lineaged,c79ce4b7fe026335014c6b54fa3198b0cb723a1a209946f547fa8b0f843674d8,c79ce4b7fe026335014c6b54fa3198b0cb723a1a209946f547fa8b0f843674d8,c79ce4b7fe026335014c6b54fa3198b0cb723a1a209946f547fa8b0f843674d8,c79ce4b7fe026335014c6b54fa3198b0cb723a1a209946f547fa8b0f843674d8,"[{""cell_or_range"": ""D24:AB24"", ""confidence_state"": ""live_validated"", ""has_lineage"": true, ""metric_key"": ""PTP_B-43043_SSH-RC03"", ""metric_label"": ""Promise-to-pay amount/date"", ""reporting_basis"": ""R10 PTP account promise"", ""sheet"": ""PTP Data"", ""snapshot_date"": ""2026-05-01"", ""source_code"": ""R10"", ""source_file"": ""R10_Dues Coverage summary report.xlsx"", ""validation_status"": ""passed""}, {""cell_or_range"": ""A34140:BT34140"", ""confidence_state"": ""live_validated"", ""has_lineage"": true, ""metric_key"": ""AGEING_B-43043_SSH-RC03"", ""metric_label"": ""Ageing and overdue validation"", ""reporting_basis"": ""R34 termination status account evidence"", ""sheet"": ""Data"", ""snapshot_date"": null, ""source_code"": ""R34"", ""source_file"": ""R34_Termination Status - Report -08-05-2026.xlsx"", ""validation_status"": ""passed""}, {""cell_or_range"": ""A34125:AD34125"", ""confidence_state"": ""live_validated"", ""has_lineage"": true, ""metric_key"": ""OWNER_B-43043_SSH-RC03"", ""metric_label"": ""Owner allocation validation"", ""reporting_basis"": ""R10 dues coverage allocation"", ""sheet"": ""Allocation"", ""snapshot_date"": ""2026-05-08 00:00:00"", ""source_code"": ""R10"", ""source_file"": ""R10_Dues Coverage summary report.xlsx"", ""validation_status"": ""passed""}]","{""source_action_title"": ""Follow PTP \u00b7 B-43043 / SSH-RC03""}","{""amount_aed"": 2000000.0, ""as_of_date"": ""2026-05-09"", ""assigned_owner"": ""Lamis"", ""due_date"": null, ""escalation_status"": ""TERMINATION"", ""pr_status"": null, ""ptp_date"": ""2026-05-14"", ""ptp_status"": ""PENDING"", ""rule_id"": ""termination_risk"", ""thresholds"": {""high_risk_amount_aed"": 1000000, ""stale_days"": 7}, ""updated_at"": ""2026-05-09T16:36:52.036469Z"", ""workflow_state"": ""queued""}","{""dedupe_key"": ""dedupe::6fd1628697989b2e092473c5"", ""notification_id"": ""notif::b58f0ae396fd7751afd92f31"", ""rule_id"": ""termination_risk"", ""suppression_scope"": ""termination_risk:collector_ptp::B-43043::SSH-RC03:cco_gm_agm""}"
wf::collector_ptp::B-43044::SSH-RC04,collector_ptp::B-43044::SSH-RC04,queued,Lamis,,,,,evt_4eac8c2c2665b531,queued,system,batch8_seed,none,queued,2026-05-09T16:36:52.036547Z,notif::7aa0f859f6af2982897984b3,termination_risk,manager_escalation,cco_gm_agm,critical,dedupe::a1df71b4e1af063cc6f6a858,termination_risk:collector_ptp::B-43044::SSH-RC04:cco_gm_agm,2026-05-09T16:36:52.050384Z,disabled,in_app,B-43044,SSH-RC04,sobha_dubai,Sobha Dubai,2000000.0,31-60,R10 PTP + R34 ageing/termination + R10 allocation owner evidence,live_validated_account_owner_ageing_lineaged,4b50203fcfeb1866030a2ef47c8c9f299227285eca443b36968ee70198c4b9db,4b50203fcfeb1866030a2ef47c8c9f299227285eca443b36968ee70198c4b9db,4b50203fcfeb1866030a2ef47c8c9f299227285eca443b36968ee70198c4b9db,4b50203fcfeb1866030a2ef47c8c9f299227285eca443b36968ee70198c4b9db,"[{""cell_or_range"": ""D27:AB27"", ""confidence_state"": ""live_validated"", ""has_lineage"": true, ""metric_key"": ""PTP_B-43044_SSH-RC04"", ""metric_label"": ""Promise-to-pay amount/date"", ""reporting_basis"": ""R10 PTP account promise"", ""sheet"": ""PTP Data"", ""snapshot_date"": ""2026-05-01"", ""source_code"": ""R10"", ""source_file"": ""R10_Dues Coverage summary report.xlsx"", ""validation_status"": ""passed""}, {""cell_or_range"": ""A34141:BT34141"", ""confidence_state"": ""live_validated"", ""has_lineage"": true, ""metric_key"": ""AGEING_B-43044_SSH-RC04"", ""metric_label"": ""Ageing and overdue validation"", ""reporting_basis"": ""R34 termination status account evidence"", ""sheet"": ""Data"", ""snapshot_date"": null, ""source_code"": ""R34"", ""source_file"": ""R34_Termination Status - Report -08-05-2026.xlsx"", ""validation_status"": ""passed""}, {""cell_or_range"": ""A34126:AD34126"", ""confidence_state"": ""live_validated"", ""has_lineage"": true, ""metric_key"": ""OWNER_B-43044_SSH-RC04"", ""metric_label"": ""Owner allocation validation"", ""reporting_basis"": ""R10 dues coverage allocation"", ""sheet"": ""Allocation"", ""snapshot_date"": ""2026-05-08 00:00:00"", ""source_code"": ""R10"", ""source_file"": ""R10_Dues Coverage summary report.xlsx"", ""validation_status"": ""passed""}]","{""source_action_title"": ""Follow PTP \u00b7 B-43044 / SSH-RC04""}","{""amount_aed"": 2000000.0, ""as_of_date"": ""2026-05-09"", ""assigned_owner"": ""Lamis"", ""due_date"": null, ""escalation_status"": ""TERMINATION"", ""pr_status"": null, ""ptp_date"": ""2026-05-15"", ""ptp_status"": ""PENDING"", ""rule_id"": ""termination_risk"", ""thresholds"": {""high_risk_amount_aed"": 1000000, ""stale_days"": 7}, ""updated_at"": ""2026-05-09T16:36:52.036547Z"", ""workflow_state"": ""queued""}","{""dedupe_key"": ""dedupe::a1df71b4e1af063cc6f6a858"", ""notification_id"": ""notif::7aa0f859f6af2982897984b3"", ""rule_id"": ""termination_risk"", ""suppression_scope"": ""termination_risk:collector_ptp::B-43044::SSH-RC04:cco_gm_agm""}"
wf::collector_ptp::B-46558::SEL-V_518,collector_ptp::B-46558::SEL-V 518,queued,Zeba,,,,,evt_5343f38fd9c817c8,queued,system,batch8_seed,none,queued,2026-05-09T16:36:52.037106Z,,,,,,,,,,,B-46558,SEL-V 518,sobha_dubai,Sobha Dubai,1163880.0,0-30,R10 PTP + R34 ageing/termination + R10 allocation owner evidence,live_validated_account_owner_ageing_lineaged,ac32b8948755e6722ec58caaa5bb0500a30df5f6e4a3b944e0cc9d7ef7105121,ac32b8948755e6722ec58caaa5bb0500a30df5f6e4a3b944e0cc9d7ef7105121,,,"[{""cell_or_range"": ""D8:AB8"", ""confidence_state"": ""live_validated"", ""has_lineage"": true, ""metric_key"": ""PTP_B-46558_SEL-V 518"", ""metric_label"": ""Promise-to-pay amount/date"", ""reporting_basis"": ""R10 PTP account promise"", ""sheet"": ""PTP Data"", ""snapshot_date"": ""2026-05-01"", ""source_code"": ""R10"", ""source_file"": ""R10_Dues Coverage summary report.xlsx"", ""validation_status"": ""passed""}, {""cell_or_range"": ""A35771:BT35771"", ""confidence_state"": ""live_validated"", ""has_lineage"": true, ""metric_key"": ""AGEING_B-46558_SEL-V 518"", ""metric_label"": ""Ageing and overdue validation"", ""reporting_basis"": ""R34 termination status account evidence"", ""sheet"": ""Data"", ""snapshot_date"": null, ""source_code"": ""R34"", ""source_file"": ""R34_Termination Status - Report -08-05-2026.xlsx"", ""validation_status"": ""passed""}, {""cell_or_range"": ""A35636:AD35636"", ""confidence_state"": ""live_validated"", ""has_lineage"": true, ""metric_key"": ""OWNER_B-46558_SEL-V 518"", ""metric_label"": ""Owner allocation validation"", ""reporting_basis"": ""R10 dues coverage allocation"", ""sheet"": ""Allocation"", ""snapshot_date"": ""2026-05-08 00:00:00"", ""source_code"": ""R10"", ""source_file"": ""R10_Dues Coverage summary report.xlsx"", ""validation_status"": ""passed""}]","{""source_action_title"": ""Follow PTP \u00b7 B-46558 / SEL-V 518""}",{},{}
wf::collector_ptp::B-46609::SEL-V_803,collector_ptp::B-46609::SEL-V 803,queued,Zeba,,,,,evt_d351cdf733b0691a,queued,system,batch8_seed,none,queued,2026-05-09T16:36:52.037544Z,,,,,,,,,,,B-46609,SEL-V 803,sobha_dubai,Sobha Dubai,1027428.0,0-30,R10 PTP + R34 ageing/termination + R10 allocation owner evidence,live_validated_account_owner_ageing_lineaged,3c84653394817fd35e44970dae2ebf57598bcab6056406bbe0eba6443062f154,3c84653394817fd35e44970dae2ebf57598bcab6056406bbe0eba6443062f154,,,"[{""cell_or_range"": ""D26:AB26"", ""confidence_state"": ""live_validated"", ""has_lineage"": true, ""metric_key"": ""PTP_B-46609_SEL-V 803"", ""metric_label"": ""Promise-to-pay amount/date"", ""reporting_basis"": ""R10 PTP account promise"", ""sheet"": ""PTP Data"", ""snapshot_date"": ""2026-05-01"", ""source_code"": ""R10"", ""source_file"": ""R10_Dues Coverage summary report.xlsx"", ""validation_status"": ""passed""}, {""cell_or_range"": ""A35785:BT35785"", ""confidence_state"": ""live_validated"", ""has_lineage"": true, ""metric_key"": ""AGEING_B-46609_SEL-V 803"", ""metric_label"": ""Ageing and overdue validation"", ""reporting_basis"": ""R34 termination status account evidence"", ""sheet"": ""Data"", ""snapshot_date"": null, ""source_code"": ""R34"", ""source_file"": ""R34_Termination Status - Report -08-05-2026.xlsx"", ""validation_status"": ""passed""}, {""cell_or_range"": ""A35650:AD35650"", ""confidence_state"": ""live_validated"", ""has_lineage"": true, ""metric_key"": ""OWNER_B-46609_SEL-V 803"", ""metric_label"": ""Owner allocation validation"", ""reporting_basis"": ""R10 dues coverage allocation"", ""sheet"": ""Allocation"", ""snapshot_date"": ""2026-05-08 00:00:00"", ""source_code"": ""R10"", ""source_file"": ""R10_Dues Coverage summary report.xlsx"", ""validation_status"": ""passed""}]","{""source_action_title"": ""Follow PTP \u00b7 B-46609 / SEL-V 803""}",{},{}
wf::collector_ptp::B-48054::SSH-A5601,collector_ptp::B-48054::SSH-A5601,assigned,Farheen,2026-05-01,,,,evt_e685c6cfbb34f33b,queued,system,batch8_seed,none,queued,2026-05-09T16:36:52.036099Z,notif::915ec4d602cfd453eba0398e,overdue_due_date,collector_rm_reminder,collector_rm,high,dedupe::51ff3bea9b0072b07999ce22,overdue_due_date:collector_ptp::B-48054::SSH-A5601:collector_rm,2026-05-09T16:36:52.049539Z,disabled,in_app,B-48054,SSH-A5601,sobha_dubai,Sobha Dubai,3070190.96,no_overdue,R10 PTP + R34 ageing/termination + R10 allocation owner evidence,live_validated_account_owner_ageing_lineaged,a999da682bf73eca85ccc27cb46e0a8ee205388578b70a754a762294b969bb8c,a999da682bf73eca85ccc27cb46e0a8ee205388578b70a754a762294b969bb8c,a999da682bf73eca85ccc27cb46e0a8ee205388578b70a754a762294b969bb8c,a999da682bf73eca85ccc27cb46e0a8ee205388578b70a754a762294b969bb8c,"[{""cell_or_range"": ""D21:AB21"", ""confidence_state"": ""live_validated"", ""has_lineage"": true, ""metric_key"": ""PTP_B-48054_SSH-A5601"", ""metric_label"": ""Promise-to-pay amount/date"", ""reporting_basis"": ""R10 PTP account promise"", ""sheet"": ""PTP Data"", ""snapshot_date"": ""2026-05-01"", ""source_code"": ""R10"", ""source_file"": ""R10_Dues Coverage summary report.xlsx"", ""validation_status"": ""passed""}, {""cell_or_range"": ""A2035:BT2035"", ""confidence_state"": ""live_validated"", ""has_lineage"": true, ""metric_key"": ""AGEING_B-48054_SSH-A5601"", ""metric_label"": ""Ageing and overdue validation"", ""reporting_basis"": ""R34 termination status account evidence"", ""sheet"": ""Data"", ""snapshot_date"": null, ""source_code"": ""R34"", ""source_file"": ""R34_Termination Status - Report -08-05-2026.xlsx"", ""validation_status"": ""passed""}, {""cell_or_range"": ""A16892:AD16892"", ""confidence_state"": ""live_validated"", ""has_lineage"": true, ""metric_key"": ""OWNER_B-48054_SSH-A5601"", ""metric_label"": ""Owner allocation validation"", ""reporting_basis"": ""R10 dues coverage allocation"", ""sheet"": ""Allocation"", ""snapshot_date"": ""2026-05-08 00:00:00"", ""source_code"": ""R10"", ""source_file"": ""R10_Dues Coverage summary report.xlsx"", ""validation_status"": ""passed""}]","{""source_action_title"": ""Follow PTP \u00b7 B-48054 / SSH-A5601""}","{""amount_aed"": 3070190.96, ""as_of_date"": ""2026-05-09"", ""assigned_owner"": ""Farheen"", ""days_overdue"": 8, ""due_date"": ""2026-05-01"", ""escalation_status"": ""TERMINATION"", ""pr_status"": null, ""ptp_date"": ""2026-05-27"", ""ptp_status"": ""PENDING"", ""rule_id"": ""overdue_due_date"", ""thresholds"": {""high_risk_amount_aed"": 1000000, ""stale_days"": 7}, ""updated_at"": ""2026-05-09T16:36:52.048979Z"", ""workflow_state"": ""assigned""}","{""dedupe_key"": ""dedupe::51ff3bea9b0072b07999ce22"", ""notification_id"": ""notif::915ec4d602cfd453eba0398e"", ""rule_id"": ""overdue_due_date"", ""suppression_scope"": ""overdue_due_date:collector_ptp::B-48054::SSH-A5601:collector_rm""}"
wf::collector_ptp::B-48054::SSH-A5601,collector_ptp::B-48054::SSH-A5601,assigned,Farheen,2026-05-01,,,,evt_e685c6cfbb34f33b,queued,system,batch8_seed,none,queued,2026-05-09T16:36:52.036099Z,notif::a37a448779d594e2705005ba,overdue_due_date,manager_escalation,cco_gm_agm,high,dedupe::62459c0ed76190041d798402,overdue_due_date:collector_ptp::B-48054::SSH-A5601:cco_gm_agm,2026-05-09T16:36:52.049627Z,disabled,in_app,B-48054,SSH-A5601,sobha_dubai,Sobha Dubai,3070190.96,no_overdue,R10 PTP + R34 ageing/termination + R10 allocation owner evidence,live_validated_account_owner_ageing_lineaged,a999da682bf73eca85ccc27cb46e0a8ee205388578b70a754a762294b969bb8c,a999da682bf73eca85ccc27cb46e0a8ee205388578b70a754a762294b969bb8c,a999da682bf73eca85ccc27cb46e0a8ee205388578b70a754a762294b969bb8c,a999da682bf73eca85ccc27cb46e0a8ee205388578b70a754a762294b969bb8c,"[{""cell_or_range"": ""D21:AB21"", ""confidence_state"": ""live_validated"", ""has_lineage"": true, ""metric_key"": ""PTP_B-48054_SSH-A5601"", ""metric_label"": ""Promise-to-pay amount/date"", ""reporting_basis"": ""R10 PTP account promise"", ""sheet"": ""PTP Data"", ""snapshot_date"": ""2026-05-01"", ""source_code"": ""R10"", ""source_file"": ""R10_Dues Coverage summary report.xlsx"", ""validation_status"": ""passed""}, {""cell_or_range"": ""A2035:BT2035"", ""confidence_state"": ""live_validated"", ""has_lineage"": true, ""metric_key"": ""AGEING_B-48054_SSH-A5601"", ""metric_label"": ""Ageing and overdue validation"", ""reporting_basis"": ""R34 termination status account evidence"", ""sheet"": ""Data"", ""snapshot_date"": null, ""source_code"": ""R34"", ""source_file"": ""R34_Termination Status - Report -08-05-2026.xlsx"", ""validation_status"": ""passed""}, {""cell_or_range"": ""A16892:AD16892"", ""confidence_state"": ""live_validated"", ""has_lineage"": true, ""metric_key"": ""OWNER_B-48054_SSH-A5601"", ""metric_label"": ""Owner allocation validation"", ""reporting_basis"": ""R10 dues coverage allocation"", ""sheet"": ""Allocation"", ""snapshot_date"": ""2026-05-08 00:00:00"", ""source_code"": ""R10"", ""source_file"": ""R10_Dues Coverage summary report.xlsx"", ""validation_status"": ""passed""}]","{""source_action_title"": ""Follow PTP \u00b7 B-48054 / SSH-A5601""}","{""amount_aed"": 3070190.96, ""as_of_date"": ""2026-05-09"", ""assigned_owner"": ""Farheen"", ""days_overdue"": 8, ""due_date"": ""2026-05-01"", ""escalation_status"": ""TERMINATION"", ""pr_status"": null, ""ptp_date"": ""2026-05-27"", ""ptp_status"": ""PENDING"", ""rule_id"": ""overdue_due_date"", ""thresholds"": {""high_risk_amount_aed"": 1000000, ""stale_days"": 7}, ""updated_at"": ""2026-05-09T16:36:52.048979Z"", ""workflow_state"": ""assigned""}","{""dedupe_key"": ""dedupe::62459c0ed76190041d798402"", ""notification_id"": ""notif::a37a448779d594e2705005ba"", ""rule_id"": ""overdue_due_date"", ""suppression_scope"": ""overdue_due_date:collector_ptp::B-48054::SSH-A5601:cco_gm_agm""}"
wf::collector_ptp::B-48054::SSH-A5601,collector_ptp::B-48054::SSH-A5601,assigned,Farheen,2026-05-01,,,,evt_e685c6cfbb34f33b,queued,system,batch8_seed,none,queued,2026-05-09T16:36:52.036099Z,notif::fbbbb3d29dff631fe550587e,termination_risk,manager_escalation,cco_gm_agm,critical,dedupe::8d51e26b7bbf75e9cda7029b,termination_risk:collector_ptp::B-48054::SSH-A5601:cco_gm_agm,2026-05-09T16:36:52.049721Z,disabled,in_app,B-48054,SSH-A5601,sobha_dubai,Sobha Dubai,3070190.96,no_overdue,R10 PTP + R34 ageing/termination + R10 allocation owner evidence,live_validated_account_owner_ageing_lineaged,a999da682bf73eca85ccc27cb46e0a8ee205388578b70a754a762294b969bb8c,a999da682bf73eca85ccc27cb46e0a8ee205388578b70a754a762294b969bb8c,a999da682bf73eca85ccc27cb46e0a8ee205388578b70a754a762294b969bb8c,a999da682bf73eca85ccc27cb46e0a8ee205388578b70a754a762294b969bb8c,"[{""cell_or_range"": ""D21:AB21"", ""confidence_state"": ""live_validated"", ""has_lineage"": true, ""metric_key"": ""PTP_B-48054_SSH-A5601"", ""metric_label"": ""Promise-to-pay amount/date"", ""reporting_basis"": ""R10 PTP account promise"", ""sheet"": ""PTP Data"", ""snapshot_date"": ""2026-05-01"", ""source_code"": ""R10"", ""source_file"": ""R10_Dues Coverage summary report.xlsx"", ""validation_status"": ""passed""}, {""cell_or_range"": ""A2035:BT2035"", ""confidence_state"": ""live_validated"", ""has_lineage"": true, ""metric_key"": ""AGEING_B-48054_SSH-A5601"", ""metric_label"": ""Ageing and overdue validation"", ""reporting_basis"": ""R34 termination status account evidence"", ""sheet"": ""Data"", ""snapshot_date"": null, ""source_code"": ""R34"", ""source_file"": ""R34_Termination Status - Report -08-05-2026.xlsx"", ""validation_status"": ""passed""}, {""cell_or_range"": ""A16892:AD16892"", ""confidence_state"": ""live_validated"", ""has_lineage"": true, ""metric_key"": ""OWNER_B-48054_SSH-A5601"", ""metric_label"": ""Owner allocation validation"", ""reporting_basis"": ""R10 dues coverage allocation"", ""sheet"": ""Allocation"", ""snapshot_date"": ""2026-05-08 00:00:00"", ""source_code"": ""R10"", ""source_file"": ""R10_Dues Coverage summary report.xlsx"", ""validation_status"": ""passed""}]","{""source_action_title"": ""Follow PTP \u00b7 B-48054 / SSH-A5601""}","{""amount_aed"": 3070190.96, ""as_of_date"": ""2026-05-09"", ""assigned_owner"": ""Farheen"", ""due_date"": ""2026-05-01"", ""escalation_status"": ""TERMINATION"", ""pr_status"": null, ""ptp_date"": ""2026-05-27"", ""ptp_status"": ""PENDING"", ""rule_id"": ""termination_risk"", ""thresholds"": {""high_risk_amount_aed"": 1000000, ""stale_days"": 7}, ""updated_at"": ""2026-05-09T16:36:52.048979Z"", ""workflow_state"": ""assigned""}","{""dedupe_key"": ""dedupe::8d51e26b7bbf75e9cda7029b"", ""notification_id"": ""notif::fbbbb3d29dff631fe550587e"", ""rule_id"": ""termination_risk"", ""suppression_scope"": ""termination_risk:collector_ptp::B-48054::SSH-A5601:cco_gm_agm""}"
wf::collector_ptp::B-48054::SSH-A5601,collector_ptp::B-48054::SSH-A5601,assigned,Farheen,2026-05-01,,,,evt_ecde4590dc6fc218,assigned,cco_gm_agm,batch10_seed_manager,queued,assigned,2026-05-09T16:36:52.048979Z,notif::915ec4d602cfd453eba0398e,overdue_due_date,collector_rm_reminder,collector_rm,high,dedupe::51ff3bea9b0072b07999ce22,overdue_due_date:collector_ptp::B-48054::SSH-A5601:collector_rm,2026-05-09T16:36:52.049539Z,disabled,in_app,B-48054,SSH-A5601,sobha_dubai,Sobha Dubai,3070190.96,no_overdue,R10 PTP + R34 ageing/termination + R10 allocation owner evidence,live_validated_account_owner_ageing_lineaged,a999da682bf73eca85ccc27cb46e0a8ee205388578b70a754a762294b969bb8c,a999da682bf73eca85ccc27cb46e0a8ee205388578b70a754a762294b969bb8c,a999da682bf73eca85ccc27cb46e0a8ee205388578b70a754a762294b969bb8c,a999da682bf73eca85ccc27cb46e0a8ee205388578b70a754a762294b969bb8c,"[{""cell_or_range"": ""D21:AB21"", ""confidence_state"": ""live_validated"", ""has_lineage"": true, ""metric_key"": ""PTP_B-48054_SSH-A5601"", ""metric_label"": ""Promise-to-pay amount/date"", ""reporting_basis"": ""R10 PTP account promise"", ""sheet"": ""PTP Data"", ""snapshot_date"": ""2026-05-01"", ""source_code"": ""R10"", ""source_file"": ""R10_Dues Coverage summary report.xlsx"", ""validation_status"": ""passed""}, {""cell_or_range"": ""A2035:BT2035"", ""confidence_state"": ""live_validated"", ""has_lineage"": true, ""metric_key"": ""AGEING_B-48054_SSH-A5601"", ""metric_label"": ""Ageing and overdue validation"", ""reporting_basis"": ""R34 termination status account evidence"", ""sheet"": ""Data"", ""snapshot_date"": null, ""source_code"": ""R34"", ""source_file"": ""R34_Termination Status - Report -08-05-2026.xlsx"", ""validation_status"": ""passed""}, {""cell_or_range"": ""A16892:AD16892"", ""confidence_state"": ""live_validated"", ""has_lineage"": true, ""metric_key"": ""OWNER_B-48054_SSH-A5601"", ""metric_label"": ""Owner allocation validation"", ""reporting_basis"": ""R10 dues coverage allocation"", ""sheet"": ""Allocation"", ""snapshot_date"": ""2026-05-08 00:00:00"", ""source_code"": ""R10"", ""source_file"": ""R10_Dues Coverage summary report.xlsx"", ""validation_status"": ""passed""}]","{""assignee"": ""Farheen"", ""due_date"": ""2026-05-01"", ""note"": ""Batch 10 persistence overdue seed""}","{""amount_aed"": 3070190.96, ""as_of_date"": ""2026-05-09"", ""assigned_owner"": ""Farheen"", ""days_overdue"": 8, ""due_date"": ""2026-05-01"", ""escalation_status"": ""TERMINATION"", ""pr_status"": null, ""ptp_date"": ""2026-05-27"", ""ptp_status"": ""PENDING"", ""rule_id"": ""overdue_due_date"", ""thresholds"": {""high_risk_amount_aed"": 1000000, ""stale_days"": 7}, ""updated_at"": ""2026-05-09T16:36:52.048979Z"", ""workflow_state"": ""assigned""}","{""dedupe_key"": ""dedupe::51ff3bea9b0072b07999ce22"", ""notification_id"": ""notif::915ec4d602cfd453eba0398e"", ""rule_id"": ""overdue_due_date"", ""suppression_scope"": ""overdue_due_date:collector_ptp::B-48054::SSH-A5601:collector_rm""}"
wf::collector_ptp::B-48054::SSH-A5601,collector_ptp::B-48054::SSH-A5601,assigned,Farheen,2026-05-01,,,,evt_ecde4590dc6fc218,assigned,cco_gm_agm,batch10_seed_manager,queued,assigned,2026-05-09T16:36:52.048979Z,notif::a37a448779d594e2705005ba,overdue_due_date,manager_escalation,cco_gm_agm,high,dedupe::62459c0ed76190041d798402,overdue_due_date:collector_ptp::B-48054::SSH-A5601:cco_gm_agm,2026-05-09T16:36:52.049627Z,disabled,in_app,B-48054,SSH-A5601,sobha_dubai,Sobha Dubai,3070190.96,no_overdue,R10 PTP + R34 ageing/termination + R10 allocation owner evidence,live_validated_account_owner_ageing_lineaged,a999da682bf73eca85ccc27cb46e0a8ee205388578b70a754a762294b969bb8c,a999da682bf73eca85ccc27cb46e0a8ee205388578b70a754a762294b969bb8c,a999da682bf73eca85ccc27cb46e0a8ee205388578b70a754a762294b969bb8c,a999da682bf73eca85ccc27cb46e0a8ee205388578b70a754a762294b969bb8c,"[{""cell_or_range"": ""D21:AB21"", ""confidence_state"": ""live_validated"", ""has_lineage"": true, ""metric_key"": ""PTP_B-48054_SSH-A5601"", ""metric_label"": ""Promise-to-pay amount/date"", ""reporting_basis"": ""R10 PTP account promise"", ""sheet"": ""PTP Data"", ""snapshot_date"": ""2026-05-01"", ""source_code"": ""R10"", ""source_file"": ""R10_Dues Coverage summary report.xlsx"", ""validation_status"": ""passed""}, {""cell_or_range"": ""A2035:BT2035"", ""confidence_state"": ""live_validated"", ""has_lineage"": true, ""metric_key"": ""AGEING_B-48054_SSH-A5601"", ""metric_label"": ""Ageing and overdue validation"", ""reporting_basis"": ""R34 termination status account evidence"", ""sheet"": ""Data"", ""snapshot_date"": null, ""source_code"": ""R34"", ""source_file"": ""R34_Termination Status - Report -08-05-2026.xlsx"", ""validation_status"": ""passed""}, {""cell_or_range"": ""A16892:AD16892"", ""confidence_state"": ""live_validated"", ""has_lineage"": true, ""metric_key"": ""OWNER_B-48054_SSH-A5601"", ""metric_label"": ""Owner allocation validation"", ""reporting_basis"": ""R10 dues coverage allocation"", ""sheet"": ""Allocation"", ""snapshot_date"": ""2026-05-08 00:00:00"", ""source_code"": ""R10"", ""source_file"": ""R10_Dues Coverage summary report.xlsx"", ""validation_status"": ""passed""}]","{""assignee"": ""Farheen"", ""due_date"": ""2026-05-01"", ""note"": ""Batch 10 persistence overdue seed""}","{""amount_aed"": 3070190.96, ""as_of_date"": ""2026-05-09"", ""assigned_owner"": ""Farheen"", ""days_overdue"": 8, ""due_date"": ""2026-05-01"", ""escalation_status"": ""TERMINATION"", ""pr_status"": null, ""ptp_date"": ""2026-05-27"", ""ptp_status"": ""PENDING"", ""rule_id"": ""overdue_due_date"", ""thresholds"": {""high_risk_amount_aed"": 1000000, ""stale_days"": 7}, ""updated_at"": ""2026-05-09T16:36:52.048979Z"", ""workflow_state"": ""assigned""}","{""dedupe_key"": ""dedupe::62459c0ed76190041d798402"", ""notification_id"": ""notif::a37a448779d594e2705005ba"", ""rule_id"": ""overdue_due_date"", ""suppression_scope"": ""overdue_due_date:collector_ptp::B-48054::SSH-A5601:cco_gm_agm""}"
wf::collector_ptp::B-48054::SSH-A5601,collector_ptp::B-48054::SSH-A5601,assigned,Farheen,2026-05-01,,,,evt_ecde4590dc6fc218,assigned,cco_gm_agm,batch10_seed_manager,queued,assigned,2026-05-09T16:36:52.048979Z,notif::fbbbb3d29dff631fe550587e,termination_risk,manager_escalation,cco_gm_agm,critical,dedupe::8d51e26b7bbf75e9cda7029b,termination_risk:collector_ptp::B-48054::SSH-A5601:cco_gm_agm,2026-05-09T16:36:52.049721Z,disabled,in_app,B-48054,SSH-A5601,sobha_dubai,Sobha Dubai,3070190.96,no_overdue,R10 PTP + R34 ageing/termination + R10 allocation owner evidence,live_validated_account_owner_ageing_lineaged,a999da682bf73eca85ccc27cb46e0a8ee205388578b70a754a762294b969bb8c,a999da682bf73eca85ccc27cb46e0a8ee205388578b70a754a762294b969bb8c,a999da682bf73eca85ccc27cb46e0a8ee205388578b70a754a762294b969bb8c,a999da682bf73eca85ccc27cb46e0a8ee205388578b70a754a762294b969bb8c,"[{""cell_or_range"": ""D21:AB21"", ""confidence_state"": ""live_validated"", ""has_lineage"": true, ""metric_key"": ""PTP_B-48054_SSH-A5601"", ""metric_label"": ""Promise-to-pay amount/date"", ""reporting_basis"": ""R10 PTP account promise"", ""sheet"": ""PTP Data"", ""snapshot_date"": ""2026-05-01"", ""source_code"": ""R10"", ""source_file"": ""R10_Dues Coverage summary report.xlsx"", ""validation_status"": ""passed""}, {""cell_or_range"": ""A2035:BT2035"", ""confidence_state"": ""live_validated"", ""has_lineage"": true, ""metric_key"": ""AGEING_B-48054_SSH-A5601"", ""metric_label"": ""Ageing and overdue validation"", ""reporting_basis"": ""R34 termination status account evidence"", ""sheet"": ""Data"", ""snapshot_date"": null, ""source_code"": ""R34"", ""source_file"": ""R34_Termination Status - Report -08-05-2026.xlsx"", ""validation_status"": ""passed""}, {""cell_or_range"": ""A16892:AD16892"", ""confidence_state"": ""live_validated"", ""has_lineage"": true, ""metric_key"": ""OWNER_B-48054_SSH-A5601"", ""metric_label"": ""Owner allocation validation"", ""reporting_basis"": ""R10 dues coverage allocation"", ""sheet"": ""Allocation"", ""snapshot_date"": ""2026-05-08 00:00:00"", ""source_code"": ""R10"", ""source_file"": ""R10_Dues Coverage summary report.xlsx"", ""validation_status"": ""passed""}]","{""assignee"": ""Farheen"", ""due_date"": ""2026-05-01"", ""note"": ""Batch 10 persistence overdue seed""}","{""amount_aed"": 3070190.96, ""as_of_date"": ""2026-05-09"", ""assigned_owner"": ""Farheen"", ""due_date"": ""2026-05-01"", ""escalation_status"": ""TERMINATION"", ""pr_status"": null, ""ptp_date"": ""2026-05-27"", ""ptp_status"": ""PENDING"", ""rule_id"": ""termination_risk"", ""thresholds"": {""high_risk_amount_aed"": 1000000, ""stale_days"": 7}, ""updated_at"": ""2026-05-09T16:36:52.048979Z"", ""workflow_state"": ""assigned""}","{""dedupe_key"": ""dedupe::8d51e26b7bbf75e9cda7029b"", ""notification_id"": ""notif::fbbbb3d29dff631fe550587e"", ""rule_id"": ""termination_risk"", ""suppression_scope"": ""termination_risk:collector_ptp::B-48054::SSH-A5601:cco_gm_agm""}"
wf::coverage::Anna,coverage::Anna,blocked,Anna,,,,,evt_64cfaa619ce2e27d,blocked,system,batch8_seed,none,blocked,2026-05-09T16:36:52.042085Z,,,,,,,,,,,,,,,39480017.25,coverage_gap,R10 Agent Coverage,live_validated_collector_coverage_lineaged,764743b52b263e16df5d7aa69d09f9ff28fac20b995ccfe80eb78cd0caa2dc7b,764743b52b263e16df5d7aa69d09f9ff28fac20b995ccfe80eb78cd0caa2dc7b,,,"[{""cell_or_range"": ""B34:J34"", ""confidence_state"": ""live_validated"", ""has_lineage"": true, ""metric_key"": ""COVERAGE_Anna"", ""metric_label"": ""Collector not-worked coverage"", ""reporting_basis"": ""R10 dues coverage summary"", ""sheet"": ""Agent - Coverage"", ""snapshot_date"": null, ""source_code"": ""R10"", ""source_file"": ""R10_Dues Coverage summary report.xlsx"", ""validation_status"": ""passed""}]","{""source_action_title"": ""Coverage gap \u00b7 Anna""}",{},{}
wf::coverage::Aqsa,coverage::Aqsa,blocked,Aqsa,,,,,evt_317e64f74f7fe6f1,blocked,system,batch8_seed,none,blocked,2026-05-09T16:36:52.042128Z,,,,,,,,,,,,,,,155096974.73,coverage_gap,R10 Agent Coverage,live_validated_collector_coverage_lineaged,bb3d44980d39d35e813d53b39c303d31475b4fba30df8353f5b6008e486b4bb9,bb3d44980d39d35e813d53b39c303d31475b4fba30df8353f5b6008e486b4bb9,,,"[{""cell_or_range"": ""B17:J17"", ""confidence_state"": ""live_validated"", ""has_lineage"": true, ""metric_key"": ""COVERAGE_Aqsa"", ""metric_label"": ""Collector not-worked coverage"", ""reporting_basis"": ""R10 dues coverage summary"", ""sheet"": ""Agent - Coverage"", ""snapshot_date"": null, ""source_code"": ""R10"", ""source_file"": ""R10_Dues Coverage summary report.xlsx"", ""validation_status"": ""passed""}]","{""source_action_title"": ""Coverage gap \u00b7 Aqsa""}",{},{}
wf::coverage::Daria,coverage::Daria,blocked,Daria,,,,,evt_2455eb70f29e8a47,blocked,system,batch8_seed,none,blocked,2026-05-09T16:36:52.041951Z,,,,,,,,,,,,,,,80022769.85,coverage_gap,R10 Agent Coverage,live_validated_collector_coverage_lineaged,7d4eb84e644059b7e3b8299a798861341430739ce9d61107fe781d3365e3d808,7d4eb84e644059b7e3b8299a798861341430739ce9d61107fe781d3365e3d808,,,"[{""cell_or_range"": ""B10:J10"", ""confidence_state"": ""live_validated"", ""has_lineage"": true, ""metric_key"": ""COVERAGE_Daria"", ""metric_label"": ""Collector not-worked coverage"", ""reporting_basis"": ""R10 dues coverage summary"", ""sheet"": ""Agent - Coverage"", ""snapshot_date"": null, ""source_code"": ""R10"", ""source_file"": ""R10_Dues Coverage summary report.xlsx"", ""validation_status"": ""passed""}]","{""source_action_title"": ""Coverage gap \u00b7 Daria""}",{},{}
wf::coverage::Karan,coverage::Karan,blocked,Karan,,,,,evt_a64645d93c5a1b58,blocked,system,batch8_seed,none,blocked,2026-05-09T16:36:52.041904Z,,,,,,,,,,,,,,,102695677.97,coverage_gap,R10 Agent Coverage,live_validated_collector_coverage_lineaged,f5357895b95031c0d0a1d7bca1318ec3de556ff651612089164f8b6a8be81ed9,f5357895b95031c0d0a1d7bca1318ec3de556ff651612089164f8b6a8be81ed9,,,"[{""cell_or_range"": ""B12:J12"", ""confidence_state"": ""live_validated"", ""has_lineage"": true, ""metric_key"": ""COVERAGE_Karan"", ""metric_label"": ""Collector not-worked coverage"", ""reporting_basis"": ""R10 dues coverage summary"", ""sheet"": ""Agent - Coverage"", ""snapshot_date"": null, ""source_code"": ""R10"", ""source_file"": ""R10_Dues Coverage summary report.xlsx"", ""validation_status"": ""passed""}]","{""source_action_title"": ""Coverage gap \u00b7 Karan""}",{},{}
wf::coverage::Melvyn,coverage::Melvyn,blocked,Melvyn,,,,,evt_ac9d32f218c9f672,blocked,system,batch8_seed,none,blocked,2026-05-09T16:36:52.042041Z,,,,,,,,,,,,,,,68997828.82,coverage_gap,R10 Agent Coverage,live_validated_collector_coverage_lineaged,4a433e81729774901bc7a7df2d7f50a8c5f4085f24ae526ac1ff93291f973144,4a433e81729774901bc7a7df2d7f50a8c5f4085f24ae526ac1ff93291f973144,,,"[{""cell_or_range"": ""B35:J35"", ""confidence_state"": ""live_validated"", ""has_lineage"": true, ""metric_key"": ""COVERAGE_Melvyn"", ""metric_label"": ""Collector not-worked coverage"", ""reporting_basis"": ""R10 dues coverage summary"", ""sheet"": ""Agent - Coverage"", ""snapshot_date"": null, ""source_code"": ""R10"", ""source_file"": ""R10_Dues Coverage summary report.xlsx"", ""validation_status"": ""passed""}]","{""source_action_title"": ""Coverage gap \u00b7 Melvyn""}",{},{}
wf::coverage::Monish,coverage::Monish,blocked,Monish,,,,,evt_fb8bf5cc7e4acb95,blocked,system,batch8_seed,none,blocked,2026-05-09T16:36:52.040301Z,,,,,,,,,,,,,,,122106072.83,coverage_gap,R10 Agent Coverage,live_validated_collector_coverage_lineaged,fb41dcca3c3b54ad03116fc9a0ef534d3a32c787770230e7de65b54a0ad9534b,fb41dcca3c3b54ad03116fc9a0ef534d3a32c787770230e7de65b54a0ad9534b,,,"[{""cell_or_range"": ""B36:J36"", ""confidence_state"": ""live_validated"", ""has_lineage"": true, ""metric_key"": ""COVERAGE_Monish"", ""metric_label"": ""Collector not-worked coverage"", ""reporting_basis"": ""R10 dues coverage summary"", ""sheet"": ""Agent - Coverage"", ""snapshot_date"": null, ""source_code"": ""R10"", ""source_file"": ""R10_Dues Coverage summary report.xlsx"", ""validation_status"": ""passed""}]","{""source_action_title"": ""Coverage gap \u00b7 Monish""}",{},{}
wf::coverage::Omar,coverage::Omar,blocked,Omar,,,,,evt_f8fefb47818dc68d,blocked,system,batch8_seed,none,blocked,2026-05-09T16:36:52.041997Z,,,,,,,,,,,,,,,74017214.51,coverage_gap,R10 Agent Coverage,live_validated_collector_coverage_lineaged,1837568583bf059079681f356da41ceefb50beab061f4ce38e1e7ad9e4196190,1837568583bf059079681f356da41ceefb50beab061f4ce38e1e7ad9e4196190,,,"[{""cell_or_range"": ""B18:J18"", ""confidence_state"": ""live_validated"", ""has_lineage"": true, ""metric_key"": ""COVERAGE_Omar"", ""metric_label"": ""Collector not-worked coverage"", ""reporting_basis"": ""R10 dues coverage summary"", ""sheet"": ""Agent - Coverage"", ""snapshot_date"": null, ""source_code"": ""R10"", ""source_file"": ""R10_Dues Coverage summary report.xlsx"", ""validation_status"": ""passed""}]","{""source_action_title"": ""Coverage gap \u00b7 Omar""}",{},{}
wf::coverage::Ruhul,coverage::Ruhul,blocked,Ruhul,,,,,evt_69cf4a8cd2638bc4,blocked,system,batch8_seed,none,blocked,2026-05-09T16:36:52.040166Z,,,,,,,,,,,,,,,470560500.68,coverage_gap,R10 Agent Coverage,live_validated_collector_coverage_lineaged,284f5333554528527bca2d6daad5a4cad0564c735eee1658207f7583c3aa9e4f,284f5333554528527bca2d6daad5a4cad0564c735eee1658207f7583c3aa9e4f,,,"[{""cell_or_range"": ""B28:J28"", ""confidence_state"": ""live_validated"", ""has_lineage"": true, ""metric_key"": ""COVERAGE_Ruhul"", ""metric_label"": ""Collector not-worked coverage"", ""reporting_basis"": ""R10 dues coverage summary"", ""sheet"": ""Agent - Coverage"", ""snapshot_date"": null, ""source_code"": ""R10"", ""source_file"": ""R10_Dues Coverage summary report.xlsx"", ""validation_status"": ""passed""}]","{""source_action_title"": ""Coverage gap \u00b7 Ruhul""}",{},{}
wf::coverage::SINIYA_Sub_Total,coverage::SINIYA Sub Total,blocked,SINIYA Sub Total,,,,,evt_25fd393bb8a6cc50,blocked,system,batch8_seed,none,blocked,2026-05-09T16:36:52.040213Z,,,,,,,,,,,,,,,381256007.34,coverage_gap,R10 Agent Coverage,live_validated_collector_coverage_lineaged,bdc9dada86db65702d9b603b7516f7e2534c25cfb6ee889a7779e7f55c752360,bdc9dada86db65702d9b603b7516f7e2534c25cfb6ee889a7779e7f55c752360,,,"[{""cell_or_range"": ""B37:J37"", ""confidence_state"": ""live_validated"", ""has_lineage"": true, ""metric_key"": ""COVERAGE_SINIYA Sub Total"", ""metric_label"": ""Collector not-worked coverage"", ""reporting_basis"": ""R10 dues coverage summary"", ""sheet"": ""Agent - Coverage"", ""snapshot_date"": null, ""source_code"": ""R10"", ""source_file"": ""R10_Dues Coverage summary report.xlsx"", ""validation_status"": ""passed""}]","{""source_action_title"": ""Coverage gap \u00b7 SINIYA Sub Total""}",{},{}
wf::coverage::SOBHA_Sub_Total,coverage::SOBHA Sub Total,blocked,SOBHA Sub Total,,,,,evt_8a142281cfe8506d,blocked,system,batch8_seed,none,blocked,2026-05-09T16:36:52.040013Z,,,,,,,,,,,,,,,2518875962.96,coverage_gap,R10 Agent Coverage,live_validated_collector_coverage_lineaged,9a98cd8ea7ca4718756c8e2c06efdfa76db7ea0fde7d3c4a0f9404aeec47d711,9a98cd8ea7ca4718756c8e2c06efdfa76db7ea0fde7d3c4a0f9404aeec47d711,,,"[{""cell_or_range"": ""B31:J31"", ""confidence_state"": ""live_validated"", ""has_lineage"": true, ""metric_key"": ""COVERAGE_SOBHA Sub Total"", ""metric_label"": ""Collector not-worked coverage"", ""reporting_basis"": ""R10 dues coverage summary"", ""sheet"": ""Agent - Coverage"", ""snapshot_date"": null, ""source_code"": ""R10"", ""source_file"": ""R10_Dues Coverage summary report.xlsx"", ""validation_status"": ""passed""}]","{""source_action_title"": ""Coverage gap \u00b7 SOBHA Sub Total""}",{},{}
wf::coverage::Sub_Total_-_Front_End,coverage::Sub Total - Front End,blocked,Sub Total - Front End,,,,,evt_0437d0b1323ed8ca,blocked,system,batch8_seed,none,blocked,2026-05-09T16:36:52.040060Z,,,,,,,,,,,,,,,1909620460.29,coverage_gap,R10 Agent Coverage,live_validated_collector_coverage_lineaged,65ddd61bdde56b8b26d4e1f56b0033dbd74c2fade2afe1fb2927d5c11b4a6f3c,65ddd61bdde56b8b26d4e1f56b0033dbd74c2fade2afe1fb2927d5c11b4a6f3c,,,"[{""cell_or_range"": ""B26:J26"", ""confidence_state"": ""live_validated"", ""has_lineage"": true, ""metric_key"": ""COVERAGE_Sub Total - Front End"", ""metric_label"": ""Collector not-worked coverage"", ""reporting_basis"": ""R10 dues coverage summary"", ""sheet"": ""Agent - Coverage"", ""snapshot_date"": null, ""source_code"": ""R10"", ""source_file"": ""R10_Dues Coverage summary report.xlsx"", ""validation_status"": ""passed""}]","{""source_action_title"": ""Coverage gap \u00b7 Sub Total - Front End""}",{},{}
wf::coverage::Sub_Total_-_Termination,coverage::Sub Total - Termination,blocked,Sub Total - Termination,,,,,evt_e7972a2a5bffde94,blocked,system,batch8_seed,none,blocked,2026-05-09T16:36:52.040114Z,,,,,,,,,,,,,,,609255502.67,coverage_gap,R10 Agent Coverage,live_validated_collector_coverage_lineaged,4ba1028af382656f086d505dfaf0239c6809fe055bf0e4b70fcb30c9baa12e93,4ba1028af382656f086d505dfaf0239c6809fe055bf0e4b70fcb30c9baa12e93,,,"[{""cell_or_range"": ""B30:J30"", ""confidence_state"": ""live_validated"", ""has_lineage"": true, ""metric_key"": ""COVERAGE_Sub Total - Termination"", ""metric_label"": ""Collector not-worked coverage"", ""reporting_basis"": ""R10 dues coverage summary"", ""sheet"": ""Agent - Coverage"", ""snapshot_date"": null, ""source_code"": ""R10"", ""source_file"": ""R10_Dues Coverage summary report.xlsx"", ""validation_status"": ""passed""}]","{""source_action_title"": ""Coverage gap \u00b7 Sub Total - Termination""}",{},{}
wf::coverage::Total,coverage::Total,blocked,Total,,,,,evt_e7c92ddf477728bb,blocked,system,batch8_seed,none,blocked,2026-05-09T16:36:52.039964Z,,,,,,,,,,,,,,,2900131970.3,coverage_gap,R10 Agent Coverage,live_validated_collector_coverage_lineaged,38e76188bea1d1e059337c340220e8bd1cc686f72359909898509eb702eef826,38e76188bea1d1e059337c340220e8bd1cc686f72359909898509eb702eef826,,,"[{""cell_or_range"": ""B38:J38"", ""confidence_state"": ""live_validated"", ""has_lineage"": true, ""metric_key"": ""COVERAGE_Total"", ""metric_label"": ""Collector not-worked coverage"", ""reporting_basis"": ""R10 dues coverage summary"", ""sheet"": ""Agent - Coverage"", ""snapshot_date"": null, ""source_code"": ""R10"", ""source_file"": ""R10_Dues Coverage summary report.xlsx"", ""validation_status"": ""passed""}]","{""source_action_title"": ""Coverage gap \u00b7 Total""}",{},{}
wf::coverage::Vinod,coverage::Vinod,blocked,Vinod,,,,,evt_d8525fa1ad97f089,blocked,system,batch8_seed,none,blocked,2026-05-09T16:36:52.040257Z,,,,,,,,,,,,,,,138695001.99,coverage_gap,R10 Agent Coverage,live_validated_collector_coverage_lineaged,ce2388a2f0ea0046559a26caf992e07c0bfed9391122e657e9aaec0aa51430d4,ce2388a2f0ea0046559a26caf992e07c0bfed9391122e657e9aaec0aa51430d4,,,"[{""cell_or_range"": ""B29:J29"", ""confidence_state"": ""live_validated"", ""has_lineage"": true, ""metric_key"": ""COVERAGE_Vinod"", ""metric_label"": ""Collector not-worked coverage"", ""reporting_basis"": ""R10 dues coverage summary"", ""sheet"": ""Agent - Coverage"", ""snapshot_date"": null, ""source_code"": ""R10"", ""source_file"": ""R10_Dues Coverage summary report.xlsx"", ""validation_status"": ""passed""}]","{""source_action_title"": ""Coverage gap \u00b7 Vinod""}",{},{}
wf::coverage::Walid,coverage::Walid,blocked,Walid,,,,,evt_d3c5887f6e547fc7,blocked,system,batch8_seed,none,blocked,2026-05-09T16:36:52.042171Z,,,,,,,,,,,,,,,150672088.44,coverage_gap,R10 Agent Coverage,live_validated_collector_coverage_lineaged,084115e45c176b2b8a2e403ef7d41ed12626601402642600dfb974e2965909c9,084115e45c176b2b8a2e403ef7d41ed12626601402642600dfb974e2965909c9,,,"[{""cell_or_range"": ""B33:J33"", ""confidence_state"": ""live_validated"", ""has_lineage"": true, ""metric_key"": ""COVERAGE_Walid"", ""metric_label"": ""Collector not-worked coverage"", ""reporting_basis"": ""R10 dues coverage summary"", ""sheet"": ""Agent - Coverage"", ""snapshot_date"": null, ""source_code"": ""R10"", ""source_file"": ""R10_Dues Coverage summary report.xlsx"", ""validation_status"": ""passed""}]","{""source_action_title"": ""Coverage gap \u00b7 Walid""}",{},{}
wf::finance_pr::PR-0502403,finance_pr::PR-0502403,queued,Monish,,,,,evt_6772f83a92a0d1f0,queued,system,batch8_seed,none,queued,2026-05-09T16:36:52.040926Z,notif::eae54964d05b3123252eb059,pr_tat_ageing,finance_exception_nudge,finance,medium,dedupe::8b2a2864e345a5685f9473bd,pr_tat_ageing:finance_pr::PR-0502403:finance,2026-05-09T16:36:52.058437Z,disabled,in_app,B-46522,CB-V-310,siniya,Siniya,1200000.0,process_exception,R31 PR unit update / PR quality evidence,live_validated_pr_exception_lineaged,78e52216a8601541ac55722ef1ea9bffcf61eaed94602187bd507a8417b723b7,78e52216a8601541ac55722ef1ea9bffcf61eaed94602187bd507a8417b723b7,78e52216a8601541ac55722ef1ea9bffcf61eaed94602187bd507a8417b723b7,78e52216a8601541ac55722ef1ea9bffcf61eaed94602187bd507a8417b723b7,"[{""cell_or_range"": ""A1576:AR1576"", ""confidence_state"": ""live_validated"", ""has_lineage"": true, ""metric_key"": ""PR_PR-0502403"", ""metric_label"": ""Payment request quality issue"", ""reporting_basis"": ""R31 PR unit update / PR quality"", ""sheet"": ""PR Data"", ""snapshot_date"": ""2026-05-01"", ""source_code"": ""R31"", ""source_file"": ""R31_PR Unit update 07-05-2026.xlsx"", ""validation_status"": ""passed""}]","{""source_action_title"": ""PR exception \u00b7 PR-0502403""}","{""amount_aed"": 1200000.0, ""as_of_date"": ""2026-05-09"", ""assigned_owner"": ""Monish"", ""due_date"": null, ""escalation_status"": null, ""pr_status"": ""Resubmitted to SM/SD"", ""process_tokens"": {""action_type"": ""finance_pr_quality_exception"", ""pr_status"": ""resubmitted to sm/sd"", ""process_status"": """"}, ""ptp_date"": null, ""ptp_status"": null, ""rule_id"": ""pr_tat_ageing"", ""thresholds"": {""high_risk_amount_aed"": 1000000, ""stale_days"": 7}, ""updated_at"": ""2026-05-09T16:36:52.040926Z"", ""workflow_state"": ""queued""}","{""dedupe_key"": ""dedupe::8b2a2864e345a5685f9473bd"", ""notification_id"": ""notif::eae54964d05b3123252eb059"", ""rule_id"": ""pr_tat_ageing"", ""suppression_scope"": ""pr_tat_ageing:finance_pr::PR-0502403:finance""}"
wf::finance_pr::PR-0502403,finance_pr::PR-0502403,queued,Monish,,,,,evt_6772f83a92a0d1f0,queued,system,batch8_seed,none,queued,2026-05-09T16:36:52.040926Z,notif::c8ad3f8635e2140104cb36cf,pr_tat_ageing,mis_qcg_governance_alert,mis_qcg_admin,medium,dedupe::6ebbcaf1c8ced62022fe0af2,pr_tat_ageing:finance_pr::PR-0502403:mis_qcg_admin,2026-05-09T16:36:52.058481Z,disabled,in_app,B-46522,CB-V-310,siniya,Siniya,1200000.0,process_exception,R31 PR unit update / PR quality evidence,live_validated_pr_exception_lineaged,78e52216a8601541ac55722ef1ea9bffcf61eaed94602187bd507a8417b723b7,78e52216a8601541ac55722ef1ea9bffcf61eaed94602187bd507a8417b723b7,78e52216a8601541ac55722ef1ea9bffcf61eaed94602187bd507a8417b723b7,78e52216a8601541ac55722ef1ea9bffcf61eaed94602187bd507a8417b723b7,"[{""cell_or_range"": ""A1576:AR1576"", ""confidence_state"": ""live_validated"", ""has_lineage"": true, ""metric_key"": ""PR_PR-0502403"", ""metric_label"": ""Payment request quality issue"", ""reporting_basis"": ""R31 PR unit update / PR quality"", ""sheet"": ""PR Data"", ""snapshot_date"": ""2026-05-01"", ""source_code"": ""R31"", ""source_file"": ""R31_PR Unit update 07-05-2026.xlsx"", ""validation_status"": ""passed""}]","{""source_action_title"": ""PR exception \u00b7 PR-0502403""}","{""amount_aed"": 1200000.0, ""as_of_date"": ""2026-05-09"", ""assigned_owner"": ""Monish"", ""due_date"": null, ""escalation_status"": null, ""pr_status"": ""Resubmitted to SM/SD"", ""process_tokens"": {""action_type"": ""finance_pr_quality_exception"", ""pr_status"": ""resubmitted to sm/sd"", ""process_status"": """"}, ""ptp_date"": null, ""ptp_status"": null, ""rule_id"": ""pr_tat_ageing"", ""thresholds"": {""high_risk_amount_aed"": 1000000, ""stale_days"": 7}, ""updated_at"": ""2026-05-09T16:36:52.040926Z"", ""workflow_state"": ""queued""}","{""dedupe_key"": ""dedupe::6ebbcaf1c8ced62022fe0af2"", ""notification_id"": ""notif::c8ad3f8635e2140104cb36cf"", ""rule_id"": ""pr_tat_ageing"", ""suppression_scope"": ""pr_tat_ageing:finance_pr::PR-0502403:mis_qcg_admin""}"
wf::finance_pr::PR-0502710,finance_pr::PR-0502710,queued,Lamis,,,,,evt_dbdf703e1e97b88d,queued,system,batch8_seed,none,queued,2026-05-09T16:36:52.040696Z,notif::b60fede37eecba8cadc8b2f7,pr_tat_ageing,finance_exception_nudge,finance,medium,dedupe::a1a95e045b4d663b10028668,pr_tat_ageing:finance_pr::PR-0502710:finance,2026-05-09T16:36:52.057866Z,disabled,in_app,B-25785,SSH-C4102,sobha_dubai,Sobha Dubai,2102595.0,process_exception,R31 PR unit update / PR quality evidence,live_validated_pr_exception_lineaged,f3ca845d1bf6cd57f12b0c271b5a637238dce9041346dc81cce22e98d7aeebab,f3ca845d1bf6cd57f12b0c271b5a637238dce9041346dc81cce22e98d7aeebab,f3ca845d1bf6cd57f12b0c271b5a637238dce9041346dc81cce22e98d7aeebab,f3ca845d1bf6cd57f12b0c271b5a637238dce9041346dc81cce22e98d7aeebab,"[{""cell_or_range"": ""A1081:AR1081"", ""confidence_state"": ""live_validated"", ""has_lineage"": true, ""metric_key"": ""PR_PR-0502710"", ""metric_label"": ""Payment request quality issue"", ""reporting_basis"": ""R31 PR unit update / PR quality"", ""sheet"": ""PR Data"", ""snapshot_date"": ""2026-05-01"", ""source_code"": ""R31"", ""source_file"": ""R31_PR Unit update 07-05-2026.xlsx"", ""validation_status"": ""passed""}]","{""source_action_title"": ""PR exception \u00b7 PR-0502710""}","{""amount_aed"": 2102595.0, ""as_of_date"": ""2026-05-09"", ""assigned_owner"": ""Lamis"", ""due_date"": null, ""escalation_status"": null, ""pr_status"": ""Pending for Accounts Approval"", ""process_tokens"": {""action_type"": ""finance_pr_quality_exception"", ""pr_status"": ""pending for accounts approval"", ""process_status"": """"}, ""ptp_date"": null, ""ptp_status"": null, ""rule_id"": ""pr_tat_ageing"", ""thresholds"": {""high_risk_amount_aed"": 1000000, ""stale_days"": 7}, ""updated_at"": ""2026-05-09T16:36:52.040696Z"", ""workflow_state"": ""queued""}","{""dedupe_key"": ""dedupe::a1a95e045b4d663b10028668"", ""notification_id"": ""notif::b60fede37eecba8cadc8b2f7"", ""rule_id"": ""pr_tat_ageing"", ""suppression_scope"": ""pr_tat_ageing:finance_pr::PR-0502710:finance""}"
wf::finance_pr::PR-0502710,finance_pr::PR-0502710,queued,Lamis,,,,,evt_dbdf703e1e97b88d,queued,system,batch8_seed,none,queued,2026-05-09T16:36:52.040696Z,notif::103b4af66638fbbaca0027c2,pr_tat_ageing,mis_qcg_governance_alert,mis_qcg_admin,medium,dedupe::f160a8644eeb885a2065e405,pr_tat_ageing:finance_pr::PR-0502710:mis_qcg_admin,2026-05-09T16:36:52.057908Z,disabled,in_app,B-25785,SSH-C4102,sobha_dubai,Sobha Dubai,2102595.0,process_exception,R31 PR unit update / PR quality evidence,live_validated_pr_exception_lineaged,f3ca845d1bf6cd57f12b0c271b5a637238dce9041346dc81cce22e98d7aeebab,f3ca845d1bf6cd57f12b0c271b5a637238dce9041346dc81cce22e98d7aeebab,f3ca845d1bf6cd57f12b0c271b5a637238dce9041346dc81cce22e98d7aeebab,f3ca845d1bf6cd57f12b0c271b5a637238dce9041346dc81cce22e98d7aeebab,"[{""cell_or_range"": ""A1081:AR1081"", ""confidence_state"": ""live_validated"", ""has_lineage"": true, ""metric_key"": ""PR_PR-0502710"", ""metric_label"": ""Payment request quality issue"", ""reporting_basis"": ""R31 PR unit update / PR quality"", ""sheet"": ""PR Data"", ""snapshot_date"": ""2026-05-01"", ""source_code"": ""R31"", ""source_file"": ""R31_PR Unit update 07-05-2026.xlsx"", ""validation_status"": ""passed""}]","{""source_action_title"": ""PR exception \u00b7 PR-0502710""}","{""amount_aed"": 2102595.0, ""as_of_date"": ""2026-05-09"", ""assigned_owner"": ""Lamis"", ""due_date"": null, ""escalation_status"": null, ""pr_status"": ""Pending for Accounts Approval"", ""process_tokens"": {""action_type"": ""finance_pr_quality_exception"", ""pr_status"": ""pending for accounts approval"", ""process_status"": """"}, ""ptp_date"": null, ""ptp_status"": null, ""rule_id"": ""pr_tat_ageing"", ""thresholds"": {""high_risk_amount_aed"": 1000000, ""stale_days"": 7}, ""updated_at"": ""2026-05-09T16:36:52.040696Z"", ""workflow_state"": ""queued""}","{""dedupe_key"": ""dedupe::f160a8644eeb885a2065e405"", ""notification_id"": ""notif::103b4af66638fbbaca0027c2"", ""rule_id"": ""pr_tat_ageing"", ""suppression_scope"": ""pr_tat_ageing:finance_pr::PR-0502710:mis_qcg_admin""}"
wf::finance_pr::PR-0502760,finance_pr::PR-0502760,queued,Hussein,,,,,evt_41862c3e640323ee,queued,system,batch8_seed,none,queued,2026-05-09T16:36:52.041761Z,notif::e1b36c0a96e2a2da8fc914d0,pr_tat_ageing,finance_exception_nudge,finance,medium,dedupe::b3431c4bfebdaa1d96cc6afb,pr_tat_ageing:finance_pr::PR-0502760:finance,2026-05-09T16:36:52.060469Z,disabled,in_app,B-21316,SR-V 122,sobha_dubai,Sobha Dubai,779728.0,process_exception,R31 PR unit update / PR quality evidence,live_validated_pr_exception_lineaged,cfae94f81167b0de488bef5a607098ac8c6cf27fcef67dbc12b644298aa53ad3,cfae94f81167b0de488bef5a607098ac8c6cf27fcef67dbc12b644298aa53ad3,cfae94f81167b0de488bef5a607098ac8c6cf27fcef67dbc12b644298aa53ad3,cfae94f81167b0de488bef5a607098ac8c6cf27fcef67dbc12b644298aa53ad3,"[{""cell_or_range"": ""A1022:AR1022"", ""confidence_state"": ""live_validated"", ""has_lineage"": true, ""metric_key"": ""PR_PR-0502760"", ""metric_label"": ""Payment request quality issue"", ""reporting_basis"": ""R31 PR unit update / PR quality"", ""sheet"": ""PR Data"", ""snapshot_date"": ""2026-05-01"", ""source_code"": ""R31"", ""source_file"": ""R31_PR Unit update 07-05-2026.xlsx"", ""validation_status"": ""passed""}]","{""source_action_title"": ""PR exception \u00b7 PR-0502760""}","{""amount_aed"": 779728.0, ""as_of_date"": ""2026-05-09"", ""assigned_owner"": ""Hussein"", ""due_date"": null, ""escalation_status"": null, ""pr_status"": ""Approved"", ""process_tokens"": {""action_type"": ""finance_pr_quality_exception"", ""pr_status"": ""approved"", ""process_status"": """"}, ""ptp_date"": null, ""ptp_status"": null, ""rule_id"": ""pr_tat_ageing"", ""thresholds"": {""high_risk_amount_aed"": 1000000, ""stale_days"": 7}, ""updated_at"": ""2026-05-09T16:36:52.041761Z"", ""workflow_state"": ""queued""}","{""dedupe_key"": ""dedupe::b3431c4bfebdaa1d96cc6afb"", ""notification_id"": ""notif::e1b36c0a96e2a2da8fc914d0"", ""rule_id"": ""pr_tat_ageing"", ""suppression_scope"": ""pr_tat_ageing:finance_pr::PR-0502760:finance""}"
wf::finance_pr::PR-0502760,finance_pr::PR-0502760,queued,Hussein,,,,,evt_41862c3e640323ee,queued,system,batch8_seed,none,queued,2026-05-09T16:36:52.041761Z,notif::440de82f239282199226f354,pr_tat_ageing,mis_qcg_governance_alert,mis_qcg_admin,medium,dedupe::716b40a7df354224de38f814,pr_tat_ageing:finance_pr::PR-0502760:mis_qcg_admin,2026-05-09T16:36:52.060514Z,disabled,in_app,B-21316,SR-V 122,sobha_dubai,Sobha Dubai,779728.0,process_exception,R31 PR unit update / PR quality evidence,live_validated_pr_exception_lineaged,cfae94f81167b0de488bef5a607098ac8c6cf27fcef67dbc12b644298aa53ad3,cfae94f81167b0de488bef5a607098ac8c6cf27fcef67dbc12b644298aa53ad3,cfae94f81167b0de488bef5a607098ac8c6cf27fcef67dbc12b644298aa53ad3,cfae94f81167b0de488bef5a607098ac8c6cf27fcef67dbc12b644298aa53ad3,"[{""cell_or_range"": ""A1022:AR1022"", ""confidence_state"": ""live_validated"", ""has_lineage"": true, ""metric_key"": ""PR_PR-0502760"", ""metric_label"": ""Payment request quality issue"", ""reporting_basis"": ""R31 PR unit update / PR quality"", ""sheet"": ""PR Data"", ""snapshot_date"": ""2026-05-01"", ""source_code"": ""R31"", ""source_file"": ""R31_PR Unit update 07-05-2026.xlsx"", ""validation_status"": ""passed""}]","{""source_action_title"": ""PR exception \u00b7 PR-0502760""}","{""amount_aed"": 779728.0, ""as_of_date"": ""2026-05-09"", ""assigned_owner"": ""Hussein"", ""due_date"": null, ""escalation_status"": null, ""pr_status"": ""Approved"", ""process_tokens"": {""action_type"": ""finance_pr_quality_exception"", ""pr_status"": ""approved"", ""process_status"": """"}, ""ptp_date"": null, ""ptp_status"": null, ""rule_id"": ""pr_tat_ageing"", ""thresholds"": {""high_risk_amount_aed"": 1000000, ""stale_days"": 7}, ""updated_at"": ""2026-05-09T16:36:52.041761Z"", ""workflow_state"": ""queued""}","{""dedupe_key"": ""dedupe::716b40a7df354224de38f814"", ""notification_id"": ""notif::440de82f239282199226f354"", ""rule_id"": ""pr_tat_ageing"", ""suppression_scope"": ""pr_tat_ageing:finance_pr::PR-0502760:mis_qcg_admin""}"
wf::finance_pr::PR-0502923,finance_pr::PR-0502923,queued,Moustafa,,,,,evt_7e69df8a66bfd8f6,queued,system,batch8_seed,none,queued,2026-05-09T16:36:52.041227Z,notif::eaca95acbb17307470026c7a,pr_tat_ageing,finance_exception_nudge,finance,medium,dedupe::a42e2f025ff127da72f4b897,pr_tat_ageing:finance_pr::PR-0502923:finance,2026-05-09T16:36:52.059138Z,disabled,in_app,B-23874,SSH-B1904,sobha_dubai,Sobha Dubai,873897.6,process_exception,R31 PR unit update / PR quality evidence,live_validated_pr_exception_lineaged,a5d56e16a784f7e1b484416c73d6dacda04a531b62115fed44f1cfb57e1062c4,a5d56e16a784f7e1b484416c73d6dacda04a531b62115fed44f1cfb57e1062c4,a5d56e16a784f7e1b484416c73d6dacda04a531b62115fed44f1cfb57e1062c4,a5d56e16a784f7e1b484416c73d6dacda04a531b62115fed44f1cfb57e1062c4,"[{""cell_or_range"": ""A867:AR867"", ""confidence_state"": ""live_validated"", ""has_lineage"": true, ""metric_key"": ""PR_PR-0502923"", ""metric_label"": ""Payment request quality issue"", ""reporting_basis"": ""R31 PR unit update / PR quality"", ""sheet"": ""PR Data"", ""snapshot_date"": ""2026-05-01"", ""source_code"": ""R31"", ""source_file"": ""R31_PR Unit update 07-05-2026.xlsx"", ""validation_status"": ""passed""}]","{""source_action_title"": ""PR exception \u00b7 PR-0502923""}","{""amount_aed"": 873897.6, ""as_of_date"": ""2026-05-09"", ""assigned_owner"": ""Moustafa"", ""due_date"": null, ""escalation_status"": null, ""pr_status"": ""Rejected by Accounts"", ""process_tokens"": {""action_type"": ""finance_pr_quality_exception"", ""pr_status"": ""rejected by accounts"", ""process_status"": """"}, ""ptp_date"": null, ""ptp_status"": null, ""rule_id"": ""pr_tat_ageing"", ""thresholds"": {""high_risk_amount_aed"": 1000000, ""stale_days"": 7}, ""updated_at"": ""2026-05-09T16:36:52.041227Z"", ""workflow_state"": ""queued""}","{""dedupe_key"": ""dedupe::a42e2f025ff127da72f4b897"", ""notification_id"": ""notif::eaca95acbb17307470026c7a"", ""rule_id"": ""pr_tat_ageing"", ""suppression_scope"": ""pr_tat_ageing:finance_pr::PR-0502923:finance""}"
wf::finance_pr::PR-0502923,finance_pr::PR-0502923,queued,Moustafa,,,,,evt_7e69df8a66bfd8f6,queued,system,batch8_seed,none,queued,2026-05-09T16:36:52.041227Z,notif::0cd19adc7de71a15101fe486,pr_tat_ageing,mis_qcg_governance_alert,mis_qcg_admin,medium,dedupe::2a9e79b24d90d211b65b4260,pr_tat_ageing:finance_pr::PR-0502923:mis_qcg_admin,2026-05-09T16:36:52.059182Z,disabled,in_app,B-23874,SSH-B1904,sobha_dubai,Sobha Dubai,873897.6,process_exception,R31 PR unit update / PR quality evidence,live_validated_pr_exception_lineaged,a5d56e16a784f7e1b484416c73d6dacda04a531b62115fed44f1cfb57e1062c4,a5d56e16a784f7e1b484416c73d6dacda04a531b62115fed44f1cfb57e1062c4,a5d56e16a784f7e1b484416c73d6dacda04a531b62115fed44f1cfb57e1062c4,a5d56e16a784f7e1b484416c73d6dacda04a531b62115fed44f1cfb57e1062c4,"[{""cell_or_range"": ""A867:AR867"", ""confidence_state"": ""live_validated"", ""has_lineage"": true, ""metric_key"": ""PR_PR-0502923"", ""metric_label"": ""Payment request quality issue"", ""reporting_basis"": ""R31 PR unit update / PR quality"", ""sheet"": ""PR Data"", ""snapshot_date"": ""2026-05-01"", ""source_code"": ""R31"", ""source_file"": ""R31_PR Unit update 07-05-2026.xlsx"", ""validation_status"": ""passed""}]","{""source_action_title"": ""PR exception \u00b7 PR-0502923""}","{""amount_aed"": 873897.6, ""as_of_date"": ""2026-05-09"", ""assigned_owner"": ""Moustafa"", ""due_date"": null, ""escalation_status"": null, ""pr_status"": ""Rejected by Accounts"", ""process_tokens"": {""action_type"": ""finance_pr_quality_exception"", ""pr_status"": ""rejected by accounts"", ""process_status"": """"}, ""ptp_date"": null, ""ptp_status"": null, ""rule_id"": ""pr_tat_ageing"", ""thresholds"": {""high_risk_amount_aed"": 1000000, ""stale_days"": 7}, ""updated_at"": ""2026-05-09T16:36:52.041227Z"", ""workflow_state"": ""queued""}","{""dedupe_key"": ""dedupe::2a9e79b24d90d211b65b4260"", ""notification_id"": ""notif::0cd19adc7de71a15101fe486"", ""rule_id"": ""pr_tat_ageing"", ""suppression_scope"": ""pr_tat_ageing:finance_pr::PR-0502923:mis_qcg_admin""}"
wf::finance_pr::PR-0502924,finance_pr::PR-0502924,queued,Moustafa,,,,,evt_5aac5200241ded6e,queued,system,batch8_seed,none,queued,2026-05-09T16:36:52.041161Z,notif::e7877c1b25102bb04c363b4d,pr_tat_ageing,finance_exception_nudge,finance,medium,dedupe::649e08557ed54d171b932d02,pr_tat_ageing:finance_pr::PR-0502924:finance,2026-05-09T16:36:52.059011Z,disabled,in_app,B-23874,SSH-B1904,sobha_dubai,Sobha Dubai,873897.6,process_exception,R31 PR unit update / PR quality evidence,live_validated_pr_exception_lineaged,58454a15d2dd513ec4a0b406a82051d9b78903b1581aae27e389d803b7c1625f,58454a15d2dd513ec4a0b406a82051d9b78903b1581aae27e389d803b7c1625f,58454a15d2dd513ec4a0b406a82051d9b78903b1581aae27e389d803b7c1625f,58454a15d2dd513ec4a0b406a82051d9b78903b1581aae27e389d803b7c1625f,"[{""cell_or_range"": ""A866:AR866"", ""confidence_state"": ""live_validated"", ""has_lineage"": true, ""metric_key"": ""PR_PR-0502924"", ""metric_label"": ""Payment request quality issue"", ""reporting_basis"": ""R31 PR unit update / PR quality"", ""sheet"": ""PR Data"", ""snapshot_date"": ""2026-05-01"", ""source_code"": ""R31"", ""source_file"": ""R31_PR Unit update 07-05-2026.xlsx"", ""validation_status"": ""passed""}]","{""source_action_title"": ""PR exception \u00b7 PR-0502924""}","{""amount_aed"": 873897.6, ""as_of_date"": ""2026-05-09"", ""assigned_owner"": ""Moustafa"", ""due_date"": null, ""escalation_status"": null, ""pr_status"": ""Rejected by Accounts"", ""process_tokens"": {""action_type"": ""finance_pr_quality_exception"", ""pr_status"": ""rejected by accounts"", ""process_status"": """"}, ""ptp_date"": null, ""ptp_status"": null, ""rule_id"": ""pr_tat_ageing"", ""thresholds"": {""high_risk_amount_aed"": 1000000, ""stale_days"": 7}, ""updated_at"": ""2026-05-09T16:36:52.041161Z"", ""workflow_state"": ""queued""}","{""dedupe_key"": ""dedupe::649e08557ed54d171b932d02"", ""notification_id"": ""notif::e7877c1b25102bb04c363b4d"", ""rule_id"": ""pr_tat_ageing"", ""suppression_scope"": ""pr_tat_ageing:finance_pr::PR-0502924:finance""}"
wf::finance_pr::PR-0502924,finance_pr::PR-0502924,queued,Moustafa,,,,,evt_5aac5200241ded6e,queued,system,batch8_seed,none,queued,2026-05-09T16:36:52.041161Z,notif::465e611a600d3e96558f56cc,pr_tat_ageing,mis_qcg_governance_alert,mis_qcg_admin,medium,dedupe::5289cb82f0451419cadda549,pr_tat_ageing:finance_pr::PR-0502924:mis_qcg_admin,2026-05-09T16:36:52.059055Z,disabled,in_app,B-23874,SSH-B1904,sobha_dubai,Sobha Dubai,873897.6,process_exception,R31 PR unit update / PR quality evidence,live_validated_pr_exception_lineaged,58454a15d2dd513ec4a0b406a82051d9b78903b1581aae27e389d803b7c1625f,58454a15d2dd513ec4a0b406a82051d9b78903b1581aae27e389d803b7c1625f,58454a15d2dd513ec4a0b406a82051d9b78903b1581aae27e389d803b7c1625f,58454a15d2dd513ec4a0b406a82051d9b78903b1581aae27e389d803b7c1625f,"[{""cell_or_range"": ""A866:AR866"", ""confidence_state"": ""live_validated"", ""has_lineage"": true, ""metric_key"": ""PR_PR-0502924"", ""metric_label"": ""Payment request quality issue"", ""reporting_basis"": ""R31 PR unit update / PR quality"", ""sheet"": ""PR Data"", ""snapshot_date"": ""2026-05-01"", ""source_code"": ""R31"", ""source_file"": ""R31_PR Unit update 07-05-2026.xlsx"", ""validation_status"": ""passed""}]","{""source_action_title"": ""PR exception \u00b7 PR-0502924""}","{""amount_aed"": 873897.6, ""as_of_date"": ""2026-05-09"", ""assigned_owner"": ""Moustafa"", ""due_date"": null, ""escalation_status"": null, ""pr_status"": ""Rejected by Accounts"", ""process_tokens"": {""action_type"": ""finance_pr_quality_exception"", ""pr_status"": ""rejected by accounts"", ""process_status"": """"}, ""ptp_date"": null, ""ptp_status"": null, ""rule_id"": ""pr_tat_ageing"", ""thresholds"": {""high_risk_amount_aed"": 1000000, ""stale_days"": 7}, ""updated_at"": ""2026-05-09T16:36:52.041161Z"", ""workflow_state"": ""queued""}","{""dedupe_key"": ""dedupe::5289cb82f0451419cadda549"", ""notification_id"": ""notif::465e611a600d3e96558f56cc"", ""rule_id"": ""pr_tat_ageing"", ""suppression_scope"": ""pr_tat_ageing:finance_pr::PR-0502924:mis_qcg_admin""}"
wf::finance_pr::PR-0502927,finance_pr::PR-0502927,queued,Moustafa,,,,,evt_3dfeebeeca8e8cd9,queued,system,batch8_seed,none,queued,2026-05-09T16:36:52.041105Z,notif::2a3fe7cc92f0de4c26d5dfec,pr_tat_ageing,finance_exception_nudge,finance,medium,dedupe::1b93a6298238ac48008c3c92,pr_tat_ageing:finance_pr::PR-0502927:finance,2026-05-09T16:36:52.058902Z,disabled,in_app,B-23874,SSH-B1904,sobha_dubai,Sobha Dubai,873897.6,process_exception,R31 PR unit update / PR quality evidence,live_validated_pr_exception_lineaged,1d4440f027847e673391be244cb0e0338a774b19de0c5b6f3e36036afaf44f0c,1d4440f027847e673391be244cb0e0338a774b19de0c5b6f3e36036afaf44f0c,1d4440f027847e673391be244cb0e0338a774b19de0c5b6f3e36036afaf44f0c,1d4440f027847e673391be244cb0e0338a774b19de0c5b6f3e36036afaf44f0c,"[{""cell_or_range"": ""A865:AR865"", ""confidence_state"": ""live_validated"", ""has_lineage"": true, ""metric_key"": ""PR_PR-0502927"", ""metric_label"": ""Payment request quality issue"", ""reporting_basis"": ""R31 PR unit update / PR quality"", ""sheet"": ""PR Data"", ""snapshot_date"": ""2026-05-01"", ""source_code"": ""R31"", ""source_file"": ""R31_PR Unit update 07-05-2026.xlsx"", ""validation_status"": ""passed""}]","{""source_action_title"": ""PR exception \u00b7 PR-0502927""}","{""amount_aed"": 873897.6, ""as_of_date"": ""2026-05-09"", ""assigned_owner"": ""Moustafa"", ""due_date"": null, ""escalation_status"": null, ""pr_status"": ""Rejected by Accounts"", ""process_tokens"": {""action_type"": ""finance_pr_quality_exception"", ""pr_status"": ""rejected by accounts"", ""process_status"": """"}, ""ptp_date"": null, ""ptp_status"": null, ""rule_id"": ""pr_tat_ageing"", ""thresholds"": {""high_risk_amount_aed"": 1000000, ""stale_days"": 7}, ""updated_at"": ""2026-05-09T16:36:52.041105Z"", ""workflow_state"": ""queued""}","{""dedupe_key"": ""dedupe::1b93a6298238ac48008c3c92"", ""notification_id"": ""notif::2a3fe7cc92f0de4c26d5dfec"", ""rule_id"": ""pr_tat_ageing"", ""suppression_scope"": ""pr_tat_ageing:finance_pr::PR-0502927:finance""}"
wf::finance_pr::PR-0502927,finance_pr::PR-0502927,queued,Moustafa,,,,,evt_3dfeebeeca8e8cd9,queued,system,batch8_seed,none,queued,2026-05-09T16:36:52.041105Z,notif::6ea91b28cc93cd53f3f34192,pr_tat_ageing,mis_qcg_governance_alert,mis_qcg_admin,medium,dedupe::b0d663f5d635012327685a31,pr_tat_ageing:finance_pr::PR-0502927:mis_qcg_admin,2026-05-09T16:36:52.058946Z,disabled,in_app,B-23874,SSH-B1904,sobha_dubai,Sobha Dubai,873897.6,process_exception,R31 PR unit update / PR quality evidence,live_validated_pr_exception_lineaged,1d4440f027847e673391be244cb0e0338a774b19de0c5b6f3e36036afaf44f0c,1d4440f027847e673391be244cb0e0338a774b19de0c5b6f3e36036afaf44f0c,1d4440f027847e673391be244cb0e0338a774b19de0c5b6f3e36036afaf44f0c,1d4440f027847e673391be244cb0e0338a774b19de0c5b6f3e36036afaf44f0c,"[{""cell_or_range"": ""A865:AR865"", ""confidence_state"": ""live_validated"", ""has_lineage"": true, ""metric_key"": ""PR_PR-0502927"", ""metric_label"": ""Payment request quality issue"", ""reporting_basis"": ""R31 PR unit update / PR quality"", ""sheet"": ""PR Data"", ""snapshot_date"": ""2026-05-01"", ""source_code"": ""R31"", ""source_file"": ""R31_PR Unit update 07-05-2026.xlsx"", ""validation_status"": ""passed""}]","{""source_action_title"": ""PR exception \u00b7 PR-0502927""}","{""amount_aed"": 873897.6, ""as_of_date"": ""2026-05-09"", ""assigned_owner"": ""Moustafa"", ""due_date"": null, ""escalation_status"": null, ""pr_status"": ""Rejected by Accounts"", ""process_tokens"": {""action_type"": ""finance_pr_quality_exception"", ""pr_status"": ""rejected by accounts"", ""process_status"": """"}, ""ptp_date"": null, ""ptp_status"": null, ""rule_id"": ""pr_tat_ageing"", ""thresholds"": {""high_risk_amount_aed"": 1000000, ""stale_days"": 7}, ""updated_at"": ""2026-05-09T16:36:52.041105Z"", ""workflow_state"": ""queued""}","{""dedupe_key"": ""dedupe::b0d663f5d635012327685a31"", ""notification_id"": ""notif::6ea91b28cc93cd53f3f34192"", ""rule_id"": ""pr_tat_ageing"", ""suppression_scope"": ""pr_tat_ageing:finance_pr::PR-0502927:mis_qcg_admin""}"
wf::finance_pr::PR-0503085,finance_pr::PR-0503085,queued,Zeba,,,,,evt_450dcf321f3a413f,queued,system,batch8_seed,none,queued,2026-05-09T16:36:52.041716Z,notif::92664f25e6568c42d0814d3d,pr_tat_ageing,finance_exception_nudge,finance,medium,dedupe::bbb6ac21413be39ce117696a,pr_tat_ageing:finance_pr::PR-0503085:finance,2026-05-09T16:36:52.060361Z,disabled,in_app,B-34524,SEL-V 013,sobha_dubai,Sobha Dubai,789681.0,process_exception,R31 PR unit update / PR quality evidence,live_validated_pr_exception_lineaged,84f792d299770e51770f5d83abecb906e44c588f5da8e4201cf7da0f81f8078b,84f792d299770e51770f5d83abecb906e44c588f5da8e4201cf7da0f81f8078b,84f792d299770e51770f5d83abecb906e44c588f5da8e4201cf7da0f81f8078b,84f792d299770e51770f5d83abecb906e44c588f5da8e4201cf7da0f81f8078b,"[{""cell_or_range"": ""A1368:AR1368"", ""confidence_state"": ""live_validated"", ""has_lineage"": true, ""metric_key"": ""PR_PR-0503085"", ""metric_label"": ""Payment request quality issue"", ""reporting_basis"": ""R31 PR unit update / PR quality"", ""sheet"": ""PR Data"", ""snapshot_date"": ""2026-05-02"", ""source_code"": ""R31"", ""source_file"": ""R31_PR Unit update 07-05-2026.xlsx"", ""validation_status"": ""passed""}]","{""source_action_title"": ""PR exception \u00b7 PR-0503085""}","{""amount_aed"": 789681.0, ""as_of_date"": ""2026-05-09"", ""assigned_owner"": ""Zeba"", ""due_date"": null, ""escalation_status"": null, ""pr_status"": ""Pending for Accounts Approval"", ""process_tokens"": {""action_type"": ""finance_pr_quality_exception"", ""pr_status"": ""pending for accounts approval"", ""process_status"": """"}, ""ptp_date"": null, ""ptp_status"": null, ""rule_id"": ""pr_tat_ageing"", ""thresholds"": {""high_risk_amount_aed"": 1000000, ""stale_days"": 7}, ""updated_at"": ""2026-05-09T16:36:52.041716Z"", ""workflow_state"": ""queued""}","{""dedupe_key"": ""dedupe::bbb6ac21413be39ce117696a"", ""notification_id"": ""notif::92664f25e6568c42d0814d3d"", ""rule_id"": ""pr_tat_ageing"", ""suppression_scope"": ""pr_tat_ageing:finance_pr::PR-0503085:finance""}"
wf::finance_pr::PR-0503085,finance_pr::PR-0503085,queued,Zeba,,,,,evt_450dcf321f3a413f,queued,system,batch8_seed,none,queued,2026-05-09T16:36:52.041716Z,notif::3af03aa61bd8083f7d9800f6,pr_tat_ageing,mis_qcg_governance_alert,mis_qcg_admin,medium,dedupe::cd9f867998e6a06313f5a005,pr_tat_ageing:finance_pr::PR-0503085:mis_qcg_admin,2026-05-09T16:36:52.060405Z,disabled,in_app,B-34524,SEL-V 013,sobha_dubai,Sobha Dubai,789681.0,process_exception,R31 PR unit update / PR quality evidence,live_validated_pr_exception_lineaged,84f792d299770e51770f5d83abecb906e44c588f5da8e4201cf7da0f81f8078b,84f792d299770e51770f5d83abecb906e44c588f5da8e4201cf7da0f81f8078b,84f792d299770e51770f5d83abecb906e44c588f5da8e4201cf7da0f81f8078b,84f792d299770e51770f5d83abecb906e44c588f5da8e4201cf7da0f81f8078b,"[{""cell_or_range"": ""A1368:AR1368"", ""confidence_state"": ""live_validated"", ""has_lineage"": true, ""metric_key"": ""PR_PR-0503085"", ""metric_label"": ""Payment request quality issue"", ""reporting_basis"": ""R31 PR unit update / PR quality"", ""sheet"": ""PR Data"", ""snapshot_date"": ""2026-05-02"", ""source_code"": ""R31"", ""source_file"": ""R31_PR Unit update 07-05-2026.xlsx"", ""validation_status"": ""passed""}]","{""source_action_title"": ""PR exception \u00b7 PR-0503085""}","{""amount_aed"": 789681.0, ""as_of_date"": ""2026-05-09"", ""assigned_owner"": ""Zeba"", ""due_date"": null, ""escalation_status"": null, ""pr_status"": ""Pending for Accounts Approval"", ""process_tokens"": {""action_type"": ""finance_pr_quality_exception"", ""pr_status"": ""pending for accounts approval"", ""process_status"": """"}, ""ptp_date"": null, ""ptp_status"": null, ""rule_id"": ""pr_tat_ageing"", ""thresholds"": {""high_risk_amount_aed"": 1000000, ""stale_days"": 7}, ""updated_at"": ""2026-05-09T16:36:52.041716Z"", ""workflow_state"": ""queued""}","{""dedupe_key"": ""dedupe::cd9f867998e6a06313f5a005"", ""notification_id"": ""notif::3af03aa61bd8083f7d9800f6"", ""rule_id"": ""pr_tat_ageing"", ""suppression_scope"": ""pr_tat_ageing:finance_pr::PR-0503085:mis_qcg_admin""}"
wf::finance_pr::PR-0503996,finance_pr::PR-0503996,queued,Sarmad,,,,,evt_f8cdc28256e11680,queued,system,batch8_seed,none,queued,2026-05-09T16:36:52.041272Z,notif::ac1cc928f9b7f0b08c0b065a,pr_tat_ageing,finance_exception_nudge,finance,medium,dedupe::e23d40ae4e849b28681e53fd,pr_tat_ageing:finance_pr::PR-0503996:finance,2026-05-09T16:36:52.059245Z,disabled,in_app,B-10699,CGC3601,sobha_dubai,Sobha Dubai,871442.0,process_exception,R31 PR unit update / PR quality evidence,live_validated_pr_exception_lineaged,9bbbc55f63b91cf75c01cd5c28a02136c78f1ad5b3bb14ec6ac35ebd9e18dc05,9bbbc55f63b91cf75c01cd5c28a02136c78f1ad5b3bb14ec6ac35ebd9e18dc05,9bbbc55f63b91cf75c01cd5c28a02136c78f1ad5b3bb14ec6ac35ebd9e18dc05,9bbbc55f63b91cf75c01cd5c28a02136c78f1ad5b3bb14ec6ac35ebd9e18dc05,"[{""cell_or_range"": ""A583:AR583"", ""confidence_state"": ""live_validated"", ""has_lineage"": true, ""metric_key"": ""PR_PR-0503996"", ""metric_label"": ""Payment request quality issue"", ""reporting_basis"": ""R31 PR unit update / PR quality"", ""sheet"": ""PR Data"", ""snapshot_date"": ""2026-05-04"", ""source_code"": ""R31"", ""source_file"": ""R31_PR Unit update 07-05-2026.xlsx"", ""validation_status"": ""passed""}]","{""source_action_title"": ""PR exception \u00b7 PR-0503996""}","{""amount_aed"": 871442.0, ""as_of_date"": ""2026-05-09"", ""assigned_owner"": ""Sarmad"", ""due_date"": null, ""escalation_status"": null, ""pr_status"": ""Rejected by System"", ""process_tokens"": {""action_type"": ""finance_pr_quality_exception"", ""pr_status"": ""rejected by system"", ""process_status"": """"}, ""ptp_date"": null, ""ptp_status"": null, ""rule_id"": ""pr_tat_ageing"", ""thresholds"": {""high_risk_amount_aed"": 1000000, ""stale_days"": 7}, ""updated_at"": ""2026-05-09T16:36:52.041272Z"", ""workflow_state"": ""queued""}","{""dedupe_key"": ""dedupe::e23d40ae4e849b28681e53fd"", ""notification_id"": ""notif::ac1cc928f9b7f0b08c0b065a"", ""rule_id"": ""pr_tat_ageing"", ""suppression_scope"": ""pr_tat_ageing:finance_pr::PR-0503996:finance""}"
wf::finance_pr::PR-0503996,finance_pr::PR-0503996,queued,Sarmad,,,,,evt_f8cdc28256e11680,queued,system,batch8_seed,none,queued,2026-05-09T16:36:52.041272Z,notif::6ce916121cfa4faab6545c37,pr_tat_ageing,mis_qcg_governance_alert,mis_qcg_admin,medium,dedupe::f0da7378bd52e879123c402a,pr_tat_ageing:finance_pr::PR-0503996:mis_qcg_admin,2026-05-09T16:36:52.059296Z,disabled,in_app,B-10699,CGC3601,sobha_dubai,Sobha Dubai,871442.0,process_exception,R31 PR unit update / PR quality evidence,live_validated_pr_exception_lineaged,9bbbc55f63b91cf75c01cd5c28a02136c78f1ad5b3bb14ec6ac35ebd9e18dc05,9bbbc55f63b91cf75c01cd5c28a02136c78f1ad5b3bb14ec6ac35ebd9e18dc05,9bbbc55f63b91cf75c01cd5c28a02136c78f1ad5b3bb14ec6ac35ebd9e18dc05,9bbbc55f63b91cf75c01cd5c28a02136c78f1ad5b3bb14ec6ac35ebd9e18dc05,"[{""cell_or_range"": ""A583:AR583"", ""confidence_state"": ""live_validated"", ""has_lineage"": true, ""metric_key"": ""PR_PR-0503996"", ""metric_label"": ""Payment request quality issue"", ""reporting_basis"": ""R31 PR unit update / PR quality"", ""sheet"": ""PR Data"", ""snapshot_date"": ""2026-05-04"", ""source_code"": ""R31"", ""source_file"": ""R31_PR Unit update 07-05-2026.xlsx"", ""validation_status"": ""passed""}]","{""source_action_title"": ""PR exception \u00b7 PR-0503996""}","{""amount_aed"": 871442.0, ""as_of_date"": ""2026-05-09"", ""assigned_owner"": ""Sarmad"", ""due_date"": null, ""escalation_status"": null, ""pr_status"": ""Rejected by System"", ""process_tokens"": {""action_type"": ""finance_pr_quality_exception"", ""pr_status"": ""rejected by system"", ""process_status"": """"}, ""ptp_date"": null, ""ptp_status"": null, ""rule_id"": ""pr_tat_ageing"", ""thresholds"": {""high_risk_amount_aed"": 1000000, ""stale_days"": 7}, ""updated_at"": ""2026-05-09T16:36:52.041272Z"", ""workflow_state"": ""queued""}","{""dedupe_key"": ""dedupe::f0da7378bd52e879123c402a"", ""notification_id"": ""notif::6ce916121cfa4faab6545c37"", ""rule_id"": ""pr_tat_ageing"", ""suppression_scope"": ""pr_tat_ageing:finance_pr::PR-0503996:mis_qcg_admin""}"
wf::finance_pr::PR-0504054,finance_pr::PR-0504054,queued,Sarmad,,,,,evt_19c98354c0da273e,queued,system,batch8_seed,none,queued,2026-05-09T16:36:52.041359Z,notif::6abee14d63d809f87a892b23,pr_tat_ageing,finance_exception_nudge,finance,medium,dedupe::385fdf0d54b54cfb199b8a33,pr_tat_ageing:finance_pr::PR-0504054:finance,2026-05-09T16:36:52.059468Z,disabled,in_app,B-10699,CGC3601,sobha_dubai,Sobha Dubai,871442.0,process_exception,R31 PR unit update / PR quality evidence,live_validated_pr_exception_lineaged,1b8ef1c570bd800ea2e30904048d271d68c6880ba313886484eba1782611ba51,1b8ef1c570bd800ea2e30904048d271d68c6880ba313886484eba1782611ba51,1b8ef1c570bd800ea2e30904048d271d68c6880ba313886484eba1782611ba51,1b8ef1c570bd800ea2e30904048d271d68c6880ba313886484eba1782611ba51,"[{""cell_or_range"": ""A587:AR587"", ""confidence_state"": ""live_validated"", ""has_lineage"": true, ""metric_key"": ""PR_PR-0504054"", ""metric_label"": ""Payment request quality issue"", ""reporting_basis"": ""R31 PR unit update / PR quality"", ""sheet"": ""PR Data"", ""snapshot_date"": ""2026-05-04"", ""source_code"": ""R31"", ""source_file"": ""R31_PR Unit update 07-05-2026.xlsx"", ""validation_status"": ""passed""}]","{""source_action_title"": ""PR exception \u00b7 PR-0504054""}","{""amount_aed"": 871442.0, ""as_of_date"": ""2026-05-09"", ""assigned_owner"": ""Sarmad"", ""due_date"": null, ""escalation_status"": null, ""pr_status"": ""Rejected by System"", ""process_tokens"": {""action_type"": ""finance_pr_quality_exception"", ""pr_status"": ""rejected by system"", ""process_status"": """"}, ""ptp_date"": null, ""ptp_status"": null, ""rule_id"": ""pr_tat_ageing"", ""thresholds"": {""high_risk_amount_aed"": 1000000, ""stale_days"": 7}, ""updated_at"": ""2026-05-09T16:36:52.041359Z"", ""workflow_state"": ""queued""}","{""dedupe_key"": ""dedupe::385fdf0d54b54cfb199b8a33"", ""notification_id"": ""notif::6abee14d63d809f87a892b23"", ""rule_id"": ""pr_tat_ageing"", ""suppression_scope"": ""pr_tat_ageing:finance_pr::PR-0504054:finance""}"
wf::finance_pr::PR-0504054,finance_pr::PR-0504054,queued,Sarmad,,,,,evt_19c98354c0da273e,queued,system,batch8_seed,none,queued,2026-05-09T16:36:52.041359Z,notif::60296fac80e3b0edb8a07aa8,pr_tat_ageing,mis_qcg_governance_alert,mis_qcg_admin,medium,dedupe::d44a057c7f97d048a5c7faa1,pr_tat_ageing:finance_pr::PR-0504054:mis_qcg_admin,2026-05-09T16:36:52.059512Z,disabled,in_app,B-10699,CGC3601,sobha_dubai,Sobha Dubai,871442.0,process_exception,R31 PR unit update / PR quality evidence,live_validated_pr_exception_lineaged,1b8ef1c570bd800ea2e30904048d271d68c6880ba313886484eba1782611ba51,1b8ef1c570bd800ea2e30904048d271d68c6880ba313886484eba1782611ba51,1b8ef1c570bd800ea2e30904048d271d68c6880ba313886484eba1782611ba51,1b8ef1c570bd800ea2e30904048d271d68c6880ba313886484eba1782611ba51,"[{""cell_or_range"": ""A587:AR587"", ""confidence_state"": ""live_validated"", ""has_lineage"": true, ""metric_key"": ""PR_PR-0504054"", ""metric_label"": ""Payment request quality issue"", ""reporting_basis"": ""R31 PR unit update / PR quality"", ""sheet"": ""PR Data"", ""snapshot_date"": ""2026-05-04"", ""source_code"": ""R31"", ""source_file"": ""R31_PR Unit update 07-05-2026.xlsx"", ""validation_status"": ""passed""}]","{""source_action_title"": ""PR exception \u00b7 PR-0504054""}","{""amount_aed"": 871442.0, ""as_of_date"": ""2026-05-09"", ""assigned_owner"": ""Sarmad"", ""due_date"": null, ""escalation_status"": null, ""pr_status"": ""Rejected by System"", ""process_tokens"": {""action_type"": ""finance_pr_quality_exception"", ""pr_status"": ""rejected by system"", ""process_status"": """"}, ""ptp_date"": null, ""ptp_status"": null, ""rule_id"": ""pr_tat_ageing"", ""thresholds"": {""high_risk_amount_aed"": 1000000, ""stale_days"": 7}, ""updated_at"": ""2026-05-09T16:36:52.041359Z"", ""workflow_state"": ""queued""}","{""dedupe_key"": ""dedupe::d44a057c7f97d048a5c7faa1"", ""notification_id"": ""notif::60296fac80e3b0edb8a07aa8"", ""rule_id"": ""pr_tat_ageing"", ""suppression_scope"": ""pr_tat_ageing:finance_pr::PR-0504054:mis_qcg_admin""}"
wf::finance_pr::PR-0504123,finance_pr::PR-0504123,queued,Sarmad,,,,,evt_9e7f9588a2b479f6,queued,system,batch8_seed,none,queued,2026-05-09T16:36:52.041316Z,notif::13d7cc0f86446ac785a08654,pr_tat_ageing,finance_exception_nudge,finance,medium,dedupe::e405efef5a8a4aee35f6597a,pr_tat_ageing:finance_pr::PR-0504123:finance,2026-05-09T16:36:52.059360Z,disabled,in_app,B-10699,CGC3601,sobha_dubai,Sobha Dubai,871442.0,process_exception,R31 PR unit update / PR quality evidence,live_validated_pr_exception_lineaged,16a1d608d50e78950deff2651741dab7e6dd978fc48f6ff1a1e6c9d715757b81,16a1d608d50e78950deff2651741dab7e6dd978fc48f6ff1a1e6c9d715757b81,16a1d608d50e78950deff2651741dab7e6dd978fc48f6ff1a1e6c9d715757b81,16a1d608d50e78950deff2651741dab7e6dd978fc48f6ff1a1e6c9d715757b81,"[{""cell_or_range"": ""A586:AR586"", ""confidence_state"": ""live_validated"", ""has_lineage"": true, ""metric_key"": ""PR_PR-0504123"", ""metric_label"": ""Payment request quality issue"", ""reporting_basis"": ""R31 PR unit update / PR quality"", ""sheet"": ""PR Data"", ""snapshot_date"": ""2026-05-04"", ""source_code"": ""R31"", ""source_file"": ""R31_PR Unit update 07-05-2026.xlsx"", ""validation_status"": ""passed""}]","{""source_action_title"": ""PR exception \u00b7 PR-0504123""}","{""amount_aed"": 871442.0, ""as_of_date"": ""2026-05-09"", ""assigned_owner"": ""Sarmad"", ""due_date"": null, ""escalation_status"": null, ""pr_status"": ""Rejected by System"", ""process_tokens"": {""action_type"": ""finance_pr_quality_exception"", ""pr_status"": ""rejected by system"", ""process_status"": """"}, ""ptp_date"": null, ""ptp_status"": null, ""rule_id"": ""pr_tat_ageing"", ""thresholds"": {""high_risk_amount_aed"": 1000000, ""stale_days"": 7}, ""updated_at"": ""2026-05-09T16:36:52.041316Z"", ""workflow_state"": ""queued""}","{""dedupe_key"": ""dedupe::e405efef5a8a4aee35f6597a"", ""notification_id"": ""notif::13d7cc0f86446ac785a08654"", ""rule_id"": ""pr_tat_ageing"", ""suppression_scope"": ""pr_tat_ageing:finance_pr::PR-0504123:finance""}"
wf::finance_pr::PR-0504123,finance_pr::PR-0504123,queued,Sarmad,,,,,evt_9e7f9588a2b479f6,queued,system,batch8_seed,none,queued,2026-05-09T16:36:52.041316Z,notif::452b4f6d81f09c98c166b5eb,pr_tat_ageing,mis_qcg_governance_alert,mis_qcg_admin,medium,dedupe::cd000269bd616d5e1e52bb93,pr_tat_ageing:finance_pr::PR-0504123:mis_qcg_admin,2026-05-09T16:36:52.059403Z,disabled,in_app,B-10699,CGC3601,sobha_dubai,Sobha Dubai,871442.0,process_exception,R31 PR unit update / PR quality evidence,live_validated_pr_exception_lineaged,16a1d608d50e78950deff2651741dab7e6dd978fc48f6ff1a1e6c9d715757b81,16a1d608d50e78950deff2651741dab7e6dd978fc48f6ff1a1e6c9d715757b81,16a1d608d50e78950deff2651741dab7e6dd978fc48f6ff1a1e6c9d715757b81,16a1d608d50e78950deff2651741dab7e6dd978fc48f6ff1a1e6c9d715757b81,"[{""cell_or_range"": ""A586:AR586"", ""confidence_state"": ""live_validated"", ""has_lineage"": true, ""metric_key"": ""PR_PR-0504123"", ""metric_label"": ""Payment request quality issue"", ""reporting_basis"": ""R31 PR unit update / PR quality"", ""sheet"": ""PR Data"", ""snapshot_date"": ""2026-05-04"", ""source_code"": ""R31"", ""source_file"": ""R31_PR Unit update 07-05-2026.xlsx"", ""validation_status"": ""passed""}]","{""source_action_title"": ""PR exception \u00b7 PR-0504123""}","{""amount_aed"": 871442.0, ""as_of_date"": ""2026-05-09"", ""assigned_owner"": ""Sarmad"", ""due_date"": null, ""escalation_status"": null, ""pr_status"": ""Rejected by System"", ""process_tokens"": {""action_type"": ""finance_pr_quality_exception"", ""pr_status"": ""rejected by system"", ""process_status"": """"}, ""ptp_date"": null, ""ptp_status"": null, ""rule_id"": ""pr_tat_ageing"", ""thresholds"": {""high_risk_amount_aed"": 1000000, ""stale_days"": 7}, ""updated_at"": ""2026-05-09T16:36:52.041316Z"", ""workflow_state"": ""queued""}","{""dedupe_key"": ""dedupe::cd000269bd616d5e1e52bb93"", ""notification_id"": ""notif::452b4f6d81f09c98c166b5eb"", ""rule_id"": ""pr_tat_ageing"", ""suppression_scope"": ""pr_tat_ageing:finance_pr::PR-0504123:mis_qcg_admin""}"
wf::finance_pr::PR-0504696,finance_pr::PR-0504696,queued,Yusuf,,,,,evt_2da4600ce7c3d7ee,queued,system,batch8_seed,none,queued,2026-05-09T16:36:52.041017Z,notif::24ef7090c1832f8ed5417a00,pr_tat_ageing,finance_exception_nudge,finance,medium,dedupe::68ce07094e8cce49e427dab5,pr_tat_ageing:finance_pr::PR-0504696:finance,2026-05-09T16:36:52.058651Z,disabled,in_app,B-38420,SO-EL-4802,sobha_dubai,Sobha Dubai,1000391.0,process_exception,R31 PR unit update / PR quality evidence,live_validated_pr_exception_lineaged,3e6372643785f7939f10ca861db745c4587d6647d9f3fc78a254da9386b73e0f,3e6372643785f7939f10ca861db745c4587d6647d9f3fc78a254da9386b73e0f,3e6372643785f7939f10ca861db745c4587d6647d9f3fc78a254da9386b73e0f,3e6372643785f7939f10ca861db745c4587d6647d9f3fc78a254da9386b73e0f,"[{""cell_or_range"": ""A1821:AR1821"", ""confidence_state"": ""live_validated"", ""has_lineage"": true, ""metric_key"": ""PR_PR-0504696"", ""metric_label"": ""Payment request quality issue"", ""reporting_basis"": ""R31 PR unit update / PR quality"", ""sheet"": ""PR Data"", ""snapshot_date"": ""2026-05-05"", ""source_code"": ""R31"", ""source_file"": ""R31_PR Unit update 07-05-2026.xlsx"", ""validation_status"": ""passed""}]","{""source_action_title"": ""PR exception \u00b7 PR-0504696""}","{""amount_aed"": 1000391.0, ""as_of_date"": ""2026-05-09"", ""assigned_owner"": ""Yusuf"", ""due_date"": null, ""escalation_status"": null, ""pr_status"": ""Rejected by System"", ""process_tokens"": {""action_type"": ""finance_pr_quality_exception"", ""pr_status"": ""rejected by system"", ""process_status"": """"}, ""ptp_date"": null, ""ptp_status"": null, ""rule_id"": ""pr_tat_ageing"", ""thresholds"": {""high_risk_amount_aed"": 1000000, ""stale_days"": 7}, ""updated_at"": ""2026-05-09T16:36:52.041017Z"", ""workflow_state"": ""queued""}","{""dedupe_key"": ""dedupe::68ce07094e8cce49e427dab5"", ""notification_id"": ""notif::24ef7090c1832f8ed5417a00"", ""rule_id"": ""pr_tat_ageing"", ""suppression_scope"": ""pr_tat_ageing:finance_pr::PR-0504696:finance""}"
wf::finance_pr::PR-0504696,finance_pr::PR-0504696,queued,Yusuf,,,,,evt_2da4600ce7c3d7ee,queued,system,batch8_seed,none,queued,2026-05-09T16:36:52.041017Z,notif::41de32215c0ce84c43328660,pr_tat_ageing,mis_qcg_governance_alert,mis_qcg_admin,medium,dedupe::76221558314392531f57adbc,pr_tat_ageing:finance_pr::PR-0504696:mis_qcg_admin,2026-05-09T16:36:52.058700Z,disabled,in_app,B-38420,SO-EL-4802,sobha_dubai,Sobha Dubai,1000391.0,process_exception,R31 PR unit update / PR quality evidence,live_validated_pr_exception_lineaged,3e6372643785f7939f10ca861db745c4587d6647d9f3fc78a254da9386b73e0f,3e6372643785f7939f10ca861db745c4587d6647d9f3fc78a254da9386b73e0f,3e6372643785f7939f10ca861db745c4587d6647d9f3fc78a254da9386b73e0f,3e6372643785f7939f10ca861db745c4587d6647d9f3fc78a254da9386b73e0f,"[{""cell_or_range"": ""A1821:AR1821"", ""confidence_state"": ""live_validated"", ""has_lineage"": true, ""metric_key"": ""PR_PR-0504696"", ""metric_label"": ""Payment request quality issue"", ""reporting_basis"": ""R31 PR unit update / PR quality"", ""sheet"": ""PR Data"", ""snapshot_date"": ""2026-05-05"", ""source_code"": ""R31"", ""source_file"": ""R31_PR Unit update 07-05-2026.xlsx"", ""validation_status"": ""passed""}]","{""source_action_title"": ""PR exception \u00b7 PR-0504696""}","{""amount_aed"": 1000391.0, ""as_of_date"": ""2026-05-09"", ""assigned_owner"": ""Yusuf"", ""due_date"": null, ""escalation_status"": null, ""pr_status"": ""Rejected by System"", ""process_tokens"": {""action_type"": ""finance_pr_quality_exception"", ""pr_status"": ""rejected by system"", ""process_status"": """"}, ""ptp_date"": null, ""ptp_status"": null, ""rule_id"": ""pr_tat_ageing"", ""thresholds"": {""high_risk_amount_aed"": 1000000, ""stale_days"": 7}, ""updated_at"": ""2026-05-09T16:36:52.041017Z"", ""workflow_state"": ""queued""}","{""dedupe_key"": ""dedupe::76221558314392531f57adbc"", ""notification_id"": ""notif::41de32215c0ce84c43328660"", ""rule_id"": ""pr_tat_ageing"", ""suppression_scope"": ""pr_tat_ageing:finance_pr::PR-0504696:mis_qcg_admin""}"
wf::finance_pr::PR-0504808,finance_pr::PR-0504808,queued,Basma,,,,,evt_285cc11288ff9a72,queued,system,batch8_seed,none,queued,2026-05-09T16:36:52.040742Z,notif::36f28e15d8f2c8beb26c3b2b,pr_tat_ageing,finance_exception_nudge,finance,medium,dedupe::1181fff53fab870571da5b99,pr_tat_ageing:finance_pr::PR-0504808:finance,2026-05-09T16:36:52.057972Z,disabled,in_app,B-13757,WO-2305,sobha_dubai,Sobha Dubai,1577874.9,process_exception,R31 PR unit update / PR quality evidence,live_validated_pr_exception_lineaged,65e53621cb174b3d3d22dea8c80235cdf7af9568e58aa25dc0b5e0922fab164e,65e53621cb174b3d3d22dea8c80235cdf7af9568e58aa25dc0b5e0922fab164e,65e53621cb174b3d3d22dea8c80235cdf7af9568e58aa25dc0b5e0922fab164e,65e53621cb174b3d3d22dea8c80235cdf7af9568e58aa25dc0b5e0922fab164e,"[{""cell_or_range"": ""A661:AR661"", ""confidence_state"": ""live_validated"", ""has_lineage"": true, ""metric_key"": ""PR_PR-0504808"", ""metric_label"": ""Payment request quality issue"", ""reporting_basis"": ""R31 PR unit update / PR quality"", ""sheet"": ""PR Data"", ""snapshot_date"": ""2026-05-05"", ""source_code"": ""R31"", ""source_file"": ""R31_PR Unit update 07-05-2026.xlsx"", ""validation_status"": ""passed""}]","{""source_action_title"": ""PR exception \u00b7 PR-0504808""}","{""amount_aed"": 1577874.9, ""as_of_date"": ""2026-05-09"", ""assigned_owner"": ""Basma"", ""due_date"": null, ""escalation_status"": null, ""pr_status"": ""Rejected by System"", ""process_tokens"": {""action_type"": ""finance_pr_quality_exception"", ""pr_status"": ""rejected by system"", ""process_status"": """"}, ""ptp_date"": null, ""ptp_status"": null, ""rule_id"": ""pr_tat_ageing"", ""thresholds"": {""high_risk_amount_aed"": 1000000, ""stale_days"": 7}, ""updated_at"": ""2026-05-09T16:36:52.040742Z"", ""workflow_state"": ""queued""}","{""dedupe_key"": ""dedupe::1181fff53fab870571da5b99"", ""notification_id"": ""notif::36f28e15d8f2c8beb26c3b2b"", ""rule_id"": ""pr_tat_ageing"", ""suppression_scope"": ""pr_tat_ageing:finance_pr::PR-0504808:finance""}"
wf::finance_pr::PR-0504808,finance_pr::PR-0504808,queued,Basma,,,,,evt_285cc11288ff9a72,queued,system,batch8_seed,none,queued,2026-05-09T16:36:52.040742Z,notif::c1758d81b466058eb722f4d2,pr_tat_ageing,mis_qcg_governance_alert,mis_qcg_admin,medium,dedupe::c94eccd7680820d99e4844d8,pr_tat_ageing:finance_pr::PR-0504808:mis_qcg_admin,2026-05-09T16:36:52.058025Z,disabled,in_app,B-13757,WO-2305,sobha_dubai,Sobha Dubai,1577874.9,process_exception,R31 PR unit update / PR quality evidence,live_validated_pr_exception_lineaged,65e53621cb174b3d3d22dea8c80235cdf7af9568e58aa25dc0b5e0922fab164e,65e53621cb174b3d3d22dea8c80235cdf7af9568e58aa25dc0b5e0922fab164e,65e53621cb174b3d3d22dea8c80235cdf7af9568e58aa25dc0b5e0922fab164e,65e53621cb174b3d3d22dea8c80235cdf7af9568e58aa25dc0b5e0922fab164e,"[{""cell_or_range"": ""A661:AR661"", ""confidence_state"": ""live_validated"", ""has_lineage"": true, ""metric_key"": ""PR_PR-0504808"", ""metric_label"": ""Payment request quality issue"", ""reporting_basis"": ""R31 PR unit update / PR quality"", ""sheet"": ""PR Data"", ""snapshot_date"": ""2026-05-05"", ""source_code"": ""R31"", ""source_file"": ""R31_PR Unit update 07-05-2026.xlsx"", ""validation_status"": ""passed""}]","{""source_action_title"": ""PR exception \u00b7 PR-0504808""}","{""amount_aed"": 1577874.9, ""as_of_date"": ""2026-05-09"", ""assigned_owner"": ""Basma"", ""due_date"": null, ""escalation_status"": null, ""pr_status"": ""Rejected by System"", ""process_tokens"": {""action_type"": ""finance_pr_quality_exception"", ""pr_status"": ""rejected by system"", ""process_status"": """"}, ""ptp_date"": null, ""ptp_status"": null, ""rule_id"": ""pr_tat_ageing"", ""thresholds"": {""high_risk_amount_aed"": 1000000, ""stale_days"": 7}, ""updated_at"": ""2026-05-09T16:36:52.040742Z"", ""workflow_state"": ""queued""}","{""dedupe_key"": ""dedupe::c94eccd7680820d99e4844d8"", ""notification_id"": ""notif::c1758d81b466058eb722f4d2"", ""rule_id"": ""pr_tat_ageing"", ""suppression_scope"": ""pr_tat_ageing:finance_pr::PR-0504808:mis_qcg_admin""}"
wf::finance_pr::PR-0505019,finance_pr::PR-0505019,queued,Basma,,,,,evt_ff924b2e8e364c54,queued,system,batch8_seed,none,queued,2026-05-09T16:36:52.040834Z,notif::0a22c4d50c04eb76c90ebc5c,pr_tat_ageing,finance_exception_nudge,finance,medium,dedupe::8dd5c2f414e16bed487a9a23,pr_tat_ageing:finance_pr::PR-0505019:finance,2026-05-09T16:36:52.058210Z,disabled,in_app,B-13757,WO-2305,sobha_dubai,Sobha Dubai,1452874.9,process_exception,R31 PR unit update / PR quality evidence,live_validated_pr_exception_lineaged,aa24ce2cf16c3ba811af2892628e6bf152de343ed386ab5cbf6a1f69eb3a58d6,aa24ce2cf16c3ba811af2892628e6bf152de343ed386ab5cbf6a1f69eb3a58d6,aa24ce2cf16c3ba811af2892628e6bf152de343ed386ab5cbf6a1f69eb3a58d6,aa24ce2cf16c3ba811af2892628e6bf152de343ed386ab5cbf6a1f69eb3a58d6,"[{""cell_or_range"": ""A664:AR664"", ""confidence_state"": ""live_validated"", ""has_lineage"": true, ""metric_key"": ""PR_PR-0505019"", ""metric_label"": ""Payment request quality issue"", ""reporting_basis"": ""R31 PR unit update / PR quality"", ""sheet"": ""PR Data"", ""snapshot_date"": ""2026-05-05"", ""source_code"": ""R31"", ""source_file"": ""R31_PR Unit update 07-05-2026.xlsx"", ""validation_status"": ""passed""}]","{""source_action_title"": ""PR exception \u00b7 PR-0505019""}","{""amount_aed"": 1452874.9, ""as_of_date"": ""2026-05-09"", ""assigned_owner"": ""Basma"", ""due_date"": null, ""escalation_status"": null, ""pr_status"": ""Rejected by System"", ""process_tokens"": {""action_type"": ""finance_pr_quality_exception"", ""pr_status"": ""rejected by system"", ""process_status"": """"}, ""ptp_date"": null, ""ptp_status"": null, ""rule_id"": ""pr_tat_ageing"", ""thresholds"": {""high_risk_amount_aed"": 1000000, ""stale_days"": 7}, ""updated_at"": ""2026-05-09T16:36:52.040834Z"", ""workflow_state"": ""queued""}","{""dedupe_key"": ""dedupe::8dd5c2f414e16bed487a9a23"", ""notification_id"": ""notif::0a22c4d50c04eb76c90ebc5c"", ""rule_id"": ""pr_tat_ageing"", ""suppression_scope"": ""pr_tat_ageing:finance_pr::PR-0505019:finance""}"
wf::finance_pr::PR-0505019,finance_pr::PR-0505019,queued,Basma,,,,,evt_ff924b2e8e364c54,queued,system,batch8_seed,none,queued,2026-05-09T16:36:52.040834Z,notif::a2ae4b9187fa2510cd879e61,pr_tat_ageing,mis_qcg_governance_alert,mis_qcg_admin,medium,dedupe::b1ad318e6bfb2a7347551a2a,pr_tat_ageing:finance_pr::PR-0505019:mis_qcg_admin,2026-05-09T16:36:52.058254Z,disabled,in_app,B-13757,WO-2305,sobha_dubai,Sobha Dubai,1452874.9,process_exception,R31 PR unit update / PR quality evidence,live_validated_pr_exception_lineaged,aa24ce2cf16c3ba811af2892628e6bf152de343ed386ab5cbf6a1f69eb3a58d6,aa24ce2cf16c3ba811af2892628e6bf152de343ed386ab5cbf6a1f69eb3a58d6,aa24ce2cf16c3ba811af2892628e6bf152de343ed386ab5cbf6a1f69eb3a58d6,aa24ce2cf16c3ba811af2892628e6bf152de343ed386ab5cbf6a1f69eb3a58d6,"[{""cell_or_range"": ""A664:AR664"", ""confidence_state"": ""live_validated"", ""has_lineage"": true, ""metric_key"": ""PR_PR-0505019"", ""metric_label"": ""Payment request quality issue"", ""reporting_basis"": ""R31 PR unit update / PR quality"", ""sheet"": ""PR Data"", ""snapshot_date"": ""2026-05-05"", ""source_code"": ""R31"", ""source_file"": ""R31_PR Unit update 07-05-2026.xlsx"", ""validation_status"": ""passed""}]","{""source_action_title"": ""PR exception \u00b7 PR-0505019""}","{""amount_aed"": 1452874.9, ""as_of_date"": ""2026-05-09"", ""assigned_owner"": ""Basma"", ""due_date"": null, ""escalation_status"": null, ""pr_status"": ""Rejected by System"", ""process_tokens"": {""action_type"": ""finance_pr_quality_exception"", ""pr_status"": ""rejected by system"", ""process_status"": """"}, ""ptp_date"": null, ""ptp_status"": null, ""rule_id"": ""pr_tat_ageing"", ""thresholds"": {""high_risk_amount_aed"": 1000000, ""stale_days"": 7}, ""updated_at"": ""2026-05-09T16:36:52.040834Z"", ""workflow_state"": ""queued""}","{""dedupe_key"": ""dedupe::b1ad318e6bfb2a7347551a2a"", ""notification_id"": ""notif::a2ae4b9187fa2510cd879e61"", ""rule_id"": ""pr_tat_ageing"", ""suppression_scope"": ""pr_tat_ageing:finance_pr::PR-0505019:mis_qcg_admin""}"
wf::finance_pr::PR-0505336,finance_pr::PR-0505336,queued,Zeba,,,,,evt_124cbe834f754bf6,queued,system,batch8_seed,none,queued,2026-05-09T16:36:52.041541Z,notif::a6e2ec33414f8bb493ac7342,pr_tat_ageing,finance_exception_nudge,finance,medium,dedupe::ae2a0eb8b95a43fe82b2cea4,pr_tat_ageing:finance_pr::PR-0505336:finance,2026-05-09T16:36:52.059921Z,disabled,in_app,B-26275,SEL-V 417,sobha_dubai,Sobha Dubai,819838.0,process_exception,R31 PR unit update / PR quality evidence,live_validated_pr_exception_lineaged,48bd9baa8054025b96601a0cfaff941312b1e7e28e1f09c866f47e72b5fa8221,48bd9baa8054025b96601a0cfaff941312b1e7e28e1f09c866f47e72b5fa8221,48bd9baa8054025b96601a0cfaff941312b1e7e28e1f09c866f47e72b5fa8221,48bd9baa8054025b96601a0cfaff941312b1e7e28e1f09c866f47e72b5fa8221,"[{""cell_or_range"": ""A1366:AR1366"", ""confidence_state"": ""live_validated"", ""has_lineage"": true, ""metric_key"": ""PR_PR-0505336"", ""metric_label"": ""Payment request quality issue"", ""reporting_basis"": ""R31 PR unit update / PR quality"", ""sheet"": ""PR Data"", ""snapshot_date"": ""2026-05-06"", ""source_code"": ""R31"", ""source_file"": ""R31_PR Unit update 07-05-2026.xlsx"", ""validation_status"": ""passed""}]","{""source_action_title"": ""PR exception \u00b7 PR-0505336""}","{""amount_aed"": 819838.0, ""as_of_date"": ""2026-05-09"", ""assigned_owner"": ""Zeba"", ""due_date"": null, ""escalation_status"": null, ""pr_status"": ""Resubmitted to SM/SD"", ""process_tokens"": {""action_type"": ""finance_pr_quality_exception"", ""pr_status"": ""resubmitted to sm/sd"", ""process_status"": """"}, ""ptp_date"": null, ""ptp_status"": null, ""rule_id"": ""pr_tat_ageing"", ""thresholds"": {""high_risk_amount_aed"": 1000000, ""stale_days"": 7}, ""updated_at"": ""2026-05-09T16:36:52.041541Z"", ""workflow_state"": ""queued""}","{""dedupe_key"": ""dedupe::ae2a0eb8b95a43fe82b2cea4"", ""notification_id"": ""notif::a6e2ec33414f8bb493ac7342"", ""rule_id"": ""pr_tat_ageing"", ""suppression_scope"": ""pr_tat_ageing:finance_pr::PR-0505336:finance""}"
wf::finance_pr::PR-0505336,finance_pr::PR-0505336,queued,Zeba,,,,,evt_124cbe834f754bf6,queued,system,batch8_seed,none,queued,2026-05-09T16:36:52.041541Z,notif::c5cee5e4e3c7445fce170516,pr_tat_ageing,mis_qcg_governance_alert,mis_qcg_admin,medium,dedupe::1776a52fe0f1dac4d8161126,pr_tat_ageing:finance_pr::PR-0505336:mis_qcg_admin,2026-05-09T16:36:52.059965Z,disabled,in_app,B-26275,SEL-V 417,sobha_dubai,Sobha Dubai,819838.0,process_exception,R31 PR unit update / PR quality evidence,live_validated_pr_exception_lineaged,48bd9baa8054025b96601a0cfaff941312b1e7e28e1f09c866f47e72b5fa8221,48bd9baa8054025b96601a0cfaff941312b1e7e28e1f09c866f47e72b5fa8221,48bd9baa8054025b96601a0cfaff941312b1e7e28e1f09c866f47e72b5fa8221,48bd9baa8054025b96601a0cfaff941312b1e7e28e1f09c866f47e72b5fa8221,"[{""cell_or_range"": ""A1366:AR1366"", ""confidence_state"": ""live_validated"", ""has_lineage"": true, ""metric_key"": ""PR_PR-0505336"", ""metric_label"": ""Payment request quality issue"", ""reporting_basis"": ""R31 PR unit update / PR quality"", ""sheet"": ""PR Data"", ""snapshot_date"": ""2026-05-06"", ""source_code"": ""R31"", ""source_file"": ""R31_PR Unit update 07-05-2026.xlsx"", ""validation_status"": ""passed""}]","{""source_action_title"": ""PR exception \u00b7 PR-0505336""}","{""amount_aed"": 819838.0, ""as_of_date"": ""2026-05-09"", ""assigned_owner"": ""Zeba"", ""due_date"": null, ""escalation_status"": null, ""pr_status"": ""Resubmitted to SM/SD"", ""process_tokens"": {""action_type"": ""finance_pr_quality_exception"", ""pr_status"": ""resubmitted to sm/sd"", ""process_status"": """"}, ""ptp_date"": null, ""ptp_status"": null, ""rule_id"": ""pr_tat_ageing"", ""thresholds"": {""high_risk_amount_aed"": 1000000, ""stale_days"": 7}, ""updated_at"": ""2026-05-09T16:36:52.041541Z"", ""workflow_state"": ""queued""}","{""dedupe_key"": ""dedupe::1776a52fe0f1dac4d8161126"", ""notification_id"": ""notif::c5cee5e4e3c7445fce170516"", ""rule_id"": ""pr_tat_ageing"", ""suppression_scope"": ""pr_tat_ageing:finance_pr::PR-0505336:mis_qcg_admin""}"
wf::finance_pr::PR-0505342,finance_pr::PR-0505342,queued,Zeba,,,,,evt_3c18bcb1fef2fb1f,queued,system,batch8_seed,none,queued,2026-05-09T16:36:52.041585Z,notif::802adb8fb9b57c199e2016b4,pr_tat_ageing,finance_exception_nudge,finance,medium,dedupe::f4408ebdbe06beea754fd609,pr_tat_ageing:finance_pr::PR-0505342:finance,2026-05-09T16:36:52.060029Z,disabled,in_app,B-26266,SEL-V 415,sobha_dubai,Sobha Dubai,819738.0,process_exception,R31 PR unit update / PR quality evidence,live_validated_pr_exception_lineaged,51d97b0a3f92cebafc88aedb60a41618bf6669b9c3c0cd8b2e192269dec58967,51d97b0a3f92cebafc88aedb60a41618bf6669b9c3c0cd8b2e192269dec58967,51d97b0a3f92cebafc88aedb60a41618bf6669b9c3c0cd8b2e192269dec58967,51d97b0a3f92cebafc88aedb60a41618bf6669b9c3c0cd8b2e192269dec58967,"[{""cell_or_range"": ""A1364:AR1364"", ""confidence_state"": ""live_validated"", ""has_lineage"": true, ""metric_key"": ""PR_PR-0505342"", ""metric_label"": ""Payment request quality issue"", ""reporting_basis"": ""R31 PR unit update / PR quality"", ""sheet"": ""PR Data"", ""snapshot_date"": ""2026-05-06"", ""source_code"": ""R31"", ""source_file"": ""R31_PR Unit update 07-05-2026.xlsx"", ""validation_status"": ""passed""}]","{""source_action_title"": ""PR exception \u00b7 PR-0505342""}","{""amount_aed"": 819738.0, ""as_of_date"": ""2026-05-09"", ""assigned_owner"": ""Zeba"", ""due_date"": null, ""escalation_status"": null, ""pr_status"": ""Pending for Accounts Approval"", ""process_tokens"": {""action_type"": ""finance_pr_quality_exception"", ""pr_status"": ""pending for accounts approval"", ""process_status"": """"}, ""ptp_date"": null, ""ptp_status"": null, ""rule_id"": ""pr_tat_ageing"", ""thresholds"": {""high_risk_amount_aed"": 1000000, ""stale_days"": 7}, ""updated_at"": ""2026-05-09T16:36:52.041585Z"", ""workflow_state"": ""queued""}","{""dedupe_key"": ""dedupe::f4408ebdbe06beea754fd609"", ""notification_id"": ""notif::802adb8fb9b57c199e2016b4"", ""rule_id"": ""pr_tat_ageing"", ""suppression_scope"": ""pr_tat_ageing:finance_pr::PR-0505342:finance""}"
wf::finance_pr::PR-0505342,finance_pr::PR-0505342,queued,Zeba,,,,,evt_3c18bcb1fef2fb1f,queued,system,batch8_seed,none,queued,2026-05-09T16:36:52.041585Z,notif::b8df6dffd1fc561184b15e88,pr_tat_ageing,mis_qcg_governance_alert,mis_qcg_admin,medium,dedupe::4bdb43b8a3c8a309b2c8d5d0,pr_tat_ageing:finance_pr::PR-0505342:mis_qcg_admin,2026-05-09T16:36:52.060073Z,disabled,in_app,B-26266,SEL-V 415,sobha_dubai,Sobha Dubai,819738.0,process_exception,R31 PR unit update / PR quality evidence,live_validated_pr_exception_lineaged,51d97b0a3f92cebafc88aedb60a41618bf6669b9c3c0cd8b2e192269dec58967,51d97b0a3f92cebafc88aedb60a41618bf6669b9c3c0cd8b2e192269dec58967,51d97b0a3f92cebafc88aedb60a41618bf6669b9c3c0cd8b2e192269dec58967,51d97b0a3f92cebafc88aedb60a41618bf6669b9c3c0cd8b2e192269dec58967,"[{""cell_or_range"": ""A1364:AR1364"", ""confidence_state"": ""live_validated"", ""has_lineage"": true, ""metric_key"": ""PR_PR-0505342"", ""metric_label"": ""Payment request quality issue"", ""reporting_basis"": ""R31 PR unit update / PR quality"", ""sheet"": ""PR Data"", ""snapshot_date"": ""2026-05-06"", ""source_code"": ""R31"", ""source_file"": ""R31_PR Unit update 07-05-2026.xlsx"", ""validation_status"": ""passed""}]","{""source_action_title"": ""PR exception \u00b7 PR-0505342""}","{""amount_aed"": 819738.0, ""as_of_date"": ""2026-05-09"", ""assigned_owner"": ""Zeba"", ""due_date"": null, ""escalation_status"": null, ""pr_status"": ""Pending for Accounts Approval"", ""process_tokens"": {""action_type"": ""finance_pr_quality_exception"", ""pr_status"": ""pending for accounts approval"", ""process_status"": """"}, ""ptp_date"": null, ""ptp_status"": null, ""rule_id"": ""pr_tat_ageing"", ""thresholds"": {""high_risk_amount_aed"": 1000000, ""stale_days"": 7}, ""updated_at"": ""2026-05-09T16:36:52.041585Z"", ""workflow_state"": ""queued""}","{""dedupe_key"": ""dedupe::4bdb43b8a3c8a309b2c8d5d0"", ""notification_id"": ""notif::b8df6dffd1fc561184b15e88"", ""rule_id"": ""pr_tat_ageing"", ""suppression_scope"": ""pr_tat_ageing:finance_pr::PR-0505342:mis_qcg_admin""}"
wf::finance_pr::PR-0505348,finance_pr::PR-0505348,queued,Zeba,,,,,evt_ff28182add4f741e,queued,system,batch8_seed,none,queued,2026-05-09T16:36:52.041672Z,notif::fae2c99526c36533d788814f,pr_tat_ageing,finance_exception_nudge,finance,medium,dedupe::7db02d8ff1ab95ee323eaa64,pr_tat_ageing:finance_pr::PR-0505348:finance,2026-05-09T16:36:52.060256Z,disabled,in_app,B-26277,SEL-V 416,sobha_dubai,Sobha Dubai,818047.0,process_exception,R31 PR unit update / PR quality evidence,live_validated_pr_exception_lineaged,f17ebbe32675ec3d0cdab8344fc9fc2a79a71d93a086464ccfd9cdfa1f3f3449,f17ebbe32675ec3d0cdab8344fc9fc2a79a71d93a086464ccfd9cdfa1f3f3449,f17ebbe32675ec3d0cdab8344fc9fc2a79a71d93a086464ccfd9cdfa1f3f3449,f17ebbe32675ec3d0cdab8344fc9fc2a79a71d93a086464ccfd9cdfa1f3f3449,"[{""cell_or_range"": ""A1365:AR1365"", ""confidence_state"": ""live_validated"", ""has_lineage"": true, ""metric_key"": ""PR_PR-0505348"", ""metric_label"": ""Payment request quality issue"", ""reporting_basis"": ""R31 PR unit update / PR quality"", ""sheet"": ""PR Data"", ""snapshot_date"": ""2026-05-06"", ""source_code"": ""R31"", ""source_file"": ""R31_PR Unit update 07-05-2026.xlsx"", ""validation_status"": ""passed""}]","{""source_action_title"": ""PR exception \u00b7 PR-0505348""}","{""amount_aed"": 818047.0, ""as_of_date"": ""2026-05-09"", ""assigned_owner"": ""Zeba"", ""due_date"": null, ""escalation_status"": null, ""pr_status"": ""Pending for Accounts Approval"", ""process_tokens"": {""action_type"": ""finance_pr_quality_exception"", ""pr_status"": ""pending for accounts approval"", ""process_status"": """"}, ""ptp_date"": null, ""ptp_status"": null, ""rule_id"": ""pr_tat_ageing"", ""thresholds"": {""high_risk_amount_aed"": 1000000, ""stale_days"": 7}, ""updated_at"": ""2026-05-09T16:36:52.041672Z"", ""workflow_state"": ""queued""}","{""dedupe_key"": ""dedupe::7db02d8ff1ab95ee323eaa64"", ""notification_id"": ""notif::fae2c99526c36533d788814f"", ""rule_id"": ""pr_tat_ageing"", ""suppression_scope"": ""pr_tat_ageing:finance_pr::PR-0505348:finance""}"
wf::finance_pr::PR-0505348,finance_pr::PR-0505348,queued,Zeba,,,,,evt_ff28182add4f741e,queued,system,batch8_seed,none,queued,2026-05-09T16:36:52.041672Z,notif::cc8c12633a2556a696d53af0,pr_tat_ageing,mis_qcg_governance_alert,mis_qcg_admin,medium,dedupe::29a2d837df279dc41474fb7e,pr_tat_ageing:finance_pr::PR-0505348:mis_qcg_admin,2026-05-09T16:36:52.060298Z,disabled,in_app,B-26277,SEL-V 416,sobha_dubai,Sobha Dubai,818047.0,process_exception,R31 PR unit update / PR quality evidence,live_validated_pr_exception_lineaged,f17ebbe32675ec3d0cdab8344fc9fc2a79a71d93a086464ccfd9cdfa1f3f3449,f17ebbe32675ec3d0cdab8344fc9fc2a79a71d93a086464ccfd9cdfa1f3f3449,f17ebbe32675ec3d0cdab8344fc9fc2a79a71d93a086464ccfd9cdfa1f3f3449,f17ebbe32675ec3d0cdab8344fc9fc2a79a71d93a086464ccfd9cdfa1f3f3449,"[{""cell_or_range"": ""A1365:AR1365"", ""confidence_state"": ""live_validated"", ""has_lineage"": true, ""metric_key"": ""PR_PR-0505348"", ""metric_label"": ""Payment request quality issue"", ""reporting_basis"": ""R31 PR unit update / PR quality"", ""sheet"": ""PR Data"", ""snapshot_date"": ""2026-05-06"", ""source_code"": ""R31"", ""source_file"": ""R31_PR Unit update 07-05-2026.xlsx"", ""validation_status"": ""passed""}]","{""source_action_title"": ""PR exception \u00b7 PR-0505348""}","{""amount_aed"": 818047.0, ""as_of_date"": ""2026-05-09"", ""assigned_owner"": ""Zeba"", ""due_date"": null, ""escalation_status"": null, ""pr_status"": ""Pending for Accounts Approval"", ""process_tokens"": {""action_type"": ""finance_pr_quality_exception"", ""pr_status"": ""pending for accounts approval"", ""process_status"": """"}, ""ptp_date"": null, ""ptp_status"": null, ""rule_id"": ""pr_tat_ageing"", ""thresholds"": {""high_risk_amount_aed"": 1000000, ""stale_days"": 7}, ""updated_at"": ""2026-05-09T16:36:52.041672Z"", ""workflow_state"": ""queued""}","{""dedupe_key"": ""dedupe::29a2d837df279dc41474fb7e"", ""notification_id"": ""notif::cc8c12633a2556a696d53af0"", ""rule_id"": ""pr_tat_ageing"", ""suppression_scope"": ""pr_tat_ageing:finance_pr::PR-0505348:mis_qcg_admin""}"
wf::finance_pr::PR-0505355,finance_pr::PR-0505355,queued,Zeba,,,,,evt_fd5cb50d26f191bd,queued,system,batch8_seed,none,queued,2026-05-09T16:36:52.041629Z,notif::f4efbbd1e8522ebcec220824,pr_tat_ageing,finance_exception_nudge,finance,medium,dedupe::75d9473006a78ddace6d5000,pr_tat_ageing:finance_pr::PR-0505355:finance,2026-05-09T16:36:52.060148Z,disabled,in_app,B-26269,SEL-V 432,sobha_dubai,Sobha Dubai,818050.0,process_exception,R31 PR unit update / PR quality evidence,live_validated_pr_exception_lineaged,a67fa1ed4b3bd6be8bf9f22ccca4f2a4f9301b5795133464cf20b203e33f1830,a67fa1ed4b3bd6be8bf9f22ccca4f2a4f9301b5795133464cf20b203e33f1830,a67fa1ed4b3bd6be8bf9f22ccca4f2a4f9301b5795133464cf20b203e33f1830,a67fa1ed4b3bd6be8bf9f22ccca4f2a4f9301b5795133464cf20b203e33f1830,"[{""cell_or_range"": ""A1374:AR1374"", ""confidence_state"": ""live_validated"", ""has_lineage"": true, ""metric_key"": ""PR_PR-0505355"", ""metric_label"": ""Payment request quality issue"", ""reporting_basis"": ""R31 PR unit update / PR quality"", ""sheet"": ""PR Data"", ""snapshot_date"": ""2026-05-06"", ""source_code"": ""R31"", ""source_file"": ""R31_PR Unit update 07-05-2026.xlsx"", ""validation_status"": ""passed""}]","{""source_action_title"": ""PR exception \u00b7 PR-0505355""}","{""amount_aed"": 818050.0, ""as_of_date"": ""2026-05-09"", ""assigned_owner"": ""Zeba"", ""due_date"": null, ""escalation_status"": null, ""pr_status"": ""Pending for Accounts Approval"", ""process_tokens"": {""action_type"": ""finance_pr_quality_exception"", ""pr_status"": ""pending for accounts approval"", ""process_status"": """"}, ""ptp_date"": null, ""ptp_status"": null, ""rule_id"": ""pr_tat_ageing"", ""thresholds"": {""high_risk_amount_aed"": 1000000, ""stale_days"": 7}, ""updated_at"": ""2026-05-09T16:36:52.041629Z"", ""workflow_state"": ""queued""}","{""dedupe_key"": ""dedupe::75d9473006a78ddace6d5000"", ""notification_id"": ""notif::f4efbbd1e8522ebcec220824"", ""rule_id"": ""pr_tat_ageing"", ""suppression_scope"": ""pr_tat_ageing:finance_pr::PR-0505355:finance""}"
wf::finance_pr::PR-0505355,finance_pr::PR-0505355,queued,Zeba,,,,,evt_fd5cb50d26f191bd,queued,system,batch8_seed,none,queued,2026-05-09T16:36:52.041629Z,notif::4cb315acd4cbf149d64904ca,pr_tat_ageing,mis_qcg_governance_alert,mis_qcg_admin,medium,dedupe::c0f09ab3b15c6f80956ab77d,pr_tat_ageing:finance_pr::PR-0505355:mis_qcg_admin,2026-05-09T16:36:52.060192Z,disabled,in_app,B-26269,SEL-V 432,sobha_dubai,Sobha Dubai,818050.0,process_exception,R31 PR unit update / PR quality evidence,live_validated_pr_exception_lineaged,a67fa1ed4b3bd6be8bf9f22ccca4f2a4f9301b5795133464cf20b203e33f1830,a67fa1ed4b3bd6be8bf9f22ccca4f2a4f9301b5795133464cf20b203e33f1830,a67fa1ed4b3bd6be8bf9f22ccca4f2a4f9301b5795133464cf20b203e33f1830,a67fa1ed4b3bd6be8bf9f22ccca4f2a4f9301b5795133464cf20b203e33f1830,"[{""cell_or_range"": ""A1374:AR1374"", ""confidence_state"": ""live_validated"", ""has_lineage"": true, ""metric_key"": ""PR_PR-0505355"", ""metric_label"": ""Payment request quality issue"", ""reporting_basis"": ""R31 PR unit update / PR quality"", ""sheet"": ""PR Data"", ""snapshot_date"": ""2026-05-06"", ""source_code"": ""R31"", ""source_file"": ""R31_PR Unit update 07-05-2026.xlsx"", ""validation_status"": ""passed""}]","{""source_action_title"": ""PR exception \u00b7 PR-0505355""}","{""amount_aed"": 818050.0, ""as_of_date"": ""2026-05-09"", ""assigned_owner"": ""Zeba"", ""due_date"": null, ""escalation_status"": null, ""pr_status"": ""Pending for Accounts Approval"", ""process_tokens"": {""action_type"": ""finance_pr_quality_exception"", ""pr_status"": ""pending for accounts approval"", ""process_status"": """"}, ""ptp_date"": null, ""ptp_status"": null, ""rule_id"": ""pr_tat_ageing"", ""thresholds"": {""high_risk_amount_aed"": 1000000, ""stale_days"": 7}, ""updated_at"": ""2026-05-09T16:36:52.041629Z"", ""workflow_state"": ""queued""}","{""dedupe_key"": ""dedupe::c0f09ab3b15c6f80956ab77d"", ""notification_id"": ""notif::4cb315acd4cbf149d64904ca"", ""rule_id"": ""pr_tat_ageing"", ""suppression_scope"": ""pr_tat_ageing:finance_pr::PR-0505355:mis_qcg_admin""}"
wf::finance_pr::PR-0505787,finance_pr::PR-0505787,queued,Ayari,,,,,evt_24c8100953405a61,queued,system,batch8_seed,none,queued,2026-05-09T16:36:52.041060Z,notif::42ca6f18a29ca86de1164897,pr_tat_ageing,finance_exception_nudge,finance,medium,dedupe::b75101c24ce2fccc66e12861,pr_tat_ageing:finance_pr::PR-0505787:finance,2026-05-09T16:36:52.058784Z,disabled,in_app,B-9446,CGB2905,sobha_dubai,Sobha Dubai,897155.0,process_exception,R31 PR unit update / PR quality evidence,live_validated_pr_exception_lineaged,d321552898d3c1ab7f7f6890577c441e5ac88236acf363a7810be7a9358742e7,d321552898d3c1ab7f7f6890577c441e5ac88236acf363a7810be7a9358742e7,d321552898d3c1ab7f7f6890577c441e5ac88236acf363a7810be7a9358742e7,d321552898d3c1ab7f7f6890577c441e5ac88236acf363a7810be7a9358742e7,"[{""cell_or_range"": ""A545:AR545"", ""confidence_state"": ""live_validated"", ""has_lineage"": true, ""metric_key"": ""PR_PR-0505787"", ""metric_label"": ""Payment request quality issue"", ""reporting_basis"": ""R31 PR unit update / PR quality"", ""sheet"": ""PR Data"", ""snapshot_date"": ""2026-05-07"", ""source_code"": ""R31"", ""source_file"": ""R31_PR Unit update 07-05-2026.xlsx"", ""validation_status"": ""passed""}]","{""source_action_title"": ""PR exception \u00b7 PR-0505787""}","{""amount_aed"": 897155.0, ""as_of_date"": ""2026-05-09"", ""assigned_owner"": ""Ayari"", ""due_date"": null, ""escalation_status"": null, ""pr_status"": ""Approved"", ""process_tokens"": {""action_type"": ""finance_pr_quality_exception"", ""pr_status"": ""approved"", ""process_status"": """"}, ""ptp_date"": null, ""ptp_status"": null, ""rule_id"": ""pr_tat_ageing"", ""thresholds"": {""high_risk_amount_aed"": 1000000, ""stale_days"": 7}, ""updated_at"": ""2026-05-09T16:36:52.041060Z"", ""workflow_state"": ""queued""}","{""dedupe_key"": ""dedupe::b75101c24ce2fccc66e12861"", ""notification_id"": ""notif::42ca6f18a29ca86de1164897"", ""rule_id"": ""pr_tat_ageing"", ""suppression_scope"": ""pr_tat_ageing:finance_pr::PR-0505787:finance""}"
wf::finance_pr::PR-0505787,finance_pr::PR-0505787,queued,Ayari,,,,,evt_24c8100953405a61,queued,system,batch8_seed,none,queued,2026-05-09T16:36:52.041060Z,notif::5b327ff60f50a1202afaf237,pr_tat_ageing,mis_qcg_governance_alert,mis_qcg_admin,medium,dedupe::d9d8ff4bc1f1b82c8a9bb9d6,pr_tat_ageing:finance_pr::PR-0505787:mis_qcg_admin,2026-05-09T16:36:52.058827Z,disabled,in_app,B-9446,CGB2905,sobha_dubai,Sobha Dubai,897155.0,process_exception,R31 PR unit update / PR quality evidence,live_validated_pr_exception_lineaged,d321552898d3c1ab7f7f6890577c441e5ac88236acf363a7810be7a9358742e7,d321552898d3c1ab7f7f6890577c441e5ac88236acf363a7810be7a9358742e7,d321552898d3c1ab7f7f6890577c441e5ac88236acf363a7810be7a9358742e7,d321552898d3c1ab7f7f6890577c441e5ac88236acf363a7810be7a9358742e7,"[{""cell_or_range"": ""A545:AR545"", ""confidence_state"": ""live_validated"", ""has_lineage"": true, ""metric_key"": ""PR_PR-0505787"", ""metric_label"": ""Payment request quality issue"", ""reporting_basis"": ""R31 PR unit update / PR quality"", ""sheet"": ""PR Data"", ""snapshot_date"": ""2026-05-07"", ""source_code"": ""R31"", ""source_file"": ""R31_PR Unit update 07-05-2026.xlsx"", ""validation_status"": ""passed""}]","{""source_action_title"": ""PR exception \u00b7 PR-0505787""}","{""amount_aed"": 897155.0, ""as_of_date"": ""2026-05-09"", ""assigned_owner"": ""Ayari"", ""due_date"": null, ""escalation_status"": null, ""pr_status"": ""Approved"", ""process_tokens"": {""action_type"": ""finance_pr_quality_exception"", ""pr_status"": ""approved"", ""process_status"": """"}, ""ptp_date"": null, ""ptp_status"": null, ""rule_id"": ""pr_tat_ageing"", ""thresholds"": {""high_risk_amount_aed"": 1000000, ""stale_days"": 7}, ""updated_at"": ""2026-05-09T16:36:52.041060Z"", ""workflow_state"": ""queued""}","{""dedupe_key"": ""dedupe::d9d8ff4bc1f1b82c8a9bb9d6"", ""notification_id"": ""notif::5b327ff60f50a1202afaf237"", ""rule_id"": ""pr_tat_ageing"", ""suppression_scope"": ""pr_tat_ageing:finance_pr::PR-0505787:mis_qcg_admin""}"
wf::finance_pr::PR-0505836,finance_pr::PR-0505836,queued,Hussein,,,,,evt_89bf6f224919110d,queued,system,batch8_seed,none,queued,2026-05-09T16:36:52.040651Z,notif::07ddeeec51d6e5db76f69e31,pr_tat_ageing,finance_exception_nudge,finance,medium,dedupe::960f23133d695f202b6dbaaa,pr_tat_ageing:finance_pr::PR-0505836:finance,2026-05-09T16:36:52.057753Z,disabled,in_app,B-45942,SR-R08,sobha_dubai,Sobha Dubai,2312250.0,process_exception,R31 PR unit update / PR quality evidence,live_validated_pr_exception_lineaged,2161ab66ead075717e1f3be8b70fb4f62b1839631b72a301c03b922623b7680d,2161ab66ead075717e1f3be8b70fb4f62b1839631b72a301c03b922623b7680d,2161ab66ead075717e1f3be8b70fb4f62b1839631b72a301c03b922623b7680d,2161ab66ead075717e1f3be8b70fb4f62b1839631b72a301c03b922623b7680d,"[{""cell_or_range"": ""A2393:AR2393"", ""confidence_state"": ""live_validated"", ""has_lineage"": true, ""metric_key"": ""PR_PR-0505836"", ""metric_label"": ""Payment request quality issue"", ""reporting_basis"": ""R31 PR unit update / PR quality"", ""sheet"": ""PR Data"", ""snapshot_date"": ""2026-05-07"", ""source_code"": ""R31"", ""source_file"": ""R31_PR Unit update 07-05-2026.xlsx"", ""validation_status"": ""passed""}]","{""source_action_title"": ""PR exception \u00b7 PR-0505836""}","{""amount_aed"": 2312250.0, ""as_of_date"": ""2026-05-09"", ""assigned_owner"": ""Hussein"", ""due_date"": null, ""escalation_status"": null, ""pr_status"": ""Pending for Accounts Approval"", ""process_tokens"": {""action_type"": ""finance_pr_quality_exception"", ""pr_status"": ""pending for accounts approval"", ""process_status"": """"}, ""ptp_date"": null, ""ptp_status"": null, ""rule_id"": ""pr_tat_ageing"", ""thresholds"": {""high_risk_amount_aed"": 1000000, ""stale_days"": 7}, ""updated_at"": ""2026-05-09T16:36:52.040651Z"", ""workflow_state"": ""queued""}","{""dedupe_key"": ""dedupe::960f23133d695f202b6dbaaa"", ""notification_id"": ""notif::07ddeeec51d6e5db76f69e31"", ""rule_id"": ""pr_tat_ageing"", ""suppression_scope"": ""pr_tat_ageing:finance_pr::PR-0505836:finance""}"
wf::finance_pr::PR-0505836,finance_pr::PR-0505836,queued,Hussein,,,,,evt_89bf6f224919110d,queued,system,batch8_seed,none,queued,2026-05-09T16:36:52.040651Z,notif::9e065380baa2af2c9a25317a,pr_tat_ageing,mis_qcg_governance_alert,mis_qcg_admin,medium,dedupe::2a4086a88f00d2b2b007fce4,pr_tat_ageing:finance_pr::PR-0505836:mis_qcg_admin,2026-05-09T16:36:52.057801Z,disabled,in_app,B-45942,SR-R08,sobha_dubai,Sobha Dubai,2312250.0,process_exception,R31 PR unit update / PR quality evidence,live_validated_pr_exception_lineaged,2161ab66ead075717e1f3be8b70fb4f62b1839631b72a301c03b922623b7680d,2161ab66ead075717e1f3be8b70fb4f62b1839631b72a301c03b922623b7680d,2161ab66ead075717e1f3be8b70fb4f62b1839631b72a301c03b922623b7680d,2161ab66ead075717e1f3be8b70fb4f62b1839631b72a301c03b922623b7680d,"[{""cell_or_range"": ""A2393:AR2393"", ""confidence_state"": ""live_validated"", ""has_lineage"": true, ""metric_key"": ""PR_PR-0505836"", ""metric_label"": ""Payment request quality issue"", ""reporting_basis"": ""R31 PR unit update / PR quality"", ""sheet"": ""PR Data"", ""snapshot_date"": ""2026-05-07"", ""source_code"": ""R31"", ""source_file"": ""R31_PR Unit update 07-05-2026.xlsx"", ""validation_status"": ""passed""}]","{""source_action_title"": ""PR exception \u00b7 PR-0505836""}","{""amount_aed"": 2312250.0, ""as_of_date"": ""2026-05-09"", ""assigned_owner"": ""Hussein"", ""due_date"": null, ""escalation_status"": null, ""pr_status"": ""Pending for Accounts Approval"", ""process_tokens"": {""action_type"": ""finance_pr_quality_exception"", ""pr_status"": ""pending for accounts approval"", ""process_status"": """"}, ""ptp_date"": null, ""ptp_status"": null, ""rule_id"": ""pr_tat_ageing"", ""thresholds"": {""high_risk_amount_aed"": 1000000, ""stale_days"": 7}, ""updated_at"": ""2026-05-09T16:36:52.040651Z"", ""workflow_state"": ""queued""}","{""dedupe_key"": ""dedupe::2a4086a88f00d2b2b007fce4"", ""notification_id"": ""notif::9e065380baa2af2c9a25317a"", ""rule_id"": ""pr_tat_ageing"", ""suppression_scope"": ""pr_tat_ageing:finance_pr::PR-0505836:mis_qcg_admin""}"
wf::finance_pr::PR-0506148,finance_pr::PR-0506148,queued,Abdulla,,,,,evt_7cd0c968b19aa672,queued,system,batch8_seed,none,queued,2026-05-09T16:36:52.040881Z,notif::7225ffbae985a5b554d7f324,pr_tat_ageing,finance_exception_nudge,finance,medium,dedupe::9843ce59470aad843e1f3229,pr_tat_ageing:finance_pr::PR-0506148:finance,2026-05-09T16:36:52.058328Z,disabled,in_app,B-47606,SC-TE-1904,sobha_dubai,Sobha Dubai,1396607.0,process_exception,R31 PR unit update / PR quality evidence,live_validated_pr_exception_lineaged,ad004d4a770ef2c1e3bb6f00c62c4c29e6de4b11cd2f6b0d454ca604b935d59b,ad004d4a770ef2c1e3bb6f00c62c4c29e6de4b11cd2f6b0d454ca604b935d59b,ad004d4a770ef2c1e3bb6f00c62c4c29e6de4b11cd2f6b0d454ca604b935d59b,ad004d4a770ef2c1e3bb6f00c62c4c29e6de4b11cd2f6b0d454ca604b935d59b,"[{""cell_or_range"": ""A2265:AR2265"", ""confidence_state"": ""live_validated"", ""has_lineage"": true, ""metric_key"": ""PR_PR-0506148"", ""metric_label"": ""Payment request quality issue"", ""reporting_basis"": ""R31 PR unit update / PR quality"", ""sheet"": ""PR Data"", ""snapshot_date"": ""2026-05-07"", ""source_code"": ""R31"", ""source_file"": ""R31_PR Unit update 07-05-2026.xlsx"", ""validation_status"": ""passed""}]","{""source_action_title"": ""PR exception \u00b7 PR-0506148""}","{""amount_aed"": 1396607.0, ""as_of_date"": ""2026-05-09"", ""assigned_owner"": ""Abdulla"", ""due_date"": null, ""escalation_status"": null, ""pr_status"": ""Pending for Accounts Approval"", ""process_tokens"": {""action_type"": ""finance_pr_quality_exception"", ""pr_status"": ""pending for accounts approval"", ""process_status"": """"}, ""ptp_date"": null, ""ptp_status"": null, ""rule_id"": ""pr_tat_ageing"", ""thresholds"": {""high_risk_amount_aed"": 1000000, ""stale_days"": 7}, ""updated_at"": ""2026-05-09T16:36:52.040881Z"", ""workflow_state"": ""queued""}","{""dedupe_key"": ""dedupe::9843ce59470aad843e1f3229"", ""notification_id"": ""notif::7225ffbae985a5b554d7f324"", ""rule_id"": ""pr_tat_ageing"", ""suppression_scope"": ""pr_tat_ageing:finance_pr::PR-0506148:finance""}"
wf::finance_pr::PR-0506148,finance_pr::PR-0506148,queued,Abdulla,,,,,evt_7cd0c968b19aa672,queued,system,batch8_seed,none,queued,2026-05-09T16:36:52.040881Z,notif::709165788227d14d662fc6fd,pr_tat_ageing,mis_qcg_governance_alert,mis_qcg_admin,medium,dedupe::c83f14ae2624d74e4b8454f7,pr_tat_ageing:finance_pr::PR-0506148:mis_qcg_admin,2026-05-09T16:36:52.058373Z,disabled,in_app,B-47606,SC-TE-1904,sobha_dubai,Sobha Dubai,1396607.0,process_exception,R31 PR unit update / PR quality evidence,live_validated_pr_exception_lineaged,ad004d4a770ef2c1e3bb6f00c62c4c29e6de4b11cd2f6b0d454ca604b935d59b,ad004d4a770ef2c1e3bb6f00c62c4c29e6de4b11cd2f6b0d454ca604b935d59b,ad004d4a770ef2c1e3bb6f00c62c4c29e6de4b11cd2f6b0d454ca604b935d59b,ad004d4a770ef2c1e3bb6f00c62c4c29e6de4b11cd2f6b0d454ca604b935d59b,"[{""cell_or_range"": ""A2265:AR2265"", ""confidence_state"": ""live_validated"", ""has_lineage"": true, ""metric_key"": ""PR_PR-0506148"", ""metric_label"": ""Payment request quality issue"", ""reporting_basis"": ""R31 PR unit update / PR quality"", ""sheet"": ""PR Data"", ""snapshot_date"": ""2026-05-07"", ""source_code"": ""R31"", ""source_file"": ""R31_PR Unit update 07-05-2026.xlsx"", ""validation_status"": ""passed""}]","{""source_action_title"": ""PR exception \u00b7 PR-0506148""}","{""amount_aed"": 1396607.0, ""as_of_date"": ""2026-05-09"", ""assigned_owner"": ""Abdulla"", ""due_date"": null, ""escalation_status"": null, ""pr_status"": ""Pending for Accounts Approval"", ""process_tokens"": {""action_type"": ""finance_pr_quality_exception"", ""pr_status"": ""pending for accounts approval"", ""process_status"": """"}, ""ptp_date"": null, ""ptp_status"": null, ""rule_id"": ""pr_tat_ageing"", ""thresholds"": {""high_risk_amount_aed"": 1000000, ""stale_days"": 7}, ""updated_at"": ""2026-05-09T16:36:52.040881Z"", ""workflow_state"": ""queued""}","{""dedupe_key"": ""dedupe::c83f14ae2624d74e4b8454f7"", ""notification_id"": ""notif::709165788227d14d662fc6fd"", ""rule_id"": ""pr_tat_ageing"", ""suppression_scope"": ""pr_tat_ageing:finance_pr::PR-0506148:mis_qcg_admin""}"
wf::finance_pr::PR-0506150,finance_pr::PR-0506150,queued,Basma,,,,,evt_34d72cfdfc8c2136,queued,system,batch8_seed,none,queued,2026-05-09T16:36:52.041450Z,notif::55ee51ce85332d2812fa7b7d,pr_tat_ageing,finance_exception_nudge,finance,medium,dedupe::768a2389520ab39cea49e4e7,pr_tat_ageing:finance_pr::PR-0506150:finance,2026-05-09T16:36:52.059684Z,disabled,in_app,B-13312,WO-1101,sobha_dubai,Sobha Dubai,867071.0,process_exception,R31 PR unit update / PR quality evidence,live_validated_pr_exception_lineaged,80f9fd2a0669e6fbb7b00f42cdd5d1e4566f6a604ea603fba072d23961be2ad6,80f9fd2a0669e6fbb7b00f42cdd5d1e4566f6a604ea603fba072d23961be2ad6,80f9fd2a0669e6fbb7b00f42cdd5d1e4566f6a604ea603fba072d23961be2ad6,80f9fd2a0669e6fbb7b00f42cdd5d1e4566f6a604ea603fba072d23961be2ad6,"[{""cell_or_range"": ""A634:AR634"", ""confidence_state"": ""live_validated"", ""has_lineage"": true, ""metric_key"": ""PR_PR-0506150"", ""metric_label"": ""Payment request quality issue"", ""reporting_basis"": ""R31 PR unit update / PR quality"", ""sheet"": ""PR Data"", ""snapshot_date"": ""2026-05-07"", ""source_code"": ""R31"", ""source_file"": ""R31_PR Unit update 07-05-2026.xlsx"", ""validation_status"": ""passed""}]","{""source_action_title"": ""PR exception \u00b7 PR-0506150""}","{""amount_aed"": 867071.0, ""as_of_date"": ""2026-05-09"", ""assigned_owner"": ""Basma"", ""due_date"": null, ""escalation_status"": null, ""pr_status"": ""Rejected by System"", ""process_tokens"": {""action_type"": ""finance_pr_quality_exception"", ""pr_status"": ""rejected by system"", ""process_status"": """"}, ""ptp_date"": null, ""ptp_status"": null, ""rule_id"": ""pr_tat_ageing"", ""thresholds"": {""high_risk_amount_aed"": 1000000, ""stale_days"": 7}, ""updated_at"": ""2026-05-09T16:36:52.041450Z"", ""workflow_state"": ""queued""}","{""dedupe_key"": ""dedupe::768a2389520ab39cea49e4e7"", ""notification_id"": ""notif::55ee51ce85332d2812fa7b7d"", ""rule_id"": ""pr_tat_ageing"", ""suppression_scope"": ""pr_tat_ageing:finance_pr::PR-0506150:finance""}"
wf::finance_pr::PR-0506150,finance_pr::PR-0506150,queued,Basma,,,,,evt_34d72cfdfc8c2136,queued,system,batch8_seed,none,queued,2026-05-09T16:36:52.041450Z,notif::713e772c959fa452e2486c3b,pr_tat_ageing,mis_qcg_governance_alert,mis_qcg_admin,medium,dedupe::dd1077e9f341d2f0532a19de,pr_tat_ageing:finance_pr::PR-0506150:mis_qcg_admin,2026-05-09T16:36:52.059727Z,disabled,in_app,B-13312,WO-1101,sobha_dubai,Sobha Dubai,867071.0,process_exception,R31 PR unit update / PR quality evidence,live_validated_pr_exception_lineaged,80f9fd2a0669e6fbb7b00f42cdd5d1e4566f6a604ea603fba072d23961be2ad6,80f9fd2a0669e6fbb7b00f42cdd5d1e4566f6a604ea603fba072d23961be2ad6,80f9fd2a0669e6fbb7b00f42cdd5d1e4566f6a604ea603fba072d23961be2ad6,80f9fd2a0669e6fbb7b00f42cdd5d1e4566f6a604ea603fba072d23961be2ad6,"[{""cell_or_range"": ""A634:AR634"", ""confidence_state"": ""live_validated"", ""has_lineage"": true, ""metric_key"": ""PR_PR-0506150"", ""metric_label"": ""Payment request quality issue"", ""reporting_basis"": ""R31 PR unit update / PR quality"", ""sheet"": ""PR Data"", ""snapshot_date"": ""2026-05-07"", ""source_code"": ""R31"", ""source_file"": ""R31_PR Unit update 07-05-2026.xlsx"", ""validation_status"": ""passed""}]","{""source_action_title"": ""PR exception \u00b7 PR-0506150""}","{""amount_aed"": 867071.0, ""as_of_date"": ""2026-05-09"", ""assigned_owner"": ""Basma"", ""due_date"": null, ""escalation_status"": null, ""pr_status"": ""Rejected by System"", ""process_tokens"": {""action_type"": ""finance_pr_quality_exception"", ""pr_status"": ""rejected by system"", ""process_status"": """"}, ""ptp_date"": null, ""ptp_status"": null, ""rule_id"": ""pr_tat_ageing"", ""thresholds"": {""high_risk_amount_aed"": 1000000, ""stale_days"": 7}, ""updated_at"": ""2026-05-09T16:36:52.041450Z"", ""workflow_state"": ""queued""}","{""dedupe_key"": ""dedupe::dd1077e9f341d2f0532a19de"", ""notification_id"": ""notif::713e772c959fa452e2486c3b"", ""rule_id"": ""pr_tat_ageing"", ""suppression_scope"": ""pr_tat_ageing:finance_pr::PR-0506150:mis_qcg_admin""}"
wf::finance_pr::PR-0506180,finance_pr::PR-0506180,queued,Ali,,,,,evt_858365572a3998fc,queued,system,batch8_seed,none,queued,2026-05-09T16:36:52.040971Z,notif::f4314256e7904f2930cc7edc,pr_tat_ageing,finance_exception_nudge,finance,medium,dedupe::b0ceb4107c9614d84bb933ba,pr_tat_ageing:finance_pr::PR-0506180:finance,2026-05-09T16:36:52.058545Z,disabled,in_app,B-23087,CGB908,sobha_dubai,Sobha Dubai,1098763.0,process_exception,R31 PR unit update / PR quality evidence,live_validated_pr_exception_lineaged,14d2eb5e5bd1d2e2646a1e770d3dc650fe69d66f9f608f972093e84f520fd421,14d2eb5e5bd1d2e2646a1e770d3dc650fe69d66f9f608f972093e84f520fd421,14d2eb5e5bd1d2e2646a1e770d3dc650fe69d66f9f608f972093e84f520fd421,14d2eb5e5bd1d2e2646a1e770d3dc650fe69d66f9f608f972093e84f520fd421,"[{""cell_or_range"": ""A520:AR520"", ""confidence_state"": ""live_validated"", ""has_lineage"": true, ""metric_key"": ""PR_PR-0506180"", ""metric_label"": ""Payment request quality issue"", ""reporting_basis"": ""R31 PR unit update / PR quality"", ""sheet"": ""PR Data"", ""snapshot_date"": ""2026-05-07"", ""source_code"": ""R31"", ""source_file"": ""R31_PR Unit update 07-05-2026.xlsx"", ""validation_status"": ""passed""}]","{""source_action_title"": ""PR exception \u00b7 PR-0506180""}","{""amount_aed"": 1098763.0, ""as_of_date"": ""2026-05-09"", ""assigned_owner"": ""Ali"", ""due_date"": null, ""escalation_status"": null, ""pr_status"": ""Approved"", ""process_tokens"": {""action_type"": ""finance_pr_quality_exception"", ""pr_status"": ""approved"", ""process_status"": """"}, ""ptp_date"": null, ""ptp_status"": null, ""rule_id"": ""pr_tat_ageing"", ""thresholds"": {""high_risk_amount_aed"": 1000000, ""stale_days"": 7}, ""updated_at"": ""2026-05-09T16:36:52.040971Z"", ""workflow_state"": ""queued""}","{""dedupe_key"": ""dedupe::b0ceb4107c9614d84bb933ba"", ""notification_id"": ""notif::f4314256e7904f2930cc7edc"", ""rule_id"": ""pr_tat_ageing"", ""suppression_scope"": ""pr_tat_ageing:finance_pr::PR-0506180:finance""}"
wf::finance_pr::PR-0506180,finance_pr::PR-0506180,queued,Ali,,,,,evt_858365572a3998fc,queued,system,batch8_seed,none,queued,2026-05-09T16:36:52.040971Z,notif::98273d1a03c77bff6674b4c1,pr_tat_ageing,mis_qcg_governance_alert,mis_qcg_admin,medium,dedupe::bee1b48567a5fdcf81012d0a,pr_tat_ageing:finance_pr::PR-0506180:mis_qcg_admin,2026-05-09T16:36:52.058588Z,disabled,in_app,B-23087,CGB908,sobha_dubai,Sobha Dubai,1098763.0,process_exception,R31 PR unit update / PR quality evidence,live_validated_pr_exception_lineaged,14d2eb5e5bd1d2e2646a1e770d3dc650fe69d66f9f608f972093e84f520fd421,14d2eb5e5bd1d2e2646a1e770d3dc650fe69d66f9f608f972093e84f520fd421,14d2eb5e5bd1d2e2646a1e770d3dc650fe69d66f9f608f972093e84f520fd421,14d2eb5e5bd1d2e2646a1e770d3dc650fe69d66f9f608f972093e84f520fd421,"[{""cell_or_range"": ""A520:AR520"", ""confidence_state"": ""live_validated"", ""has_lineage"": true, ""metric_key"": ""PR_PR-0506180"", ""metric_label"": ""Payment request quality issue"", ""reporting_basis"": ""R31 PR unit update / PR quality"", ""sheet"": ""PR Data"", ""snapshot_date"": ""2026-05-07"", ""source_code"": ""R31"", ""source_file"": ""R31_PR Unit update 07-05-2026.xlsx"", ""validation_status"": ""passed""}]","{""source_action_title"": ""PR exception \u00b7 PR-0506180""}","{""amount_aed"": 1098763.0, ""as_of_date"": ""2026-05-09"", ""assigned_owner"": ""Ali"", ""due_date"": null, ""escalation_status"": null, ""pr_status"": ""Approved"", ""process_tokens"": {""action_type"": ""finance_pr_quality_exception"", ""pr_status"": ""approved"", ""process_status"": """"}, ""ptp_date"": null, ""ptp_status"": null, ""rule_id"": ""pr_tat_ageing"", ""thresholds"": {""high_risk_amount_aed"": 1000000, ""stale_days"": 7}, ""updated_at"": ""2026-05-09T16:36:52.040971Z"", ""workflow_state"": ""queued""}","{""dedupe_key"": ""dedupe::bee1b48567a5fdcf81012d0a"", ""notification_id"": ""notif::98273d1a03c77bff6674b4c1"", ""rule_id"": ""pr_tat_ageing"", ""suppression_scope"": ""pr_tat_ageing:finance_pr::PR-0506180:mis_qcg_admin""}"
wf::finance_pr::PR-0506210,finance_pr::PR-0506210,queued,Farheen,,,,,evt_1364b5b9326bc1c8,queued,system,batch8_seed,none,queued,2026-05-09T16:36:52.041494Z,notif::d196afa033c8f1c80c93d75e,pr_tat_ageing,finance_exception_nudge,finance,medium,dedupe::f678aebe8cf6df8f8ad0ecd8,pr_tat_ageing:finance_pr::PR-0506210:finance,2026-05-09T16:36:52.059809Z,disabled,in_app,B-15032,SSH-A2204,sobha_dubai,Sobha Dubai,843498.0,process_exception,R31 PR unit update / PR quality evidence,live_validated_pr_exception_lineaged,c68c9ece87c6d80a0e538b4bc73d3b5c984f7b9b048c2ec48f0d56c5f85e01a1,c68c9ece87c6d80a0e538b4bc73d3b5c984f7b9b048c2ec48f0d56c5f85e01a1,c68c9ece87c6d80a0e538b4bc73d3b5c984f7b9b048c2ec48f0d56c5f85e01a1,c68c9ece87c6d80a0e538b4bc73d3b5c984f7b9b048c2ec48f0d56c5f85e01a1,"[{""cell_or_range"": ""A705:AR705"", ""confidence_state"": ""live_validated"", ""has_lineage"": true, ""metric_key"": ""PR_PR-0506210"", ""metric_label"": ""Payment request quality issue"", ""reporting_basis"": ""R31 PR unit update / PR quality"", ""sheet"": ""PR Data"", ""snapshot_date"": ""2026-05-07"", ""source_code"": ""R31"", ""source_file"": ""R31_PR Unit update 07-05-2026.xlsx"", ""validation_status"": ""passed""}]","{""source_action_title"": ""PR exception \u00b7 PR-0506210""}","{""amount_aed"": 843498.0, ""as_of_date"": ""2026-05-09"", ""assigned_owner"": ""Farheen"", ""due_date"": null, ""escalation_status"": null, ""pr_status"": ""Pending for Accounts Approval"", ""process_tokens"": {""action_type"": ""finance_pr_quality_exception"", ""pr_status"": ""pending for accounts approval"", ""process_status"": """"}, ""ptp_date"": null, ""ptp_status"": null, ""rule_id"": ""pr_tat_ageing"", ""thresholds"": {""high_risk_amount_aed"": 1000000, ""stale_days"": 7}, ""updated_at"": ""2026-05-09T16:36:52.041494Z"", ""workflow_state"": ""queued""}","{""dedupe_key"": ""dedupe::f678aebe8cf6df8f8ad0ecd8"", ""notification_id"": ""notif::d196afa033c8f1c80c93d75e"", ""rule_id"": ""pr_tat_ageing"", ""suppression_scope"": ""pr_tat_ageing:finance_pr::PR-0506210:finance""}"
wf::finance_pr::PR-0506210,finance_pr::PR-0506210,queued,Farheen,,,,,evt_1364b5b9326bc1c8,queued,system,batch8_seed,none,queued,2026-05-09T16:36:52.041494Z,notif::a5858a4084d92f48a2fbaa19,pr_tat_ageing,mis_qcg_governance_alert,mis_qcg_admin,medium,dedupe::30c47cca94d4d6a588342474,pr_tat_ageing:finance_pr::PR-0506210:mis_qcg_admin,2026-05-09T16:36:52.059855Z,disabled,in_app,B-15032,SSH-A2204,sobha_dubai,Sobha Dubai,843498.0,process_exception,R31 PR unit update / PR quality evidence,live_validated_pr_exception_lineaged,c68c9ece87c6d80a0e538b4bc73d3b5c984f7b9b048c2ec48f0d56c5f85e01a1,c68c9ece87c6d80a0e538b4bc73d3b5c984f7b9b048c2ec48f0d56c5f85e01a1,c68c9ece87c6d80a0e538b4bc73d3b5c984f7b9b048c2ec48f0d56c5f85e01a1,c68c9ece87c6d80a0e538b4bc73d3b5c984f7b9b048c2ec48f0d56c5f85e01a1,"[{""cell_or_range"": ""A705:AR705"", ""confidence_state"": ""live_validated"", ""has_lineage"": true, ""metric_key"": ""PR_PR-0506210"", ""metric_label"": ""Payment request quality issue"", ""reporting_basis"": ""R31 PR unit update / PR quality"", ""sheet"": ""PR Data"", ""snapshot_date"": ""2026-05-07"", ""source_code"": ""R31"", ""source_file"": ""R31_PR Unit update 07-05-2026.xlsx"", ""validation_status"": ""passed""}]","{""source_action_title"": ""PR exception \u00b7 PR-0506210""}","{""amount_aed"": 843498.0, ""as_of_date"": ""2026-05-09"", ""assigned_owner"": ""Farheen"", ""due_date"": null, ""escalation_status"": null, ""pr_status"": ""Pending for Accounts Approval"", ""process_tokens"": {""action_type"": ""finance_pr_quality_exception"", ""pr_status"": ""pending for accounts approval"", ""process_status"": """"}, ""ptp_date"": null, ""ptp_status"": null, ""rule_id"": ""pr_tat_ageing"", ""thresholds"": {""high_risk_amount_aed"": 1000000, ""stale_days"": 7}, ""updated_at"": ""2026-05-09T16:36:52.041494Z"", ""workflow_state"": ""queued""}","{""dedupe_key"": ""dedupe::30c47cca94d4d6a588342474"", ""notification_id"": ""notif::a5858a4084d92f48a2fbaa19"", ""rule_id"": ""pr_tat_ageing"", ""suppression_scope"": ""pr_tat_ageing:finance_pr::PR-0506210:mis_qcg_admin""}"
wf::finance_pr::PR-0506329,finance_pr::PR-0506329,queued,Sarmad,,,,,evt_6363f13768fca86d,queued,system,batch8_seed,none,queued,2026-05-09T16:36:52.040788Z,notif::ddb28c1766c2f191ce6c5f2b,pr_tat_ageing,finance_exception_nudge,finance,medium,dedupe::a67d09eed70b6db9bb0d4487,pr_tat_ageing:finance_pr::PR-0506329:finance,2026-05-09T16:36:52.058093Z,disabled,in_app,B-11703,CGC1803,sobha_dubai,Sobha Dubai,1557479.2,process_exception,R31 PR unit update / PR quality evidence,live_validated_pr_exception_lineaged,8eab79d0987fe45f827610b645474f0b0e211a73f64214383dcedda7a4d72cff,8eab79d0987fe45f827610b645474f0b0e211a73f64214383dcedda7a4d72cff,8eab79d0987fe45f827610b645474f0b0e211a73f64214383dcedda7a4d72cff,8eab79d0987fe45f827610b645474f0b0e211a73f64214383dcedda7a4d72cff,"[{""cell_or_range"": ""A566:AR566"", ""confidence_state"": ""live_validated"", ""has_lineage"": true, ""metric_key"": ""PR_PR-0506329"", ""metric_label"": ""Payment request quality issue"", ""reporting_basis"": ""R31 PR unit update / PR quality"", ""sheet"": ""PR Data"", ""snapshot_date"": ""2026-05-07"", ""source_code"": ""R31"", ""source_file"": ""R31_PR Unit update 07-05-2026.xlsx"", ""validation_status"": ""passed""}]","{""source_action_title"": ""PR exception \u00b7 PR-0506329""}","{""amount_aed"": 1557479.2, ""as_of_date"": ""2026-05-09"", ""assigned_owner"": ""Sarmad"", ""due_date"": null, ""escalation_status"": null, ""pr_status"": ""Rejected by System"", ""process_tokens"": {""action_type"": ""finance_pr_quality_exception"", ""pr_status"": ""rejected by system"", ""process_status"": """"}, ""ptp_date"": null, ""ptp_status"": null, ""rule_id"": ""pr_tat_ageing"", ""thresholds"": {""high_risk_amount_aed"": 1000000, ""stale_days"": 7}, ""updated_at"": ""2026-05-09T16:36:52.040788Z"", ""workflow_state"": ""queued""}","{""dedupe_key"": ""dedupe::a67d09eed70b6db9bb0d4487"", ""notification_id"": ""notif::ddb28c1766c2f191ce6c5f2b"", ""rule_id"": ""pr_tat_ageing"", ""suppression_scope"": ""pr_tat_ageing:finance_pr::PR-0506329:finance""}"
wf::finance_pr::PR-0506329,finance_pr::PR-0506329,queued,Sarmad,,,,,evt_6363f13768fca86d,queued,system,batch8_seed,none,queued,2026-05-09T16:36:52.040788Z,notif::bfb0c0658ebf13efa31123a3,pr_tat_ageing,mis_qcg_governance_alert,mis_qcg_admin,medium,dedupe::87cdb031c9298a0dbbd315a4,pr_tat_ageing:finance_pr::PR-0506329:mis_qcg_admin,2026-05-09T16:36:52.058147Z,disabled,in_app,B-11703,CGC1803,sobha_dubai,Sobha Dubai,1557479.2,process_exception,R31 PR unit update / PR quality evidence,live_validated_pr_exception_lineaged,8eab79d0987fe45f827610b645474f0b0e211a73f64214383dcedda7a4d72cff,8eab79d0987fe45f827610b645474f0b0e211a73f64214383dcedda7a4d72cff,8eab79d0987fe45f827610b645474f0b0e211a73f64214383dcedda7a4d72cff,8eab79d0987fe45f827610b645474f0b0e211a73f64214383dcedda7a4d72cff,"[{""cell_or_range"": ""A566:AR566"", ""confidence_state"": ""live_validated"", ""has_lineage"": true, ""metric_key"": ""PR_PR-0506329"", ""metric_label"": ""Payment request quality issue"", ""reporting_basis"": ""R31 PR unit update / PR quality"", ""sheet"": ""PR Data"", ""snapshot_date"": ""2026-05-07"", ""source_code"": ""R31"", ""source_file"": ""R31_PR Unit update 07-05-2026.xlsx"", ""validation_status"": ""passed""}]","{""source_action_title"": ""PR exception \u00b7 PR-0506329""}","{""amount_aed"": 1557479.2, ""as_of_date"": ""2026-05-09"", ""assigned_owner"": ""Sarmad"", ""due_date"": null, ""escalation_status"": null, ""pr_status"": ""Rejected by System"", ""process_tokens"": {""action_type"": ""finance_pr_quality_exception"", ""pr_status"": ""rejected by system"", ""process_status"": """"}, ""ptp_date"": null, ""ptp_status"": null, ""rule_id"": ""pr_tat_ageing"", ""thresholds"": {""high_risk_amount_aed"": 1000000, ""stale_days"": 7}, ""updated_at"": ""2026-05-09T16:36:52.040788Z"", ""workflow_state"": ""queued""}","{""dedupe_key"": ""dedupe::87cdb031c9298a0dbbd315a4"", ""notification_id"": ""notif::bfb0c0658ebf13efa31123a3"", ""rule_id"": ""pr_tat_ageing"", ""suppression_scope"": ""pr_tat_ageing:finance_pr::PR-0506329:mis_qcg_admin""}"
wf::finance_pr::PR-0506340,finance_pr::PR-0506340,queued,Ruhul,,,,,evt_d5a43db68bc10c10,queued,system,batch8_seed,none,queued,2026-05-09T16:36:52.041404Z,notif::0fa04e47a1503cc4a6ad801b,pr_tat_ageing,finance_exception_nudge,finance,medium,dedupe::e1f8418bbb253128c18433fa,pr_tat_ageing:finance_pr::PR-0506340:finance,2026-05-09T16:36:52.059576Z,disabled,in_app,B-42981,WO-R07,sobha_dubai,Sobha Dubai,868316.4,process_exception,R31 PR unit update / PR quality evidence,live_validated_pr_exception_lineaged,091cc09a7973c2557177e6aad2a16c8bc79b1d1d906596a8afad9ef3fce55be1,091cc09a7973c2557177e6aad2a16c8bc79b1d1d906596a8afad9ef3fce55be1,091cc09a7973c2557177e6aad2a16c8bc79b1d1d906596a8afad9ef3fce55be1,091cc09a7973c2557177e6aad2a16c8bc79b1d1d906596a8afad9ef3fce55be1,"[{""cell_or_range"": ""A2340:AR2340"", ""confidence_state"": ""live_validated"", ""has_lineage"": true, ""metric_key"": ""PR_PR-0506340"", ""metric_label"": ""Payment request quality issue"", ""reporting_basis"": ""R31 PR unit update / PR quality"", ""sheet"": ""PR Data"", ""snapshot_date"": ""2026-05-07"", ""source_code"": ""R31"", ""source_file"": ""R31_PR Unit update 07-05-2026.xlsx"", ""validation_status"": ""passed""}]","{""source_action_title"": ""PR exception \u00b7 PR-0506340""}","{""amount_aed"": 868316.4, ""as_of_date"": ""2026-05-09"", ""assigned_owner"": ""Ruhul"", ""due_date"": null, ""escalation_status"": null, ""pr_status"": ""Pending for Accounts Approval"", ""process_tokens"": {""action_type"": ""finance_pr_quality_exception"", ""pr_status"": ""pending for accounts approval"", ""process_status"": """"}, ""ptp_date"": null, ""ptp_status"": null, ""rule_id"": ""pr_tat_ageing"", ""thresholds"": {""high_risk_amount_aed"": 1000000, ""stale_days"": 7}, ""updated_at"": ""2026-05-09T16:36:52.041404Z"", ""workflow_state"": ""queued""}","{""dedupe_key"": ""dedupe::e1f8418bbb253128c18433fa"", ""notification_id"": ""notif::0fa04e47a1503cc4a6ad801b"", ""rule_id"": ""pr_tat_ageing"", ""suppression_scope"": ""pr_tat_ageing:finance_pr::PR-0506340:finance""}"
wf::finance_pr::PR-0506340,finance_pr::PR-0506340,queued,Ruhul,,,,,evt_d5a43db68bc10c10,queued,system,batch8_seed,none,queued,2026-05-09T16:36:52.041404Z,notif::755602a26a88e6b441035652,pr_tat_ageing,mis_qcg_governance_alert,mis_qcg_admin,medium,dedupe::121513e332b63c360ce2c2ed,pr_tat_ageing:finance_pr::PR-0506340:mis_qcg_admin,2026-05-09T16:36:52.059620Z,disabled,in_app,B-42981,WO-R07,sobha_dubai,Sobha Dubai,868316.4,process_exception,R31 PR unit update / PR quality evidence,live_validated_pr_exception_lineaged,091cc09a7973c2557177e6aad2a16c8bc79b1d1d906596a8afad9ef3fce55be1,091cc09a7973c2557177e6aad2a16c8bc79b1d1d906596a8afad9ef3fce55be1,091cc09a7973c2557177e6aad2a16c8bc79b1d1d906596a8afad9ef3fce55be1,091cc09a7973c2557177e6aad2a16c8bc79b1d1d906596a8afad9ef3fce55be1,"[{""cell_or_range"": ""A2340:AR2340"", ""confidence_state"": ""live_validated"", ""has_lineage"": true, ""metric_key"": ""PR_PR-0506340"", ""metric_label"": ""Payment request quality issue"", ""reporting_basis"": ""R31 PR unit update / PR quality"", ""sheet"": ""PR Data"", ""snapshot_date"": ""2026-05-07"", ""source_code"": ""R31"", ""source_file"": ""R31_PR Unit update 07-05-2026.xlsx"", ""validation_status"": ""passed""}]","{""source_action_title"": ""PR exception \u00b7 PR-0506340""}","{""amount_aed"": 868316.4, ""as_of_date"": ""2026-05-09"", ""assigned_owner"": ""Ruhul"", ""due_date"": null, ""escalation_status"": null, ""pr_status"": ""Pending for Accounts Approval"", ""process_tokens"": {""action_type"": ""finance_pr_quality_exception"", ""pr_status"": ""pending for accounts approval"", ""process_status"": """"}, ""ptp_date"": null, ""ptp_status"": null, ""rule_id"": ""pr_tat_ageing"", ""thresholds"": {""high_risk_amount_aed"": 1000000, ""stale_days"": 7}, ""updated_at"": ""2026-05-09T16:36:52.041404Z"", ""workflow_state"": ""queued""}","{""dedupe_key"": ""dedupe::121513e332b63c360ce2c2ed"", ""notification_id"": ""notif::755602a26a88e6b441035652"", ""rule_id"": ""pr_tat_ageing"", ""suppression_scope"": ""pr_tat_ageing:finance_pr::PR-0506340:mis_qcg_admin""}"
wf::tat::May::15+_days,tat::May::15+ days,blocked,,,,,,evt_abe92e15d257431f,blocked,system,batch8_seed,none,blocked,2026-05-09T16:36:52.041810Z,,,,,,,,,,,,,,,280,15+ days,R20 PR-to-SOA TAT Report,live_validated_process_tat_lineaged,a748fd6cb8fff2aa788982c9bc83ec062ece3faa5954a9804a83b8b3198b9b08,a748fd6cb8fff2aa788982c9bc83ec062ece3faa5954a9804a83b8b3198b9b08,,,"[{""cell_or_range"": ""G8"", ""confidence_state"": ""live_validated"", ""has_lineage"": true, ""metric_key"": ""TAT_15+ days_May"", ""metric_label"": ""PR-to-SOA TAT ageing bucket"", ""reporting_basis"": ""R20 PR-to-SOA TAT count"", ""sheet"": ""Summary 2"", ""snapshot_date"": null, ""source_code"": ""R20"", ""source_file"": ""R20_PR to SOA TAT Report 07-05-2026.xlsx"", ""validation_status"": ""passed""}]","{""source_action_title"": ""PR-to-SOA TAT \u00b7 15+ days""}",{},{}
wf::tat::May::9-15_days,tat::May::9-15 days,blocked,,,,,,evt_d1e51e93e21a9167,blocked,system,batch8_seed,none,blocked,2026-05-09T16:36:52.041857Z,,,,,,,,,,,,,,,491,9-15 days,R20 PR-to-SOA TAT Report,live_validated_process_tat_lineaged,1fe808cdb4dfc42a5f1614bee1dff1b8a84e46e0aba8ba2ad3a7f9dbb8127527,1fe808cdb4dfc42a5f1614bee1dff1b8a84e46e0aba8ba2ad3a7f9dbb8127527,,,"[{""cell_or_range"": ""G7"", ""confidence_state"": ""live_validated"", ""has_lineage"": true, ""metric_key"": ""TAT_9-15 days_May"", ""metric_label"": ""PR-to-SOA TAT ageing bucket"", ""reporting_basis"": ""R20 PR-to-SOA TAT count"", ""sheet"": ""Summary 2"", ""snapshot_date"": null, ""source_code"": ""R20"", ""source_file"": ""R20_PR to SOA TAT Report 07-05-2026.xlsx"", ""validation_status"": ""passed""}]","{""source_action_title"": ""PR-to-SOA TAT \u00b7 9-15 days""}",{},{}
wf::termination::B-14088::SSH-A4101,termination::B-14088::SSH-A4101,queued,Aqsa,,,,,evt_f071e7318e753e50,queued,system,batch8_seed,none,queued,2026-05-09T16:36:52.039617Z,notif::ea7521788bfc833077f80a9f,termination_risk,manager_escalation,cco_gm_agm,critical,dedupe::fa5f5aeb3ab1e8f2d17f3cb2,termination_risk:termination::B-14088::SSH-A4101:cco_gm_agm,2026-05-09T16:36:52.056029Z,disabled,in_app,B-14088,SSH-A4101,sobha_dubai,Sobha Dubai,6220139.52,180+,R34 termination status + R10 owner allocation evidence,live_validated_account_owner_ageing_lineaged,326554b49b0b06b2e9f21dd04a47d86dabe67c5cc973f4884a0558552c294fce,326554b49b0b06b2e9f21dd04a47d86dabe67c5cc973f4884a0558552c294fce,326554b49b0b06b2e9f21dd04a47d86dabe67c5cc973f4884a0558552c294fce,326554b49b0b06b2e9f21dd04a47d86dabe67c5cc973f4884a0558552c294fce,"[{""cell_or_range"": ""A5256:BT5256"", ""confidence_state"": ""live_validated"", ""has_lineage"": true, ""metric_key"": ""TERM_B-14088_SSH-A4101"", ""metric_label"": ""Termination / overdue eligibility"", ""reporting_basis"": ""R34 termination status account evidence"", ""sheet"": ""Data"", ""snapshot_date"": null, ""source_code"": ""R34"", ""source_file"": ""R34_Termination Status - Report -08-05-2026.xlsx"", ""validation_status"": ""passed""}, {""cell_or_range"": ""A3414:AD3414"", ""confidence_state"": ""live_validated"", ""has_lineage"": true, ""metric_key"": ""OWNER_B-14088_SSH-A4101"", ""metric_label"": ""Owner allocation validation"", ""reporting_basis"": ""R10 dues coverage allocation"", ""sheet"": ""Allocation"", ""snapshot_date"": ""2026-05-08 00:00:00"", ""source_code"": ""R10"", ""source_file"": ""R10_Dues Coverage summary report.xlsx"", ""validation_status"": ""passed""}]","{""source_action_title"": ""Termination/PDN review \u00b7 B-14088 / SSH-A4101""}","{""amount_aed"": 6220139.52, ""as_of_date"": ""2026-05-09"", ""assigned_owner"": ""Aqsa"", ""due_date"": null, ""escalation_status"": ""TERMINATION"", ""pr_status"": null, ""ptp_date"": null, ""ptp_status"": null, ""rule_id"": ""termination_risk"", ""thresholds"": {""high_risk_amount_aed"": 1000000, ""stale_days"": 7}, ""updated_at"": ""2026-05-09T16:36:52.039617Z"", ""workflow_state"": ""queued""}","{""dedupe_key"": ""dedupe::fa5f5aeb3ab1e8f2d17f3cb2"", ""notification_id"": ""notif::ea7521788bfc833077f80a9f"", ""rule_id"": ""termination_risk"", ""suppression_scope"": ""termination_risk:termination::B-14088::SSH-A4101:cco_gm_agm""}"
wf::termination::B-14088::SSH-A4101,termination::B-14088::SSH-A4101,queued,Aqsa,,,,,evt_f071e7318e753e50,queued,system,batch8_seed,none,queued,2026-05-09T16:36:52.039617Z,notif::2ccc2f86edd048d04f7b8a8e,termination_risk,mis_qcg_governance_alert,mis_qcg_admin,critical,dedupe::21bec4c41b842f2789c1ced0,termination_risk:termination::B-14088::SSH-A4101:mis_qcg_admin,2026-05-09T16:36:52.056087Z,disabled,in_app,B-14088,SSH-A4101,sobha_dubai,Sobha Dubai,6220139.52,180+,R34 termination status + R10 owner allocation evidence,live_validated_account_owner_ageing_lineaged,326554b49b0b06b2e9f21dd04a47d86dabe67c5cc973f4884a0558552c294fce,326554b49b0b06b2e9f21dd04a47d86dabe67c5cc973f4884a0558552c294fce,326554b49b0b06b2e9f21dd04a47d86dabe67c5cc973f4884a0558552c294fce,326554b49b0b06b2e9f21dd04a47d86dabe67c5cc973f4884a0558552c294fce,"[{""cell_or_range"": ""A5256:BT5256"", ""confidence_state"": ""live_validated"", ""has_lineage"": true, ""metric_key"": ""TERM_B-14088_SSH-A4101"", ""metric_label"": ""Termination / overdue eligibility"", ""reporting_basis"": ""R34 termination status account evidence"", ""sheet"": ""Data"", ""snapshot_date"": null, ""source_code"": ""R34"", ""source_file"": ""R34_Termination Status - Report -08-05-2026.xlsx"", ""validation_status"": ""passed""}, {""cell_or_range"": ""A3414:AD3414"", ""confidence_state"": ""live_validated"", ""has_lineage"": true, ""metric_key"": ""OWNER_B-14088_SSH-A4101"", ""metric_label"": ""Owner allocation validation"", ""reporting_basis"": ""R10 dues coverage allocation"", ""sheet"": ""Allocation"", ""snapshot_date"": ""2026-05-08 00:00:00"", ""source_code"": ""R10"", ""source_file"": ""R10_Dues Coverage summary report.xlsx"", ""validation_status"": ""passed""}]","{""source_action_title"": ""Termination/PDN review \u00b7 B-14088 / SSH-A4101""}","{""amount_aed"": 6220139.52, ""as_of_date"": ""2026-05-09"", ""assigned_owner"": ""Aqsa"", ""due_date"": null, ""escalation_status"": ""TERMINATION"", ""pr_status"": null, ""ptp_date"": null, ""ptp_status"": null, ""rule_id"": ""termination_risk"", ""thresholds"": {""high_risk_amount_aed"": 1000000, ""stale_days"": 7}, ""updated_at"": ""2026-05-09T16:36:52.039617Z"", ""workflow_state"": ""queued""}","{""dedupe_key"": ""dedupe::21bec4c41b842f2789c1ced0"", ""notification_id"": ""notif::2ccc2f86edd048d04f7b8a8e"", ""rule_id"": ""termination_risk"", ""suppression_scope"": ""termination_risk:termination::B-14088::SSH-A4101:mis_qcg_admin""}"
wf::termination::B-15776::SR-V_801,termination::B-15776::SR-V 801,queued,Ruhul,,,,,evt_ae9fde670142619b,queued,system,batch8_seed,none,queued,2026-05-09T16:36:52.039853Z,notif::fef011c1ccf11ffa3dc45973,termination_risk,manager_escalation,cco_gm_agm,critical,dedupe::dc7fb96f478f3c6f2c646424,termination_risk:termination::B-15776::SR-V 801:cco_gm_agm,2026-05-09T16:36:52.056637Z,disabled,in_app,B-15776,SR-V 801,sobha_dubai,Sobha Dubai,5656656.2,180+,R34 termination status + R10 owner allocation evidence,live_validated_account_owner_ageing_lineaged,675a98e04c7a930f73af9ce3cd9745628adac80c5cd1b549636ad52e4a5f5ad5,675a98e04c7a930f73af9ce3cd9745628adac80c5cd1b549636ad52e4a5f5ad5,675a98e04c7a930f73af9ce3cd9745628adac80c5cd1b549636ad52e4a5f5ad5,675a98e04c7a930f73af9ce3cd9745628adac80c5cd1b549636ad52e4a5f5ad5,"[{""cell_or_range"": ""A14910:BT14910"", ""confidence_state"": ""live_validated"", ""has_lineage"": true, ""metric_key"": ""TERM_B-15776_SR-V 801"", ""metric_label"": ""Termination / overdue eligibility"", ""reporting_basis"": ""R34 termination status account evidence"", ""sheet"": ""Data"", ""snapshot_date"": null, ""source_code"": ""R34"", ""source_file"": ""R34_Termination Status - Report -08-05-2026.xlsx"", ""validation_status"": ""passed""}, {""cell_or_range"": ""A13059:AD13059"", ""confidence_state"": ""live_validated"", ""has_lineage"": true, ""metric_key"": ""OWNER_B-15776_SR-V 801"", ""metric_label"": ""Owner allocation validation"", ""reporting_basis"": ""R10 dues coverage allocation"", ""sheet"": ""Allocation"", ""snapshot_date"": ""2026-05-08 00:00:00"", ""source_code"": ""R10"", ""source_file"": ""R10_Dues Coverage summary report.xlsx"", ""validation_status"": ""passed""}]","{""source_action_title"": ""Termination/PDN review \u00b7 B-15776 / SR-V 801""}","{""amount_aed"": 5656656.2, ""as_of_date"": ""2026-05-09"", ""assigned_owner"": ""Ruhul"", ""due_date"": null, ""escalation_status"": ""TERMINATION"", ""pr_status"": null, ""ptp_date"": null, ""ptp_status"": null, ""rule_id"": ""termination_risk"", ""thresholds"": {""high_risk_amount_aed"": 1000000, ""stale_days"": 7}, ""updated_at"": ""2026-05-09T16:36:52.039853Z"", ""workflow_state"": ""queued""}","{""dedupe_key"": ""dedupe::dc7fb96f478f3c6f2c646424"", ""notification_id"": ""notif::fef011c1ccf11ffa3dc45973"", ""rule_id"": ""termination_risk"", ""suppression_scope"": ""termination_risk:termination::B-15776::SR-V 801:cco_gm_agm""}"
wf::termination::B-15776::SR-V_801,termination::B-15776::SR-V 801,queued,Ruhul,,,,,evt_ae9fde670142619b,queued,system,batch8_seed,none,queued,2026-05-09T16:36:52.039853Z,notif::d6ebfe543e3f98fdaf9bb796,termination_risk,mis_qcg_governance_alert,mis_qcg_admin,critical,dedupe::1b557689482ce2b05683c130,termination_risk:termination::B-15776::SR-V 801:mis_qcg_admin,2026-05-09T16:36:52.056698Z,disabled,in_app,B-15776,SR-V 801,sobha_dubai,Sobha Dubai,5656656.2,180+,R34 termination status + R10 owner allocation evidence,live_validated_account_owner_ageing_lineaged,675a98e04c7a930f73af9ce3cd9745628adac80c5cd1b549636ad52e4a5f5ad5,675a98e04c7a930f73af9ce3cd9745628adac80c5cd1b549636ad52e4a5f5ad5,675a98e04c7a930f73af9ce3cd9745628adac80c5cd1b549636ad52e4a5f5ad5,675a98e04c7a930f73af9ce3cd9745628adac80c5cd1b549636ad52e4a5f5ad5,"[{""cell_or_range"": ""A14910:BT14910"", ""confidence_state"": ""live_validated"", ""has_lineage"": true, ""metric_key"": ""TERM_B-15776_SR-V 801"", ""metric_label"": ""Termination / overdue eligibility"", ""reporting_basis"": ""R34 termination status account evidence"", ""sheet"": ""Data"", ""snapshot_date"": null, ""source_code"": ""R34"", ""source_file"": ""R34_Termination Status - Report -08-05-2026.xlsx"", ""validation_status"": ""passed""}, {""cell_or_range"": ""A13059:AD13059"", ""confidence_state"": ""live_validated"", ""has_lineage"": true, ""metric_key"": ""OWNER_B-15776_SR-V 801"", ""metric_label"": ""Owner allocation validation"", ""reporting_basis"": ""R10 dues coverage allocation"", ""sheet"": ""Allocation"", ""snapshot_date"": ""2026-05-08 00:00:00"", ""source_code"": ""R10"", ""source_file"": ""R10_Dues Coverage summary report.xlsx"", ""validation_status"": ""passed""}]","{""source_action_title"": ""Termination/PDN review \u00b7 B-15776 / SR-V 801""}","{""amount_aed"": 5656656.2, ""as_of_date"": ""2026-05-09"", ""assigned_owner"": ""Ruhul"", ""due_date"": null, ""escalation_status"": ""TERMINATION"", ""pr_status"": null, ""ptp_date"": null, ""ptp_status"": null, ""rule_id"": ""termination_risk"", ""thresholds"": {""high_risk_amount_aed"": 1000000, ""stale_days"": 7}, ""updated_at"": ""2026-05-09T16:36:52.039853Z"", ""workflow_state"": ""queued""}","{""dedupe_key"": ""dedupe::1b557689482ce2b05683c130"", ""notification_id"": ""notif::d6ebfe543e3f98fdaf9bb796"", ""rule_id"": ""termination_risk"", ""suppression_scope"": ""termination_risk:termination::B-15776::SR-V 801:mis_qcg_admin""}"
wf::termination::B-17431::SR-V_209,termination::B-17431::SR-V 209,queued,Hussein,,,,,evt_eca87cb92ced374e,queued,system,batch8_seed,none,queued,2026-05-09T16:36:52.039675Z,notif::5d811cd573ccbe4e04af1044,termination_risk,manager_escalation,cco_gm_agm,critical,dedupe::66ace93c8e603eb24211a9a4,termination_risk:termination::B-17431::SR-V 209:cco_gm_agm,2026-05-09T16:36:52.056171Z,disabled,in_app,B-17431,SR-V 209,sobha_dubai,Sobha Dubai,6153867.11,180+,R34 termination status + R10 owner allocation evidence,live_validated_account_owner_ageing_lineaged,92be42c476d4f7d1f7d6f8a24947c057df6c1098b30e1e02dbcde2a99d201e0c,92be42c476d4f7d1f7d6f8a24947c057df6c1098b30e1e02dbcde2a99d201e0c,92be42c476d4f7d1f7d6f8a24947c057df6c1098b30e1e02dbcde2a99d201e0c,92be42c476d4f7d1f7d6f8a24947c057df6c1098b30e1e02dbcde2a99d201e0c,"[{""cell_or_range"": ""A1729:BT1729"", ""confidence_state"": ""live_validated"", ""has_lineage"": true, ""metric_key"": ""TERM_B-17431_SR-V 209"", ""metric_label"": ""Termination / overdue eligibility"", ""reporting_basis"": ""R34 termination status account evidence"", ""sheet"": ""Data"", ""snapshot_date"": null, ""source_code"": ""R34"", ""source_file"": ""R34_Termination Status - Report -08-05-2026.xlsx"", ""validation_status"": ""passed""}, {""cell_or_range"": ""A16686:AD16686"", ""confidence_state"": ""live_validated"", ""has_lineage"": true, ""metric_key"": ""OWNER_B-17431_SR-V 209"", ""metric_label"": ""Owner allocation validation"", ""reporting_basis"": ""R10 dues coverage allocation"", ""sheet"": ""Allocation"", ""snapshot_date"": ""2026-05-08 00:00:00"", ""source_code"": ""R10"", ""source_file"": ""R10_Dues Coverage summary report.xlsx"", ""validation_status"": ""passed""}]","{""source_action_title"": ""Termination/PDN review \u00b7 B-17431 / SR-V 209""}","{""amount_aed"": 6153867.11, ""as_of_date"": ""2026-05-09"", ""assigned_owner"": ""Hussein"", ""due_date"": null, ""escalation_status"": ""TERMINATION"", ""pr_status"": null, ""ptp_date"": null, ""ptp_status"": null, ""rule_id"": ""termination_risk"", ""thresholds"": {""high_risk_amount_aed"": 1000000, ""stale_days"": 7}, ""updated_at"": ""2026-05-09T16:36:52.039675Z"", ""workflow_state"": ""queued""}","{""dedupe_key"": ""dedupe::66ace93c8e603eb24211a9a4"", ""notification_id"": ""notif::5d811cd573ccbe4e04af1044"", ""rule_id"": ""termination_risk"", ""suppression_scope"": ""termination_risk:termination::B-17431::SR-V 209:cco_gm_agm""}"
wf::termination::B-17431::SR-V_209,termination::B-17431::SR-V 209,queued,Hussein,,,,,evt_eca87cb92ced374e,queued,system,batch8_seed,none,queued,2026-05-09T16:36:52.039675Z,notif::8d169b565a6bee54bf74b7c8,termination_risk,mis_qcg_governance_alert,mis_qcg_admin,critical,dedupe::6a6af0afc3750ecb37caa87d,termination_risk:termination::B-17431::SR-V 209:mis_qcg_admin,2026-05-09T16:36:52.056229Z,disabled,in_app,B-17431,SR-V 209,sobha_dubai,Sobha Dubai,6153867.11,180+,R34 termination status + R10 owner allocation evidence,live_validated_account_owner_ageing_lineaged,92be42c476d4f7d1f7d6f8a24947c057df6c1098b30e1e02dbcde2a99d201e0c,92be42c476d4f7d1f7d6f8a24947c057df6c1098b30e1e02dbcde2a99d201e0c,92be42c476d4f7d1f7d6f8a24947c057df6c1098b30e1e02dbcde2a99d201e0c,92be42c476d4f7d1f7d6f8a24947c057df6c1098b30e1e02dbcde2a99d201e0c,"[{""cell_or_range"": ""A1729:BT1729"", ""confidence_state"": ""live_validated"", ""has_lineage"": true, ""metric_key"": ""TERM_B-17431_SR-V 209"", ""metric_label"": ""Termination / overdue eligibility"", ""reporting_basis"": ""R34 termination status account evidence"", ""sheet"": ""Data"", ""snapshot_date"": null, ""source_code"": ""R34"", ""source_file"": ""R34_Termination Status - Report -08-05-2026.xlsx"", ""validation_status"": ""passed""}, {""cell_or_range"": ""A16686:AD16686"", ""confidence_state"": ""live_validated"", ""has_lineage"": true, ""metric_key"": ""OWNER_B-17431_SR-V 209"", ""metric_label"": ""Owner allocation validation"", ""reporting_basis"": ""R10 dues coverage allocation"", ""sheet"": ""Allocation"", ""snapshot_date"": ""2026-05-08 00:00:00"", ""source_code"": ""R10"", ""source_file"": ""R10_Dues Coverage summary report.xlsx"", ""validation_status"": ""passed""}]","{""source_action_title"": ""Termination/PDN review \u00b7 B-17431 / SR-V 209""}","{""amount_aed"": 6153867.11, ""as_of_date"": ""2026-05-09"", ""assigned_owner"": ""Hussein"", ""due_date"": null, ""escalation_status"": ""TERMINATION"", ""pr_status"": null, ""ptp_date"": null, ""ptp_status"": null, ""rule_id"": ""termination_risk"", ""thresholds"": {""high_risk_amount_aed"": 1000000, ""stale_days"": 7}, ""updated_at"": ""2026-05-09T16:36:52.039675Z"", ""workflow_state"": ""queued""}","{""dedupe_key"": ""dedupe::6a6af0afc3750ecb37caa87d"", ""notification_id"": ""notif::8d169b565a6bee54bf74b7c8"", ""rule_id"": ""termination_risk"", ""suppression_scope"": ""termination_risk:termination::B-17431::SR-V 209:mis_qcg_admin""}"
wf::termination::B-17618::SSH-A5202,termination::B-17618::SSH-A5202,queued,Aqsa,,,,,evt_a31b3bf89f53e7bd,queued,system,batch8_seed,none,queued,2026-05-09T16:36:52.039167Z,notif::4f891e79b4d20e1d5116ff38,termination_risk,manager_escalation,cco_gm_agm,critical,dedupe::982370dc62542da8b8378305,termination_risk:termination::B-17618::SSH-A5202:cco_gm_agm,2026-05-09T16:36:52.054978Z,disabled,in_app,B-17618,SSH-A5202,sobha_dubai,Sobha Dubai,11201897.52,180+,R34 termination status + R10 owner allocation evidence,live_validated_account_owner_ageing_lineaged,6329fb10872829106bfdd3006127422baf620509a58c51dfe8d6801a4496ed1e,6329fb10872829106bfdd3006127422baf620509a58c51dfe8d6801a4496ed1e,6329fb10872829106bfdd3006127422baf620509a58c51dfe8d6801a4496ed1e,6329fb10872829106bfdd3006127422baf620509a58c51dfe8d6801a4496ed1e,"[{""cell_or_range"": ""A1981:BT1981"", ""confidence_state"": ""live_validated"", ""has_lineage"": true, ""metric_key"": ""TERM_B-17618_SSH-A5202"", ""metric_label"": ""Termination / overdue eligibility"", ""reporting_basis"": ""R34 termination status account evidence"", ""sheet"": ""Data"", ""snapshot_date"": null, ""source_code"": ""R34"", ""source_file"": ""R34_Termination Status - Report -08-05-2026.xlsx"", ""validation_status"": ""passed""}, {""cell_or_range"": ""A16856:AD16856"", ""confidence_state"": ""live_validated"", ""has_lineage"": true, ""metric_key"": ""OWNER_B-17618_SSH-A5202"", ""metric_label"": ""Owner allocation validation"", ""reporting_basis"": ""R10 dues coverage allocation"", ""sheet"": ""Allocation"", ""snapshot_date"": ""2026-05-08 00:00:00"", ""source_code"": ""R10"", ""source_file"": ""R10_Dues Coverage summary report.xlsx"", ""validation_status"": ""passed""}]","{""source_action_title"": ""Termination/PDN review \u00b7 B-17618 / SSH-A5202""}","{""amount_aed"": 11201897.52, ""as_of_date"": ""2026-05-09"", ""assigned_owner"": ""Aqsa"", ""due_date"": null, ""escalation_status"": ""TERMINATION"", ""pr_status"": null, ""ptp_date"": null, ""ptp_status"": null, ""rule_id"": ""termination_risk"", ""thresholds"": {""high_risk_amount_aed"": 1000000, ""stale_days"": 7}, ""updated_at"": ""2026-05-09T16:36:52.039167Z"", ""workflow_state"": ""queued""}","{""dedupe_key"": ""dedupe::982370dc62542da8b8378305"", ""notification_id"": ""notif::4f891e79b4d20e1d5116ff38"", ""rule_id"": ""termination_risk"", ""suppression_scope"": ""termination_risk:termination::B-17618::SSH-A5202:cco_gm_agm""}"
wf::termination::B-17618::SSH-A5202,termination::B-17618::SSH-A5202,queued,Aqsa,,,,,evt_a31b3bf89f53e7bd,queued,system,batch8_seed,none,queued,2026-05-09T16:36:52.039167Z,notif::87df70ce4730c27a85019e7d,termination_risk,mis_qcg_governance_alert,mis_qcg_admin,critical,dedupe::a362bd9c1aff43ef3ad17c60,termination_risk:termination::B-17618::SSH-A5202:mis_qcg_admin,2026-05-09T16:36:52.055037Z,disabled,in_app,B-17618,SSH-A5202,sobha_dubai,Sobha Dubai,11201897.52,180+,R34 termination status + R10 owner allocation evidence,live_validated_account_owner_ageing_lineaged,6329fb10872829106bfdd3006127422baf620509a58c51dfe8d6801a4496ed1e,6329fb10872829106bfdd3006127422baf620509a58c51dfe8d6801a4496ed1e,6329fb10872829106bfdd3006127422baf620509a58c51dfe8d6801a4496ed1e,6329fb10872829106bfdd3006127422baf620509a58c51dfe8d6801a4496ed1e,"[{""cell_or_range"": ""A1981:BT1981"", ""confidence_state"": ""live_validated"", ""has_lineage"": true, ""metric_key"": ""TERM_B-17618_SSH-A5202"", ""metric_label"": ""Termination / overdue eligibility"", ""reporting_basis"": ""R34 termination status account evidence"", ""sheet"": ""Data"", ""snapshot_date"": null, ""source_code"": ""R34"", ""source_file"": ""R34_Termination Status - Report -08-05-2026.xlsx"", ""validation_status"": ""passed""}, {""cell_or_range"": ""A16856:AD16856"", ""confidence_state"": ""live_validated"", ""has_lineage"": true, ""metric_key"": ""OWNER_B-17618_SSH-A5202"", ""metric_label"": ""Owner allocation validation"", ""reporting_basis"": ""R10 dues coverage allocation"", ""sheet"": ""Allocation"", ""snapshot_date"": ""2026-05-08 00:00:00"", ""source_code"": ""R10"", ""source_file"": ""R10_Dues Coverage summary report.xlsx"", ""validation_status"": ""passed""}]","{""source_action_title"": ""Termination/PDN review \u00b7 B-17618 / SSH-A5202""}","{""amount_aed"": 11201897.52, ""as_of_date"": ""2026-05-09"", ""assigned_owner"": ""Aqsa"", ""due_date"": null, ""escalation_status"": ""TERMINATION"", ""pr_status"": null, ""ptp_date"": null, ""ptp_status"": null, ""rule_id"": ""termination_risk"", ""thresholds"": {""high_risk_amount_aed"": 1000000, ""stale_days"": 7}, ""updated_at"": ""2026-05-09T16:36:52.039167Z"", ""workflow_state"": ""queued""}","{""dedupe_key"": ""dedupe::a362bd9c1aff43ef3ad17c60"", ""notification_id"": ""notif::87df70ce4730c27a85019e7d"", ""rule_id"": ""termination_risk"", ""suppression_scope"": ""termination_risk:termination::B-17618::SSH-A5202:mis_qcg_admin""}"
wf::termination::B-18413::SSH-A5003,termination::B-18413::SSH-A5003,queued,Aqsa,,,,,evt_d398ba3486695a65,queued,system,batch8_seed,none,queued,2026-05-09T16:36:52.039106Z,notif::3bcb144b4d8ca269774abba3,termination_risk,manager_escalation,cco_gm_agm,critical,dedupe::4b4d86e2a6e90a18c74772b6,termination_risk:termination::B-18413::SSH-A5003:cco_gm_agm,2026-05-09T16:36:52.054826Z,disabled,in_app,B-18413,SSH-A5003,sobha_dubai,Sobha Dubai,11613413.48,180+,R34 termination status + R10 owner allocation evidence,live_validated_account_owner_ageing_lineaged,e13aa55f797fb88cb0bd0dc18a1455988ee9358e73dd999efb57b4e7880b9d4d,e13aa55f797fb88cb0bd0dc18a1455988ee9358e73dd999efb57b4e7880b9d4d,e13aa55f797fb88cb0bd0dc18a1455988ee9358e73dd999efb57b4e7880b9d4d,e13aa55f797fb88cb0bd0dc18a1455988ee9358e73dd999efb57b4e7880b9d4d,"[{""cell_or_range"": ""A1951:BT1951"", ""confidence_state"": ""live_validated"", ""has_lineage"": true, ""metric_key"": ""TERM_B-18413_SSH-A5003"", ""metric_label"": ""Termination / overdue eligibility"", ""reporting_basis"": ""R34 termination status account evidence"", ""sheet"": ""Data"", ""snapshot_date"": null, ""source_code"": ""R34"", ""source_file"": ""R34_Termination Status - Report -08-05-2026.xlsx"", ""validation_status"": ""passed""}, {""cell_or_range"": ""A16836:AD16836"", ""confidence_state"": ""live_validated"", ""has_lineage"": true, ""metric_key"": ""OWNER_B-18413_SSH-A5003"", ""metric_label"": ""Owner allocation validation"", ""reporting_basis"": ""R10 dues coverage allocation"", ""sheet"": ""Allocation"", ""snapshot_date"": ""2026-05-08 00:00:00"", ""source_code"": ""R10"", ""source_file"": ""R10_Dues Coverage summary report.xlsx"", ""validation_status"": ""passed""}]","{""source_action_title"": ""Termination/PDN review \u00b7 B-18413 / SSH-A5003""}","{""amount_aed"": 11613413.48, ""as_of_date"": ""2026-05-09"", ""assigned_owner"": ""Aqsa"", ""due_date"": null, ""escalation_status"": ""TERMINATION"", ""pr_status"": null, ""ptp_date"": null, ""ptp_status"": null, ""rule_id"": ""termination_risk"", ""thresholds"": {""high_risk_amount_aed"": 1000000, ""stale_days"": 7}, ""updated_at"": ""2026-05-09T16:36:52.039106Z"", ""workflow_state"": ""queued""}","{""dedupe_key"": ""dedupe::4b4d86e2a6e90a18c74772b6"", ""notification_id"": ""notif::3bcb144b4d8ca269774abba3"", ""rule_id"": ""termination_risk"", ""suppression_scope"": ""termination_risk:termination::B-18413::SSH-A5003:cco_gm_agm""}"
wf::termination::B-18413::SSH-A5003,termination::B-18413::SSH-A5003,queued,Aqsa,,,,,evt_d398ba3486695a65,queued,system,batch8_seed,none,queued,2026-05-09T16:36:52.039106Z,notif::e1e9572f981a3584adc7f3f5,termination_risk,mis_qcg_governance_alert,mis_qcg_admin,critical,dedupe::7607a78f06086eca7e6fac75,termination_risk:termination::B-18413::SSH-A5003:mis_qcg_admin,2026-05-09T16:36:52.054891Z,disabled,in_app,B-18413,SSH-A5003,sobha_dubai,Sobha Dubai,11613413.48,180+,R34 termination status + R10 owner allocation evidence,live_validated_account_owner_ageing_lineaged,e13aa55f797fb88cb0bd0dc18a1455988ee9358e73dd999efb57b4e7880b9d4d,e13aa55f797fb88cb0bd0dc18a1455988ee9358e73dd999efb57b4e7880b9d4d,e13aa55f797fb88cb0bd0dc18a1455988ee9358e73dd999efb57b4e7880b9d4d,e13aa55f797fb88cb0bd0dc18a1455988ee9358e73dd999efb57b4e7880b9d4d,"[{""cell_or_range"": ""A1951:BT1951"", ""confidence_state"": ""live_validated"", ""has_lineage"": true, ""metric_key"": ""TERM_B-18413_SSH-A5003"", ""metric_label"": ""Termination / overdue eligibility"", ""reporting_basis"": ""R34 termination status account evidence"", ""sheet"": ""Data"", ""snapshot_date"": null, ""source_code"": ""R34"", ""source_file"": ""R34_Termination Status - Report -08-05-2026.xlsx"", ""validation_status"": ""passed""}, {""cell_or_range"": ""A16836:AD16836"", ""confidence_state"": ""live_validated"", ""has_lineage"": true, ""metric_key"": ""OWNER_B-18413_SSH-A5003"", ""metric_label"": ""Owner allocation validation"", ""reporting_basis"": ""R10 dues coverage allocation"", ""sheet"": ""Allocation"", ""snapshot_date"": ""2026-05-08 00:00:00"", ""source_code"": ""R10"", ""source_file"": ""R10_Dues Coverage summary report.xlsx"", ""validation_status"": ""passed""}]","{""source_action_title"": ""Termination/PDN review \u00b7 B-18413 / SSH-A5003""}","{""amount_aed"": 11613413.48, ""as_of_date"": ""2026-05-09"", ""assigned_owner"": ""Aqsa"", ""due_date"": null, ""escalation_status"": ""TERMINATION"", ""pr_status"": null, ""ptp_date"": null, ""ptp_status"": null, ""rule_id"": ""termination_risk"", ""thresholds"": {""high_risk_amount_aed"": 1000000, ""stale_days"": 7}, ""updated_at"": ""2026-05-09T16:36:52.039106Z"", ""workflow_state"": ""queued""}","{""dedupe_key"": ""dedupe::7607a78f06086eca7e6fac75"", ""notification_id"": ""notif::e1e9572f981a3584adc7f3f5"", ""rule_id"": ""termination_risk"", ""suppression_scope"": ""termination_risk:termination::B-18413::SSH-A5003:mis_qcg_admin""}"
wf::termination::B-21391::SR-V_207,termination::B-21391::SR-V 207,queued,Hussein,,,,,evt_d6c956589a4ddb3e,queued,system,batch8_seed,none,queued,2026-05-09T16:36:52.039734Z,notif::21147997e558ec9199c2487f,termination_risk,manager_escalation,cco_gm_agm,critical,dedupe::d230b2e84556a1230320b48a,termination_risk:termination::B-21391::SR-V 207:cco_gm_agm,2026-05-09T16:36:52.056314Z,disabled,in_app,B-21391,SR-V 207,sobha_dubai,Sobha Dubai,5854975.68,180+,R34 termination status + R10 owner allocation evidence,live_validated_account_owner_ageing_lineaged,1746ed528a42edad948cf8d8d368d60113dfc724d40bddece2752ccc84676a9d,1746ed528a42edad948cf8d8d368d60113dfc724d40bddece2752ccc84676a9d,1746ed528a42edad948cf8d8d368d60113dfc724d40bddece2752ccc84676a9d,1746ed528a42edad948cf8d8d368d60113dfc724d40bddece2752ccc84676a9d,"[{""cell_or_range"": ""A20692:BT20692"", ""confidence_state"": ""live_validated"", ""has_lineage"": true, ""metric_key"": ""TERM_B-21391_SR-V 207"", ""metric_label"": ""Termination / overdue eligibility"", ""reporting_basis"": ""R34 termination status account evidence"", ""sheet"": ""Data"", ""snapshot_date"": null, ""source_code"": ""R34"", ""source_file"": ""R34_Termination Status - Report -08-05-2026.xlsx"", ""validation_status"": ""passed""}, {""cell_or_range"": ""A19637:AD19637"", ""confidence_state"": ""live_validated"", ""has_lineage"": true, ""metric_key"": ""OWNER_B-21391_SR-V 207"", ""metric_label"": ""Owner allocation validation"", ""reporting_basis"": ""R10 dues coverage allocation"", ""sheet"": ""Allocation"", ""snapshot_date"": ""2026-05-08 00:00:00"", ""source_code"": ""R10"", ""source_file"": ""R10_Dues Coverage summary report.xlsx"", ""validation_status"": ""passed""}]","{""source_action_title"": ""Termination/PDN review \u00b7 B-21391 / SR-V 207""}","{""amount_aed"": 5854975.68, ""as_of_date"": ""2026-05-09"", ""assigned_owner"": ""Hussein"", ""due_date"": null, ""escalation_status"": ""TERMINATION"", ""pr_status"": null, ""ptp_date"": null, ""ptp_status"": null, ""rule_id"": ""termination_risk"", ""thresholds"": {""high_risk_amount_aed"": 1000000, ""stale_days"": 7}, ""updated_at"": ""2026-05-09T16:36:52.039734Z"", ""workflow_state"": ""queued""}","{""dedupe_key"": ""dedupe::d230b2e84556a1230320b48a"", ""notification_id"": ""notif::21147997e558ec9199c2487f"", ""rule_id"": ""termination_risk"", ""suppression_scope"": ""termination_risk:termination::B-21391::SR-V 207:cco_gm_agm""}"
wf::termination::B-21391::SR-V_207,termination::B-21391::SR-V 207,queued,Hussein,,,,,evt_d6c956589a4ddb3e,queued,system,batch8_seed,none,queued,2026-05-09T16:36:52.039734Z,notif::4747a0e6ce156abfff52347d,termination_risk,mis_qcg_governance_alert,mis_qcg_admin,critical,dedupe::1ddf8c67e573cdcb3e094618,termination_risk:termination::B-21391::SR-V 207:mis_qcg_admin,2026-05-09T16:36:52.056372Z,disabled,in_app,B-21391,SR-V 207,sobha_dubai,Sobha Dubai,5854975.68,180+,R34 termination status + R10 owner allocation evidence,live_validated_account_owner_ageing_lineaged,1746ed528a42edad948cf8d8d368d60113dfc724d40bddece2752ccc84676a9d,1746ed528a42edad948cf8d8d368d60113dfc724d40bddece2752ccc84676a9d,1746ed528a42edad948cf8d8d368d60113dfc724d40bddece2752ccc84676a9d,1746ed528a42edad948cf8d8d368d60113dfc724d40bddece2752ccc84676a9d,"[{""cell_or_range"": ""A20692:BT20692"", ""confidence_state"": ""live_validated"", ""has_lineage"": true, ""metric_key"": ""TERM_B-21391_SR-V 207"", ""metric_label"": ""Termination / overdue eligibility"", ""reporting_basis"": ""R34 termination status account evidence"", ""sheet"": ""Data"", ""snapshot_date"": null, ""source_code"": ""R34"", ""source_file"": ""R34_Termination Status - Report -08-05-2026.xlsx"", ""validation_status"": ""passed""}, {""cell_or_range"": ""A19637:AD19637"", ""confidence_state"": ""live_validated"", ""has_lineage"": true, ""metric_key"": ""OWNER_B-21391_SR-V 207"", ""metric_label"": ""Owner allocation validation"", ""reporting_basis"": ""R10 dues coverage allocation"", ""sheet"": ""Allocation"", ""snapshot_date"": ""2026-05-08 00:00:00"", ""source_code"": ""R10"", ""source_file"": ""R10_Dues Coverage summary report.xlsx"", ""validation_status"": ""passed""}]","{""source_action_title"": ""Termination/PDN review \u00b7 B-21391 / SR-V 207""}","{""amount_aed"": 5854975.68, ""as_of_date"": ""2026-05-09"", ""assigned_owner"": ""Hussein"", ""due_date"": null, ""escalation_status"": ""TERMINATION"", ""pr_status"": null, ""ptp_date"": null, ""ptp_status"": null, ""rule_id"": ""termination_risk"", ""thresholds"": {""high_risk_amount_aed"": 1000000, ""stale_days"": 7}, ""updated_at"": ""2026-05-09T16:36:52.039734Z"", ""workflow_state"": ""queued""}","{""dedupe_key"": ""dedupe::1ddf8c67e573cdcb3e094618"", ""notification_id"": ""notif::4747a0e6ce156abfff52347d"", ""rule_id"": ""termination_risk"", ""suppression_scope"": ""termination_risk:termination::B-21391::SR-V 207:mis_qcg_admin""}"
wf::termination::B-22136::SR-V_712,termination::B-22136::SR-V 712,queued,Ruhul,,,,,evt_ca0a8302f4de0c00,queued,system,batch8_seed,none,queued,2026-05-09T16:36:52.040603Z,notif::3ff0b6ec5e1809e3411e02f6,termination_risk,manager_escalation,cco_gm_agm,critical,dedupe::ec1206a30b3b10b9a70ae4a1,termination_risk:termination::B-22136::SR-V 712:cco_gm_agm,2026-05-09T16:36:52.057574Z,disabled,in_app,B-22136,SR-V 712,sobha_dubai,Sobha Dubai,4872040.28,180+,R34 termination status + R10 owner allocation evidence,live_validated_account_owner_ageing_lineaged,820b12607676aa8f3a690d302a1f91e5c49150b76cd9657d44ba4b009000a8a4,820b12607676aa8f3a690d302a1f91e5c49150b76cd9657d44ba4b009000a8a4,820b12607676aa8f3a690d302a1f91e5c49150b76cd9657d44ba4b009000a8a4,820b12607676aa8f3a690d302a1f91e5c49150b76cd9657d44ba4b009000a8a4,"[{""cell_or_range"": ""A20728:BT20728"", ""confidence_state"": ""live_validated"", ""has_lineage"": true, ""metric_key"": ""TERM_B-22136_SR-V 712"", ""metric_label"": ""Termination / overdue eligibility"", ""reporting_basis"": ""R34 termination status account evidence"", ""sheet"": ""Data"", ""snapshot_date"": null, ""source_code"": ""R34"", ""source_file"": ""R34_Termination Status - Report -08-05-2026.xlsx"", ""validation_status"": ""passed""}, {""cell_or_range"": ""A19673:AD19673"", ""confidence_state"": ""live_validated"", ""has_lineage"": true, ""metric_key"": ""OWNER_B-22136_SR-V 712"", ""metric_label"": ""Owner allocation validation"", ""reporting_basis"": ""R10 dues coverage allocation"", ""sheet"": ""Allocation"", ""snapshot_date"": ""2026-05-08 00:00:00"", ""source_code"": ""R10"", ""source_file"": ""R10_Dues Coverage summary report.xlsx"", ""validation_status"": ""passed""}]","{""source_action_title"": ""Termination/PDN review \u00b7 B-22136 / SR-V 712""}","{""amount_aed"": 4872040.28, ""as_of_date"": ""2026-05-09"", ""assigned_owner"": ""Ruhul"", ""due_date"": null, ""escalation_status"": ""TERMINATION"", ""pr_status"": null, ""ptp_date"": null, ""ptp_status"": null, ""rule_id"": ""termination_risk"", ""thresholds"": {""high_risk_amount_aed"": 1000000, ""stale_days"": 7}, ""updated_at"": ""2026-05-09T16:36:52.040603Z"", ""workflow_state"": ""queued""}","{""dedupe_key"": ""dedupe::ec1206a30b3b10b9a70ae4a1"", ""notification_id"": ""notif::3ff0b6ec5e1809e3411e02f6"", ""rule_id"": ""termination_risk"", ""suppression_scope"": ""termination_risk:termination::B-22136::SR-V 712:cco_gm_agm""}"
wf::termination::B-22136::SR-V_712,termination::B-22136::SR-V 712,queued,Ruhul,,,,,evt_ca0a8302f4de0c00,queued,system,batch8_seed,none,queued,2026-05-09T16:36:52.040603Z,notif::6128cb94656ced2f526d82f8,termination_risk,mis_qcg_governance_alert,mis_qcg_admin,critical,dedupe::12e6ccdc530727ab1052c450,termination_risk:termination::B-22136::SR-V 712:mis_qcg_admin,2026-05-09T16:36:52.057653Z,disabled,in_app,B-22136,SR-V 712,sobha_dubai,Sobha Dubai,4872040.28,180+,R34 termination status + R10 owner allocation evidence,live_validated_account_owner_ageing_lineaged,820b12607676aa8f3a690d302a1f91e5c49150b76cd9657d44ba4b009000a8a4,820b12607676aa8f3a690d302a1f91e5c49150b76cd9657d44ba4b009000a8a4,820b12607676aa8f3a690d302a1f91e5c49150b76cd9657d44ba4b009000a8a4,820b12607676aa8f3a690d302a1f91e5c49150b76cd9657d44ba4b009000a8a4,"[{""cell_or_range"": ""A20728:BT20728"", ""confidence_state"": ""live_validated"", ""has_lineage"": true, ""metric_key"": ""TERM_B-22136_SR-V 712"", ""metric_label"": ""Termination / overdue eligibility"", ""reporting_basis"": ""R34 termination status account evidence"", ""sheet"": ""Data"", ""snapshot_date"": null, ""source_code"": ""R34"", ""source_file"": ""R34_Termination Status - Report -08-05-2026.xlsx"", ""validation_status"": ""passed""}, {""cell_or_range"": ""A19673:AD19673"", ""confidence_state"": ""live_validated"", ""has_lineage"": true, ""metric_key"": ""OWNER_B-22136_SR-V 712"", ""metric_label"": ""Owner allocation validation"", ""reporting_basis"": ""R10 dues coverage allocation"", ""sheet"": ""Allocation"", ""snapshot_date"": ""2026-05-08 00:00:00"", ""source_code"": ""R10"", ""source_file"": ""R10_Dues Coverage summary report.xlsx"", ""validation_status"": ""passed""}]","{""source_action_title"": ""Termination/PDN review \u00b7 B-22136 / SR-V 712""}","{""amount_aed"": 4872040.28, ""as_of_date"": ""2026-05-09"", ""assigned_owner"": ""Ruhul"", ""due_date"": null, ""escalation_status"": ""TERMINATION"", ""pr_status"": null, ""ptp_date"": null, ""ptp_status"": null, ""rule_id"": ""termination_risk"", ""thresholds"": {""high_risk_amount_aed"": 1000000, ""stale_days"": 7}, ""updated_at"": ""2026-05-09T16:36:52.040603Z"", ""workflow_state"": ""queued""}","{""dedupe_key"": ""dedupe::12e6ccdc530727ab1052c450"", ""notification_id"": ""notif::6128cb94656ced2f526d82f8"", ""rule_id"": ""termination_risk"", ""suppression_scope"": ""termination_risk:termination::B-22136::SR-V 712:mis_qcg_admin""}"
wf::termination::B-22733::SR-V_164,termination::B-22733::SR-V 164,queued,Hussein,,,,,evt_c711ccbe5c3f51a3,queued,system,batch8_seed,none,queued,2026-05-09T16:36:52.040544Z,notif::1598c93e00b8dcbe8903257c,termination_risk,manager_escalation,cco_gm_agm,critical,dedupe::b65f72aaa9c07f6866fb664d,termination_risk:termination::B-22733::SR-V 164:cco_gm_agm,2026-05-09T16:36:52.057430Z,disabled,in_app,B-22733,SR-V 164,sobha_dubai,Sobha Dubai,5054648.62,180+,R34 termination status + R10 owner allocation evidence,live_validated_account_owner_ageing_lineaged,097032c84982ec2b606f0bcf9d1cd0536de50be9d43e060df3655e183bcb3cc0,097032c84982ec2b606f0bcf9d1cd0536de50be9d43e060df3655e183bcb3cc0,097032c84982ec2b606f0bcf9d1cd0536de50be9d43e060df3655e183bcb3cc0,097032c84982ec2b606f0bcf9d1cd0536de50be9d43e060df3655e183bcb3cc0,"[{""cell_or_range"": ""A1867:BT1867"", ""confidence_state"": ""live_validated"", ""has_lineage"": true, ""metric_key"": ""TERM_B-22733_SR-V 164"", ""metric_label"": ""Termination / overdue eligibility"", ""reporting_basis"": ""R34 termination status account evidence"", ""sheet"": ""Data"", ""snapshot_date"": null, ""source_code"": ""R34"", ""source_file"": ""R34_Termination Status - Report -08-05-2026.xlsx"", ""validation_status"": ""passed""}, {""cell_or_range"": ""A16780:AD16780"", ""confidence_state"": ""live_validated"", ""has_lineage"": true, ""metric_key"": ""OWNER_B-22733_SR-V 164"", ""metric_label"": ""Owner allocation validation"", ""reporting_basis"": ""R10 dues coverage allocation"", ""sheet"": ""Allocation"", ""snapshot_date"": ""2026-05-08 00:00:00"", ""source_code"": ""R10"", ""source_file"": ""R10_Dues Coverage summary report.xlsx"", ""validation_status"": ""passed""}]","{""source_action_title"": ""Termination/PDN review \u00b7 B-22733 / SR-V 164""}","{""amount_aed"": 5054648.62, ""as_of_date"": ""2026-05-09"", ""assigned_owner"": ""Hussein"", ""due_date"": null, ""escalation_status"": ""TERMINATION"", ""pr_status"": null, ""ptp_date"": null, ""ptp_status"": null, ""rule_id"": ""termination_risk"", ""thresholds"": {""high_risk_amount_aed"": 1000000, ""stale_days"": 7}, ""updated_at"": ""2026-05-09T16:36:52.040544Z"", ""workflow_state"": ""queued""}","{""dedupe_key"": ""dedupe::b65f72aaa9c07f6866fb664d"", ""notification_id"": ""notif::1598c93e00b8dcbe8903257c"", ""rule_id"": ""termination_risk"", ""suppression_scope"": ""termination_risk:termination::B-22733::SR-V 164:cco_gm_agm""}"
wf::termination::B-22733::SR-V_164,termination::B-22733::SR-V 164,queued,Hussein,,,,,evt_c711ccbe5c3f51a3,queued,system,batch8_seed,none,queued,2026-05-09T16:36:52.040544Z,notif::268e1b6f22860bb45cd268f0,termination_risk,mis_qcg_governance_alert,mis_qcg_admin,critical,dedupe::75e62825701fe80acd64791f,termination_risk:termination::B-22733::SR-V 164:mis_qcg_admin,2026-05-09T16:36:52.057488Z,disabled,in_app,B-22733,SR-V 164,sobha_dubai,Sobha Dubai,5054648.62,180+,R34 termination status + R10 owner allocation evidence,live_validated_account_owner_ageing_lineaged,097032c84982ec2b606f0bcf9d1cd0536de50be9d43e060df3655e183bcb3cc0,097032c84982ec2b606f0bcf9d1cd0536de50be9d43e060df3655e183bcb3cc0,097032c84982ec2b606f0bcf9d1cd0536de50be9d43e060df3655e183bcb3cc0,097032c84982ec2b606f0bcf9d1cd0536de50be9d43e060df3655e183bcb3cc0,"[{""cell_or_range"": ""A1867:BT1867"", ""confidence_state"": ""live_validated"", ""has_lineage"": true, ""metric_key"": ""TERM_B-22733_SR-V 164"", ""metric_label"": ""Termination / overdue eligibility"", ""reporting_basis"": ""R34 termination status account evidence"", ""sheet"": ""Data"", ""snapshot_date"": null, ""source_code"": ""R34"", ""source_file"": ""R34_Termination Status - Report -08-05-2026.xlsx"", ""validation_status"": ""passed""}, {""cell_or_range"": ""A16780:AD16780"", ""confidence_state"": ""live_validated"", ""has_lineage"": true, ""metric_key"": ""OWNER_B-22733_SR-V 164"", ""metric_label"": ""Owner allocation validation"", ""reporting_basis"": ""R10 dues coverage allocation"", ""sheet"": ""Allocation"", ""snapshot_date"": ""2026-05-08 00:00:00"", ""source_code"": ""R10"", ""source_file"": ""R10_Dues Coverage summary report.xlsx"", ""validation_status"": ""passed""}]","{""source_action_title"": ""Termination/PDN review \u00b7 B-22733 / SR-V 164""}","{""amount_aed"": 5054648.62, ""as_of_date"": ""2026-05-09"", ""assigned_owner"": ""Hussein"", ""due_date"": null, ""escalation_status"": ""TERMINATION"", ""pr_status"": null, ""ptp_date"": null, ""ptp_status"": null, ""rule_id"": ""termination_risk"", ""thresholds"": {""high_risk_amount_aed"": 1000000, ""stale_days"": 7}, ""updated_at"": ""2026-05-09T16:36:52.040544Z"", ""workflow_state"": ""queued""}","{""dedupe_key"": ""dedupe::75e62825701fe80acd64791f"", ""notification_id"": ""notif::268e1b6f22860bb45cd268f0"", ""rule_id"": ""termination_risk"", ""suppression_scope"": ""termination_risk:termination::B-22733::SR-V 164:mis_qcg_admin""}"
wf::termination::B-22768::SE-V_133,termination::B-22768::SE-V 133,queued,Vinod,,,,,evt_2cffa89cc7e48c2d,queued,system,batch8_seed,none,queued,2026-05-09T16:36:52.039028Z,notif::530c86ad32ca504ec77a2278,termination_risk,manager_escalation,cco_gm_agm,critical,dedupe::e0e3efdb428f8c8139bd3d5d,termination_risk:termination::B-22768::SE-V 133:cco_gm_agm,2026-05-09T16:36:52.054666Z,disabled,in_app,B-22768,SE-V 133,sobha_dubai,Sobha Dubai,13544880.76,180+,R34 termination status + R10 owner allocation evidence,live_validated_account_owner_ageing_lineaged,3e01bfe3f6de75d200e689aba2e71c75a477ac33b6ff44854200905e2f0dfcac,3e01bfe3f6de75d200e689aba2e71c75a477ac33b6ff44854200905e2f0dfcac,3e01bfe3f6de75d200e689aba2e71c75a477ac33b6ff44854200905e2f0dfcac,3e01bfe3f6de75d200e689aba2e71c75a477ac33b6ff44854200905e2f0dfcac,"[{""cell_or_range"": ""A6324:BT6324"", ""confidence_state"": ""live_validated"", ""has_lineage"": true, ""metric_key"": ""TERM_B-22768_SE-V 133"", ""metric_label"": ""Termination / overdue eligibility"", ""reporting_basis"": ""R34 termination status account evidence"", ""sheet"": ""Data"", ""snapshot_date"": null, ""source_code"": ""R34"", ""source_file"": ""R34_Termination Status - Report -08-05-2026.xlsx"", ""validation_status"": ""passed""}, {""cell_or_range"": ""A4481:AD4481"", ""confidence_state"": ""live_validated"", ""has_lineage"": true, ""metric_key"": ""OWNER_B-22768_SE-V 133"", ""metric_label"": ""Owner allocation validation"", ""reporting_basis"": ""R10 dues coverage allocation"", ""sheet"": ""Allocation"", ""snapshot_date"": ""2026-05-08 00:00:00"", ""source_code"": ""R10"", ""source_file"": ""R10_Dues Coverage summary report.xlsx"", ""validation_status"": ""passed""}]","{""source_action_title"": ""Termination/PDN review \u00b7 B-22768 / SE-V 133""}","{""amount_aed"": 13544880.76, ""as_of_date"": ""2026-05-09"", ""assigned_owner"": ""Vinod"", ""due_date"": null, ""escalation_status"": ""TERMINATION"", ""pr_status"": null, ""ptp_date"": null, ""ptp_status"": null, ""rule_id"": ""termination_risk"", ""thresholds"": {""high_risk_amount_aed"": 1000000, ""stale_days"": 7}, ""updated_at"": ""2026-05-09T16:36:52.039028Z"", ""workflow_state"": ""queued""}","{""dedupe_key"": ""dedupe::e0e3efdb428f8c8139bd3d5d"", ""notification_id"": ""notif::530c86ad32ca504ec77a2278"", ""rule_id"": ""termination_risk"", ""suppression_scope"": ""termination_risk:termination::B-22768::SE-V 133:cco_gm_agm""}"
wf::termination::B-22768::SE-V_133,termination::B-22768::SE-V 133,queued,Vinod,,,,,evt_2cffa89cc7e48c2d,queued,system,batch8_seed,none,queued,2026-05-09T16:36:52.039028Z,notif::bc2ef405b15b262bc3f57a90,termination_risk,mis_qcg_governance_alert,mis_qcg_admin,critical,dedupe::1ddc39c017f82b93139192cf,termination_risk:termination::B-22768::SE-V 133:mis_qcg_admin,2026-05-09T16:36:52.054729Z,disabled,in_app,B-22768,SE-V 133,sobha_dubai,Sobha Dubai,13544880.76,180+,R34 termination status + R10 owner allocation evidence,live_validated_account_owner_ageing_lineaged,3e01bfe3f6de75d200e689aba2e71c75a477ac33b6ff44854200905e2f0dfcac,3e01bfe3f6de75d200e689aba2e71c75a477ac33b6ff44854200905e2f0dfcac,3e01bfe3f6de75d200e689aba2e71c75a477ac33b6ff44854200905e2f0dfcac,3e01bfe3f6de75d200e689aba2e71c75a477ac33b6ff44854200905e2f0dfcac,"[{""cell_or_range"": ""A6324:BT6324"", ""confidence_state"": ""live_validated"", ""has_lineage"": true, ""metric_key"": ""TERM_B-22768_SE-V 133"", ""metric_label"": ""Termination / overdue eligibility"", ""reporting_basis"": ""R34 termination status account evidence"", ""sheet"": ""Data"", ""snapshot_date"": null, ""source_code"": ""R34"", ""source_file"": ""R34_Termination Status - Report -08-05-2026.xlsx"", ""validation_status"": ""passed""}, {""cell_or_range"": ""A4481:AD4481"", ""confidence_state"": ""live_validated"", ""has_lineage"": true, ""metric_key"": ""OWNER_B-22768_SE-V 133"", ""metric_label"": ""Owner allocation validation"", ""reporting_basis"": ""R10 dues coverage allocation"", ""sheet"": ""Allocation"", ""snapshot_date"": ""2026-05-08 00:00:00"", ""source_code"": ""R10"", ""source_file"": ""R10_Dues Coverage summary report.xlsx"", ""validation_status"": ""passed""}]","{""source_action_title"": ""Termination/PDN review \u00b7 B-22768 / SE-V 133""}","{""amount_aed"": 13544880.76, ""as_of_date"": ""2026-05-09"", ""assigned_owner"": ""Vinod"", ""due_date"": null, ""escalation_status"": ""TERMINATION"", ""pr_status"": null, ""ptp_date"": null, ""ptp_status"": null, ""rule_id"": ""termination_risk"", ""thresholds"": {""high_risk_amount_aed"": 1000000, ""stale_days"": 7}, ""updated_at"": ""2026-05-09T16:36:52.039028Z"", ""workflow_state"": ""queued""}","{""dedupe_key"": ""dedupe::1ddc39c017f82b93139192cf"", ""notification_id"": ""notif::bc2ef405b15b262bc3f57a90"", ""rule_id"": ""termination_risk"", ""suppression_scope"": ""termination_risk:termination::B-22768::SE-V 133:mis_qcg_admin""}"
wf::termination::B-24730::SSH-A5901,termination::B-24730::SSH-A5901,queued,Aqsa,,,,,evt_91477b903754ebc5,queued,system,batch8_seed,none,queued,2026-05-09T16:36:52.039227Z,notif::acd4f395ac80d5a9fe739d93,termination_risk,manager_escalation,cco_gm_agm,critical,dedupe::d2441f678c2a86ddbfc365b7,termination_risk:termination::B-24730::SSH-A5901:cco_gm_agm,2026-05-09T16:36:52.055123Z,disabled,in_app,B-24730,SSH-A5901,sobha_dubai,Sobha Dubai,9919435.1,180+,R34 termination status + R10 owner allocation evidence,live_validated_account_owner_ageing_lineaged,03213bda72b71c6aca5e974bc19064ffdb1e089d46bc0843b1cf3adf85c9851e,03213bda72b71c6aca5e974bc19064ffdb1e089d46bc0843b1cf3adf85c9851e,03213bda72b71c6aca5e974bc19064ffdb1e089d46bc0843b1cf3adf85c9851e,03213bda72b71c6aca5e974bc19064ffdb1e089d46bc0843b1cf3adf85c9851e,"[{""cell_or_range"": ""A2065:BT2065"", ""confidence_state"": ""live_validated"", ""has_lineage"": true, ""metric_key"": ""TERM_B-24730_SSH-A5901"", ""metric_label"": ""Termination / overdue eligibility"", ""reporting_basis"": ""R34 termination status account evidence"", ""sheet"": ""Data"", ""snapshot_date"": null, ""source_code"": ""R34"", ""source_file"": ""R34_Termination Status - Report -08-05-2026.xlsx"", ""validation_status"": ""passed""}, {""cell_or_range"": ""A16912:AD16912"", ""confidence_state"": ""live_validated"", ""has_lineage"": true, ""metric_key"": ""OWNER_B-24730_SSH-A5901"", ""metric_label"": ""Owner allocation validation"", ""reporting_basis"": ""R10 dues coverage allocation"", ""sheet"": ""Allocation"", ""snapshot_date"": ""2026-05-08 00:00:00"", ""source_code"": ""R10"", ""source_file"": ""R10_Dues Coverage summary report.xlsx"", ""validation_status"": ""passed""}]","{""source_action_title"": ""Termination/PDN review \u00b7 B-24730 / SSH-A5901""}","{""amount_aed"": 9919435.1, ""as_of_date"": ""2026-05-09"", ""assigned_owner"": ""Aqsa"", ""due_date"": null, ""escalation_status"": ""TERMINATION"", ""pr_status"": null, ""ptp_date"": null, ""ptp_status"": null, ""rule_id"": ""termination_risk"", ""thresholds"": {""high_risk_amount_aed"": 1000000, ""stale_days"": 7}, ""updated_at"": ""2026-05-09T16:36:52.039227Z"", ""workflow_state"": ""queued""}","{""dedupe_key"": ""dedupe::d2441f678c2a86ddbfc365b7"", ""notification_id"": ""notif::acd4f395ac80d5a9fe739d93"", ""rule_id"": ""termination_risk"", ""suppression_scope"": ""termination_risk:termination::B-24730::SSH-A5901:cco_gm_agm""}"
wf::termination::B-24730::SSH-A5901,termination::B-24730::SSH-A5901,queued,Aqsa,,,,,evt_91477b903754ebc5,queued,system,batch8_seed,none,queued,2026-05-09T16:36:52.039227Z,notif::d214ea18f2d3c663b9b1e5cb,termination_risk,mis_qcg_governance_alert,mis_qcg_admin,critical,dedupe::be3dafa35d1f68cb2b0ee00a,termination_risk:termination::B-24730::SSH-A5901:mis_qcg_admin,2026-05-09T16:36:52.055181Z,disabled,in_app,B-24730,SSH-A5901,sobha_dubai,Sobha Dubai,9919435.1,180+,R34 termination status + R10 owner allocation evidence,live_validated_account_owner_ageing_lineaged,03213bda72b71c6aca5e974bc19064ffdb1e089d46bc0843b1cf3adf85c9851e,03213bda72b71c6aca5e974bc19064ffdb1e089d46bc0843b1cf3adf85c9851e,03213bda72b71c6aca5e974bc19064ffdb1e089d46bc0843b1cf3adf85c9851e,03213bda72b71c6aca5e974bc19064ffdb1e089d46bc0843b1cf3adf85c9851e,"[{""cell_or_range"": ""A2065:BT2065"", ""confidence_state"": ""live_validated"", ""has_lineage"": true, ""metric_key"": ""TERM_B-24730_SSH-A5901"", ""metric_label"": ""Termination / overdue eligibility"", ""reporting_basis"": ""R34 termination status account evidence"", ""sheet"": ""Data"", ""snapshot_date"": null, ""source_code"": ""R34"", ""source_file"": ""R34_Termination Status - Report -08-05-2026.xlsx"", ""validation_status"": ""passed""}, {""cell_or_range"": ""A16912:AD16912"", ""confidence_state"": ""live_validated"", ""has_lineage"": true, ""metric_key"": ""OWNER_B-24730_SSH-A5901"", ""metric_label"": ""Owner allocation validation"", ""reporting_basis"": ""R10 dues coverage allocation"", ""sheet"": ""Allocation"", ""snapshot_date"": ""2026-05-08 00:00:00"", ""source_code"": ""R10"", ""source_file"": ""R10_Dues Coverage summary report.xlsx"", ""validation_status"": ""passed""}]","{""source_action_title"": ""Termination/PDN review \u00b7 B-24730 / SSH-A5901""}","{""amount_aed"": 9919435.1, ""as_of_date"": ""2026-05-09"", ""assigned_owner"": ""Aqsa"", ""due_date"": null, ""escalation_status"": ""TERMINATION"", ""pr_status"": null, ""ptp_date"": null, ""ptp_status"": null, ""rule_id"": ""termination_risk"", ""thresholds"": {""high_risk_amount_aed"": 1000000, ""stale_days"": 7}, ""updated_at"": ""2026-05-09T16:36:52.039227Z"", ""workflow_state"": ""queued""}","{""dedupe_key"": ""dedupe::be3dafa35d1f68cb2b0ee00a"", ""notification_id"": ""notif::d214ea18f2d3c663b9b1e5cb"", ""rule_id"": ""termination_risk"", ""suppression_scope"": ""termination_risk:termination::B-24730::SSH-A5901:mis_qcg_admin""}"
wf::termination::B-25657::SE-V_112,termination::B-25657::SE-V 112,queued,Sid,,,,,evt_6ff5ab2909182b55,queued,system,batch8_seed,none,queued,2026-05-09T16:36:52.039793Z,notif::d2b97bf9d0e95d2b6f1fb0f7,termination_risk,manager_escalation,cco_gm_agm,critical,dedupe::756bc41fa29feb530c4eb02f,termination_risk:termination::B-25657::SE-V 112:cco_gm_agm,2026-05-09T16:36:52.056456Z,disabled,in_app,B-25657,SE-V 112,sobha_dubai,Sobha Dubai,5777150.4,180+,R34 termination status + R10 owner allocation evidence,live_validated_account_owner_ageing_lineaged,9daf5f66fc4c5c90566f641852406ee70f85c57c3d7efb28c9d6e037a7147ced,9daf5f66fc4c5c90566f641852406ee70f85c57c3d7efb28c9d6e037a7147ced,9daf5f66fc4c5c90566f641852406ee70f85c57c3d7efb28c9d6e037a7147ced,9daf5f66fc4c5c90566f641852406ee70f85c57c3d7efb28c9d6e037a7147ced,"[{""cell_or_range"": ""A22992:BT22992"", ""confidence_state"": ""live_validated"", ""has_lineage"": true, ""metric_key"": ""TERM_B-25657_SE-V 112"", ""metric_label"": ""Termination / overdue eligibility"", ""reporting_basis"": ""R34 termination status account evidence"", ""sheet"": ""Data"", ""snapshot_date"": null, ""source_code"": ""R34"", ""source_file"": ""R34_Termination Status - Report -08-05-2026.xlsx"", ""validation_status"": ""passed""}, {""cell_or_range"": ""A21622:AD21622"", ""confidence_state"": ""live_validated"", ""has_lineage"": true, ""metric_key"": ""OWNER_B-25657_SE-V 112"", ""metric_label"": ""Owner allocation validation"", ""reporting_basis"": ""R10 dues coverage allocation"", ""sheet"": ""Allocation"", ""snapshot_date"": ""2026-05-08 00:00:00"", ""source_code"": ""R10"", ""source_file"": ""R10_Dues Coverage summary report.xlsx"", ""validation_status"": ""passed""}]","{""source_action_title"": ""Termination/PDN review \u00b7 B-25657 / SE-V 112""}","{""amount_aed"": 5777150.4, ""as_of_date"": ""2026-05-09"", ""assigned_owner"": ""Sid"", ""due_date"": null, ""escalation_status"": ""TERMINATION"", ""pr_status"": null, ""ptp_date"": null, ""ptp_status"": null, ""rule_id"": ""termination_risk"", ""thresholds"": {""high_risk_amount_aed"": 1000000, ""stale_days"": 7}, ""updated_at"": ""2026-05-09T16:36:52.039793Z"", ""workflow_state"": ""queued""}","{""dedupe_key"": ""dedupe::756bc41fa29feb530c4eb02f"", ""notification_id"": ""notif::d2b97bf9d0e95d2b6f1fb0f7"", ""rule_id"": ""termination_risk"", ""suppression_scope"": ""termination_risk:termination::B-25657::SE-V 112:cco_gm_agm""}"
wf::termination::B-25657::SE-V_112,termination::B-25657::SE-V 112,queued,Sid,,,,,evt_6ff5ab2909182b55,queued,system,batch8_seed,none,queued,2026-05-09T16:36:52.039793Z,notif::bb9153b4dcbbb5cf5a3cb2f8,termination_risk,mis_qcg_governance_alert,mis_qcg_admin,critical,dedupe::bff596766f2aee72450c9666,termination_risk:termination::B-25657::SE-V 112:mis_qcg_admin,2026-05-09T16:36:52.056514Z,disabled,in_app,B-25657,SE-V 112,sobha_dubai,Sobha Dubai,5777150.4,180+,R34 termination status + R10 owner allocation evidence,live_validated_account_owner_ageing_lineaged,9daf5f66fc4c5c90566f641852406ee70f85c57c3d7efb28c9d6e037a7147ced,9daf5f66fc4c5c90566f641852406ee70f85c57c3d7efb28c9d6e037a7147ced,9daf5f66fc4c5c90566f641852406ee70f85c57c3d7efb28c9d6e037a7147ced,9daf5f66fc4c5c90566f641852406ee70f85c57c3d7efb28c9d6e037a7147ced,"[{""cell_or_range"": ""A22992:BT22992"", ""confidence_state"": ""live_validated"", ""has_lineage"": true, ""metric_key"": ""TERM_B-25657_SE-V 112"", ""metric_label"": ""Termination / overdue eligibility"", ""reporting_basis"": ""R34 termination status account evidence"", ""sheet"": ""Data"", ""snapshot_date"": null, ""source_code"": ""R34"", ""source_file"": ""R34_Termination Status - Report -08-05-2026.xlsx"", ""validation_status"": ""passed""}, {""cell_or_range"": ""A21622:AD21622"", ""confidence_state"": ""live_validated"", ""has_lineage"": true, ""metric_key"": ""OWNER_B-25657_SE-V 112"", ""metric_label"": ""Owner allocation validation"", ""reporting_basis"": ""R10 dues coverage allocation"", ""sheet"": ""Allocation"", ""snapshot_date"": ""2026-05-08 00:00:00"", ""source_code"": ""R10"", ""source_file"": ""R10_Dues Coverage summary report.xlsx"", ""validation_status"": ""passed""}]","{""source_action_title"": ""Termination/PDN review \u00b7 B-25657 / SE-V 112""}","{""amount_aed"": 5777150.4, ""as_of_date"": ""2026-05-09"", ""assigned_owner"": ""Sid"", ""due_date"": null, ""escalation_status"": ""TERMINATION"", ""pr_status"": null, ""ptp_date"": null, ""ptp_status"": null, ""rule_id"": ""termination_risk"", ""thresholds"": {""high_risk_amount_aed"": 1000000, ""stale_days"": 7}, ""updated_at"": ""2026-05-09T16:36:52.039793Z"", ""workflow_state"": ""queued""}","{""dedupe_key"": ""dedupe::bff596766f2aee72450c9666"", ""notification_id"": ""notif::bb9153b4dcbbb5cf5a3cb2f8"", ""rule_id"": ""termination_risk"", ""suppression_scope"": ""termination_risk:termination::B-25657::SE-V 112:mis_qcg_admin""}"
wf::termination::B-28894::SE-V_217,termination::B-28894::SE-V 217,queued,Nijish,,,,,evt_4954e20e1e469bc1,queued,system,batch8_seed,none,queued,2026-05-09T16:36:52.039317Z,notif::664238c28cc2b21e21b3895e,termination_risk,manager_escalation,cco_gm_agm,critical,dedupe::4a0d4f09e9ef251dea5a97fa,termination_risk:termination::B-28894::SE-V 217:cco_gm_agm,2026-05-09T16:36:52.055265Z,disabled,in_app,B-28894,SE-V 217,sobha_dubai,Sobha Dubai,7733674.0,180+,R34 termination status + R10 owner allocation evidence,live_validated_account_owner_ageing_lineaged,ee0aab7711fcbb3ab4b86916cf5c4dd9de0cd07ac8669de82dcfc9c31bb71e19,ee0aab7711fcbb3ab4b86916cf5c4dd9de0cd07ac8669de82dcfc9c31bb71e19,ee0aab7711fcbb3ab4b86916cf5c4dd9de0cd07ac8669de82dcfc9c31bb71e19,ee0aab7711fcbb3ab4b86916cf5c4dd9de0cd07ac8669de82dcfc9c31bb71e19,"[{""cell_or_range"": ""A24304:BT24304"", ""confidence_state"": ""live_validated"", ""has_lineage"": true, ""metric_key"": ""TERM_B-28894_SE-V 217"", ""metric_label"": ""Termination / overdue eligibility"", ""reporting_basis"": ""R34 termination status account evidence"", ""sheet"": ""Data"", ""snapshot_date"": null, ""source_code"": ""R34"", ""source_file"": ""R34_Termination Status - Report -08-05-2026.xlsx"", ""validation_status"": ""passed""}, {""cell_or_range"": ""A23970:AD23970"", ""confidence_state"": ""live_validated"", ""has_lineage"": true, ""metric_key"": ""OWNER_B-28894_SE-V 217"", ""metric_label"": ""Owner allocation validation"", ""reporting_basis"": ""R10 dues coverage allocation"", ""sheet"": ""Allocation"", ""snapshot_date"": ""2026-05-08 00:00:00"", ""source_code"": ""R10"", ""source_file"": ""R10_Dues Coverage summary report.xlsx"", ""validation_status"": ""passed""}]","{""source_action_title"": ""Termination/PDN review \u00b7 B-28894 / SE-V 217""}","{""amount_aed"": 7733674.0, ""as_of_date"": ""2026-05-09"", ""assigned_owner"": ""Nijish"", ""due_date"": null, ""escalation_status"": ""TERMINATION"", ""pr_status"": null, ""ptp_date"": null, ""ptp_status"": null, ""rule_id"": ""termination_risk"", ""thresholds"": {""high_risk_amount_aed"": 1000000, ""stale_days"": 7}, ""updated_at"": ""2026-05-09T16:36:52.039317Z"", ""workflow_state"": ""queued""}","{""dedupe_key"": ""dedupe::4a0d4f09e9ef251dea5a97fa"", ""notification_id"": ""notif::664238c28cc2b21e21b3895e"", ""rule_id"": ""termination_risk"", ""suppression_scope"": ""termination_risk:termination::B-28894::SE-V 217:cco_gm_agm""}"
wf::termination::B-28894::SE-V_217,termination::B-28894::SE-V 217,queued,Nijish,,,,,evt_4954e20e1e469bc1,queued,system,batch8_seed,none,queued,2026-05-09T16:36:52.039317Z,notif::68a645fb6a523ceb80645bf3,termination_risk,mis_qcg_governance_alert,mis_qcg_admin,critical,dedupe::104b5629e27bd0be91e666e3,termination_risk:termination::B-28894::SE-V 217:mis_qcg_admin,2026-05-09T16:36:52.055333Z,disabled,in_app,B-28894,SE-V 217,sobha_dubai,Sobha Dubai,7733674.0,180+,R34 termination status + R10 owner allocation evidence,live_validated_account_owner_ageing_lineaged,ee0aab7711fcbb3ab4b86916cf5c4dd9de0cd07ac8669de82dcfc9c31bb71e19,ee0aab7711fcbb3ab4b86916cf5c4dd9de0cd07ac8669de82dcfc9c31bb71e19,ee0aab7711fcbb3ab4b86916cf5c4dd9de0cd07ac8669de82dcfc9c31bb71e19,ee0aab7711fcbb3ab4b86916cf5c4dd9de0cd07ac8669de82dcfc9c31bb71e19,"[{""cell_or_range"": ""A24304:BT24304"", ""confidence_state"": ""live_validated"", ""has_lineage"": true, ""metric_key"": ""TERM_B-28894_SE-V 217"", ""metric_label"": ""Termination / overdue eligibility"", ""reporting_basis"": ""R34 termination status account evidence"", ""sheet"": ""Data"", ""snapshot_date"": null, ""source_code"": ""R34"", ""source_file"": ""R34_Termination Status - Report -08-05-2026.xlsx"", ""validation_status"": ""passed""}, {""cell_or_range"": ""A23970:AD23970"", ""confidence_state"": ""live_validated"", ""has_lineage"": true, ""metric_key"": ""OWNER_B-28894_SE-V 217"", ""metric_label"": ""Owner allocation validation"", ""reporting_basis"": ""R10 dues coverage allocation"", ""sheet"": ""Allocation"", ""snapshot_date"": ""2026-05-08 00:00:00"", ""source_code"": ""R10"", ""source_file"": ""R10_Dues Coverage summary report.xlsx"", ""validation_status"": ""passed""}]","{""source_action_title"": ""Termination/PDN review \u00b7 B-28894 / SE-V 217""}","{""amount_aed"": 7733674.0, ""as_of_date"": ""2026-05-09"", ""assigned_owner"": ""Nijish"", ""due_date"": null, ""escalation_status"": ""TERMINATION"", ""pr_status"": null, ""ptp_date"": null, ""ptp_status"": null, ""rule_id"": ""termination_risk"", ""thresholds"": {""high_risk_amount_aed"": 1000000, ""stale_days"": 7}, ""updated_at"": ""2026-05-09T16:36:52.039317Z"", ""workflow_state"": ""queued""}","{""dedupe_key"": ""dedupe::104b5629e27bd0be91e666e3"", ""notification_id"": ""notif::68a645fb6a523ceb80645bf3"", ""rule_id"": ""termination_risk"", ""suppression_scope"": ""termination_risk:termination::B-28894::SE-V 217:mis_qcg_admin""}"
wf::termination::B-28895::SE-V_216,termination::B-28895::SE-V 216,queued,Nijish,,,,,evt_005dcb2b018043f6,queued,system,batch8_seed,none,queued,2026-05-09T16:36:52.039559Z,notif::e73aec1f7bb6f08fa47c6d9d,termination_risk,manager_escalation,cco_gm_agm,critical,dedupe::94f1630f95794571a0686af8,termination_risk:termination::B-28895::SE-V 216:cco_gm_agm,2026-05-09T16:36:52.055869Z,disabled,in_app,B-28895,SE-V 216,sobha_dubai,Sobha Dubai,7710848.0,180+,R34 termination status + R10 owner allocation evidence,live_validated_account_owner_ageing_lineaged,7e06e0100fbf04a1f9381406046a01ca3ceda790d70f55295fab116b097de5e3,7e06e0100fbf04a1f9381406046a01ca3ceda790d70f55295fab116b097de5e3,7e06e0100fbf04a1f9381406046a01ca3ceda790d70f55295fab116b097de5e3,7e06e0100fbf04a1f9381406046a01ca3ceda790d70f55295fab116b097de5e3,"[{""cell_or_range"": ""A24301:BT24301"", ""confidence_state"": ""live_validated"", ""has_lineage"": true, ""metric_key"": ""TERM_B-28895_SE-V 216"", ""metric_label"": ""Termination / overdue eligibility"", ""reporting_basis"": ""R34 termination status account evidence"", ""sheet"": ""Data"", ""snapshot_date"": null, ""source_code"": ""R34"", ""source_file"": ""R34_Termination Status - Report -08-05-2026.xlsx"", ""validation_status"": ""passed""}, {""cell_or_range"": ""A23967:AD23967"", ""confidence_state"": ""live_validated"", ""has_lineage"": true, ""metric_key"": ""OWNER_B-28895_SE-V 216"", ""metric_label"": ""Owner allocation validation"", ""reporting_basis"": ""R10 dues coverage allocation"", ""sheet"": ""Allocation"", ""snapshot_date"": ""2026-05-08 00:00:00"", ""source_code"": ""R10"", ""source_file"": ""R10_Dues Coverage summary report.xlsx"", ""validation_status"": ""passed""}]","{""source_action_title"": ""Termination/PDN review \u00b7 B-28895 / SE-V 216""}","{""amount_aed"": 7710848.0, ""as_of_date"": ""2026-05-09"", ""assigned_owner"": ""Nijish"", ""due_date"": null, ""escalation_status"": ""TERMINATION"", ""pr_status"": null, ""ptp_date"": null, ""ptp_status"": null, ""rule_id"": ""termination_risk"", ""thresholds"": {""high_risk_amount_aed"": 1000000, ""stale_days"": 7}, ""updated_at"": ""2026-05-09T16:36:52.039559Z"", ""workflow_state"": ""queued""}","{""dedupe_key"": ""dedupe::94f1630f95794571a0686af8"", ""notification_id"": ""notif::e73aec1f7bb6f08fa47c6d9d"", ""rule_id"": ""termination_risk"", ""suppression_scope"": ""termination_risk:termination::B-28895::SE-V 216:cco_gm_agm""}"
wf::termination::B-28895::SE-V_216,termination::B-28895::SE-V 216,queued,Nijish,,,,,evt_005dcb2b018043f6,queued,system,batch8_seed,none,queued,2026-05-09T16:36:52.039559Z,notif::03dab3f2198439222e0ad8b5,termination_risk,mis_qcg_governance_alert,mis_qcg_admin,critical,dedupe::8120f4834ac36e40872402e0,termination_risk:termination::B-28895::SE-V 216:mis_qcg_admin,2026-05-09T16:36:52.055942Z,disabled,in_app,B-28895,SE-V 216,sobha_dubai,Sobha Dubai,7710848.0,180+,R34 termination status + R10 owner allocation evidence,live_validated_account_owner_ageing_lineaged,7e06e0100fbf04a1f9381406046a01ca3ceda790d70f55295fab116b097de5e3,7e06e0100fbf04a1f9381406046a01ca3ceda790d70f55295fab116b097de5e3,7e06e0100fbf04a1f9381406046a01ca3ceda790d70f55295fab116b097de5e3,7e06e0100fbf04a1f9381406046a01ca3ceda790d70f55295fab116b097de5e3,"[{""cell_or_range"": ""A24301:BT24301"", ""confidence_state"": ""live_validated"", ""has_lineage"": true, ""metric_key"": ""TERM_B-28895_SE-V 216"", ""metric_label"": ""Termination / overdue eligibility"", ""reporting_basis"": ""R34 termination status account evidence"", ""sheet"": ""Data"", ""snapshot_date"": null, ""source_code"": ""R34"", ""source_file"": ""R34_Termination Status - Report -08-05-2026.xlsx"", ""validation_status"": ""passed""}, {""cell_or_range"": ""A23967:AD23967"", ""confidence_state"": ""live_validated"", ""has_lineage"": true, ""metric_key"": ""OWNER_B-28895_SE-V 216"", ""metric_label"": ""Owner allocation validation"", ""reporting_basis"": ""R10 dues coverage allocation"", ""sheet"": ""Allocation"", ""snapshot_date"": ""2026-05-08 00:00:00"", ""source_code"": ""R10"", ""source_file"": ""R10_Dues Coverage summary report.xlsx"", ""validation_status"": ""passed""}]","{""source_action_title"": ""Termination/PDN review \u00b7 B-28895 / SE-V 216""}","{""amount_aed"": 7710848.0, ""as_of_date"": ""2026-05-09"", ""assigned_owner"": ""Nijish"", ""due_date"": null, ""escalation_status"": ""TERMINATION"", ""pr_status"": null, ""ptp_date"": null, ""ptp_status"": null, ""rule_id"": ""termination_risk"", ""thresholds"": {""high_risk_amount_aed"": 1000000, ""stale_days"": 7}, ""updated_at"": ""2026-05-09T16:36:52.039559Z"", ""workflow_state"": ""queued""}","{""dedupe_key"": ""dedupe::8120f4834ac36e40872402e0"", ""notification_id"": ""notif::03dab3f2198439222e0ad8b5"", ""rule_id"": ""termination_risk"", ""suppression_scope"": ""termination_risk:termination::B-28895::SE-V 216:mis_qcg_admin""}"
wf::termination::B-28896::SE-V_218,termination::B-28896::SE-V 218,queued,Nijish,,,,,evt_baba51405d4f8a13,queued,system,batch8_seed,none,queued,2026-05-09T16:36:52.039381Z,notif::af00ec6b7aa2f626f61482fc,termination_risk,manager_escalation,cco_gm_agm,critical,dedupe::6c54e78cf54e4f454714c070,termination_risk:termination::B-28896::SE-V 218:cco_gm_agm,2026-05-09T16:36:52.055419Z,disabled,in_app,B-28896,SE-V 218,sobha_dubai,Sobha Dubai,7715142.0,180+,R34 termination status + R10 owner allocation evidence,live_validated_account_owner_ageing_lineaged,e035844d114d7ca38aae1b62d3a775793cc24193e4b6d41a823f67f27d314d95,e035844d114d7ca38aae1b62d3a775793cc24193e4b6d41a823f67f27d314d95,e035844d114d7ca38aae1b62d3a775793cc24193e4b6d41a823f67f27d314d95,e035844d114d7ca38aae1b62d3a775793cc24193e4b6d41a823f67f27d314d95,"[{""cell_or_range"": ""A24307:BT24307"", ""confidence_state"": ""live_validated"", ""has_lineage"": true, ""metric_key"": ""TERM_B-28896_SE-V 218"", ""metric_label"": ""Termination / overdue eligibility"", ""reporting_basis"": ""R34 termination status account evidence"", ""sheet"": ""Data"", ""snapshot_date"": null, ""source_code"": ""R34"", ""source_file"": ""R34_Termination Status - Report -08-05-2026.xlsx"", ""validation_status"": ""passed""}, {""cell_or_range"": ""A23973:AD23973"", ""confidence_state"": ""live_validated"", ""has_lineage"": true, ""metric_key"": ""OWNER_B-28896_SE-V 218"", ""metric_label"": ""Owner allocation validation"", ""reporting_basis"": ""R10 dues coverage allocation"", ""sheet"": ""Allocation"", ""snapshot_date"": ""2026-05-08 00:00:00"", ""source_code"": ""R10"", ""source_file"": ""R10_Dues Coverage summary report.xlsx"", ""validation_status"": ""passed""}]","{""source_action_title"": ""Termination/PDN review \u00b7 B-28896 / SE-V 218""}","{""amount_aed"": 7715142.0, ""as_of_date"": ""2026-05-09"", ""assigned_owner"": ""Nijish"", ""due_date"": null, ""escalation_status"": ""TERMINATION"", ""pr_status"": null, ""ptp_date"": null, ""ptp_status"": null, ""rule_id"": ""termination_risk"", ""thresholds"": {""high_risk_amount_aed"": 1000000, ""stale_days"": 7}, ""updated_at"": ""2026-05-09T16:36:52.039381Z"", ""workflow_state"": ""queued""}","{""dedupe_key"": ""dedupe::6c54e78cf54e4f454714c070"", ""notification_id"": ""notif::af00ec6b7aa2f626f61482fc"", ""rule_id"": ""termination_risk"", ""suppression_scope"": ""termination_risk:termination::B-28896::SE-V 218:cco_gm_agm""}"
wf::termination::B-28896::SE-V_218,termination::B-28896::SE-V 218,queued,Nijish,,,,,evt_baba51405d4f8a13,queued,system,batch8_seed,none,queued,2026-05-09T16:36:52.039381Z,notif::11f48e656b31dcd8e395025a,termination_risk,mis_qcg_governance_alert,mis_qcg_admin,critical,dedupe::ce0f644ca34cf6b0b6f721c3,termination_risk:termination::B-28896::SE-V 218:mis_qcg_admin,2026-05-09T16:36:52.055499Z,disabled,in_app,B-28896,SE-V 218,sobha_dubai,Sobha Dubai,7715142.0,180+,R34 termination status + R10 owner allocation evidence,live_validated_account_owner_ageing_lineaged,e035844d114d7ca38aae1b62d3a775793cc24193e4b6d41a823f67f27d314d95,e035844d114d7ca38aae1b62d3a775793cc24193e4b6d41a823f67f27d314d95,e035844d114d7ca38aae1b62d3a775793cc24193e4b6d41a823f67f27d314d95,e035844d114d7ca38aae1b62d3a775793cc24193e4b6d41a823f67f27d314d95,"[{""cell_or_range"": ""A24307:BT24307"", ""confidence_state"": ""live_validated"", ""has_lineage"": true, ""metric_key"": ""TERM_B-28896_SE-V 218"", ""metric_label"": ""Termination / overdue eligibility"", ""reporting_basis"": ""R34 termination status account evidence"", ""sheet"": ""Data"", ""snapshot_date"": null, ""source_code"": ""R34"", ""source_file"": ""R34_Termination Status - Report -08-05-2026.xlsx"", ""validation_status"": ""passed""}, {""cell_or_range"": ""A23973:AD23973"", ""confidence_state"": ""live_validated"", ""has_lineage"": true, ""metric_key"": ""OWNER_B-28896_SE-V 218"", ""metric_label"": ""Owner allocation validation"", ""reporting_basis"": ""R10 dues coverage allocation"", ""sheet"": ""Allocation"", ""snapshot_date"": ""2026-05-08 00:00:00"", ""source_code"": ""R10"", ""source_file"": ""R10_Dues Coverage summary report.xlsx"", ""validation_status"": ""passed""}]","{""source_action_title"": ""Termination/PDN review \u00b7 B-28896 / SE-V 218""}","{""amount_aed"": 7715142.0, ""as_of_date"": ""2026-05-09"", ""assigned_owner"": ""Nijish"", ""due_date"": null, ""escalation_status"": ""TERMINATION"", ""pr_status"": null, ""ptp_date"": null, ""ptp_status"": null, ""rule_id"": ""termination_risk"", ""thresholds"": {""high_risk_amount_aed"": 1000000, ""stale_days"": 7}, ""updated_at"": ""2026-05-09T16:36:52.039381Z"", ""workflow_state"": ""queued""}","{""dedupe_key"": ""dedupe::ce0f644ca34cf6b0b6f721c3"", ""notification_id"": ""notif::11f48e656b31dcd8e395025a"", ""rule_id"": ""termination_risk"", ""suppression_scope"": ""termination_risk:termination::B-28896::SE-V 218:mis_qcg_admin""}"
wf::termination::B-28897::SE-V_222,termination::B-28897::SE-V 222,queued,Nijish,,,,,evt_cd1ed3b53f64c2fd,queued,system,batch8_seed,none,queued,2026-05-09T16:36:52.039442Z,notif::b301af7702587e148a015b35,termination_risk,manager_escalation,cco_gm_agm,critical,dedupe::d55140ee61757c2bd031655f,termination_risk:termination::B-28897::SE-V 222:cco_gm_agm,2026-05-09T16:36:52.055586Z,disabled,in_app,B-28897,SE-V 222,sobha_dubai,Sobha Dubai,7711848.0,180+,R34 termination status + R10 owner allocation evidence,live_validated_account_owner_ageing_lineaged,658bc475b579bc82f0a4f0fc3020674e980c6eb1bcfb2becf8e65669f35f0001,658bc475b579bc82f0a4f0fc3020674e980c6eb1bcfb2becf8e65669f35f0001,658bc475b579bc82f0a4f0fc3020674e980c6eb1bcfb2becf8e65669f35f0001,658bc475b579bc82f0a4f0fc3020674e980c6eb1bcfb2becf8e65669f35f0001,"[{""cell_or_range"": ""A24313:BT24313"", ""confidence_state"": ""live_validated"", ""has_lineage"": true, ""metric_key"": ""TERM_B-28897_SE-V 222"", ""metric_label"": ""Termination / overdue eligibility"", ""reporting_basis"": ""R34 termination status account evidence"", ""sheet"": ""Data"", ""snapshot_date"": null, ""source_code"": ""R34"", ""source_file"": ""R34_Termination Status - Report -08-05-2026.xlsx"", ""validation_status"": ""passed""}, {""cell_or_range"": ""A23979:AD23979"", ""confidence_state"": ""live_validated"", ""has_lineage"": true, ""metric_key"": ""OWNER_B-28897_SE-V 222"", ""metric_label"": ""Owner allocation validation"", ""reporting_basis"": ""R10 dues coverage allocation"", ""sheet"": ""Allocation"", ""snapshot_date"": ""2026-05-08 00:00:00"", ""source_code"": ""R10"", ""source_file"": ""R10_Dues Coverage summary report.xlsx"", ""validation_status"": ""passed""}]","{""source_action_title"": ""Termination/PDN review \u00b7 B-28897 / SE-V 222""}","{""amount_aed"": 7711848.0, ""as_of_date"": ""2026-05-09"", ""assigned_owner"": ""Nijish"", ""due_date"": null, ""escalation_status"": ""TERMINATION"", ""pr_status"": null, ""ptp_date"": null, ""ptp_status"": null, ""rule_id"": ""termination_risk"", ""thresholds"": {""high_risk_amount_aed"": 1000000, ""stale_days"": 7}, ""updated_at"": ""2026-05-09T16:36:52.039442Z"", ""workflow_state"": ""queued""}","{""dedupe_key"": ""dedupe::d55140ee61757c2bd031655f"", ""notification_id"": ""notif::b301af7702587e148a015b35"", ""rule_id"": ""termination_risk"", ""suppression_scope"": ""termination_risk:termination::B-28897::SE-V 222:cco_gm_agm""}"
wf::termination::B-28897::SE-V_222,termination::B-28897::SE-V 222,queued,Nijish,,,,,evt_cd1ed3b53f64c2fd,queued,system,batch8_seed,none,queued,2026-05-09T16:36:52.039442Z,notif::9a90a460a10a99d132f8dcae,termination_risk,mis_qcg_governance_alert,mis_qcg_admin,critical,dedupe::f1a7267789ccd4e6ef160868,termination_risk:termination::B-28897::SE-V 222:mis_qcg_admin,2026-05-09T16:36:52.055645Z,disabled,in_app,B-28897,SE-V 222,sobha_dubai,Sobha Dubai,7711848.0,180+,R34 termination status + R10 owner allocation evidence,live_validated_account_owner_ageing_lineaged,658bc475b579bc82f0a4f0fc3020674e980c6eb1bcfb2becf8e65669f35f0001,658bc475b579bc82f0a4f0fc3020674e980c6eb1bcfb2becf8e65669f35f0001,658bc475b579bc82f0a4f0fc3020674e980c6eb1bcfb2becf8e65669f35f0001,658bc475b579bc82f0a4f0fc3020674e980c6eb1bcfb2becf8e65669f35f0001,"[{""cell_or_range"": ""A24313:BT24313"", ""confidence_state"": ""live_validated"", ""has_lineage"": true, ""metric_key"": ""TERM_B-28897_SE-V 222"", ""metric_label"": ""Termination / overdue eligibility"", ""reporting_basis"": ""R34 termination status account evidence"", ""sheet"": ""Data"", ""snapshot_date"": null, ""source_code"": ""R34"", ""source_file"": ""R34_Termination Status - Report -08-05-2026.xlsx"", ""validation_status"": ""passed""}, {""cell_or_range"": ""A23979:AD23979"", ""confidence_state"": ""live_validated"", ""has_lineage"": true, ""metric_key"": ""OWNER_B-28897_SE-V 222"", ""metric_label"": ""Owner allocation validation"", ""reporting_basis"": ""R10 dues coverage allocation"", ""sheet"": ""Allocation"", ""snapshot_date"": ""2026-05-08 00:00:00"", ""source_code"": ""R10"", ""source_file"": ""R10_Dues Coverage summary report.xlsx"", ""validation_status"": ""passed""}]","{""source_action_title"": ""Termination/PDN review \u00b7 B-28897 / SE-V 222""}","{""amount_aed"": 7711848.0, ""as_of_date"": ""2026-05-09"", ""assigned_owner"": ""Nijish"", ""due_date"": null, ""escalation_status"": ""TERMINATION"", ""pr_status"": null, ""ptp_date"": null, ""ptp_status"": null, ""rule_id"": ""termination_risk"", ""thresholds"": {""high_risk_amount_aed"": 1000000, ""stale_days"": 7}, ""updated_at"": ""2026-05-09T16:36:52.039442Z"", ""workflow_state"": ""queued""}","{""dedupe_key"": ""dedupe::f1a7267789ccd4e6ef160868"", ""notification_id"": ""notif::9a90a460a10a99d132f8dcae"", ""rule_id"": ""termination_risk"", ""suppression_scope"": ""termination_risk:termination::B-28897::SE-V 222:mis_qcg_admin""}"
wf::termination::B-28959::SE-V_250,termination::B-28959::SE-V 250,queued,Sarmad,,,,,evt_7f04845df5527f5a,queued,system,batch8_seed,none,queued,2026-05-09T16:36:52.039500Z,notif::a82a535cdee2e17481ed1f1f,termination_risk,manager_escalation,cco_gm_agm,critical,dedupe::1516aae40f05851eabffda52,termination_risk:termination::B-28959::SE-V 250:cco_gm_agm,2026-05-09T16:36:52.055728Z,disabled,in_app,B-28959,SE-V 250,sobha_dubai,Sobha Dubai,7711848.0,180+,R34 termination status + R10 owner allocation evidence,live_validated_account_owner_ageing_lineaged,68d53c1e685e422964f2ddb6948a051445fb960e85ccdb99a45c319b54dbe091,68d53c1e685e422964f2ddb6948a051445fb960e85ccdb99a45c319b54dbe091,68d53c1e685e422964f2ddb6948a051445fb960e85ccdb99a45c319b54dbe091,68d53c1e685e422964f2ddb6948a051445fb960e85ccdb99a45c319b54dbe091,"[{""cell_or_range"": ""A24385:BT24385"", ""confidence_state"": ""live_validated"", ""has_lineage"": true, ""metric_key"": ""TERM_B-28959_SE-V 250"", ""metric_label"": ""Termination / overdue eligibility"", ""reporting_basis"": ""R34 termination status account evidence"", ""sheet"": ""Data"", ""snapshot_date"": null, ""source_code"": ""R34"", ""source_file"": ""R34_Termination Status - Report -08-05-2026.xlsx"", ""validation_status"": ""passed""}, {""cell_or_range"": ""A24051:AD24051"", ""confidence_state"": ""live_validated"", ""has_lineage"": true, ""metric_key"": ""OWNER_B-28959_SE-V 250"", ""metric_label"": ""Owner allocation validation"", ""reporting_basis"": ""R10 dues coverage allocation"", ""sheet"": ""Allocation"", ""snapshot_date"": ""2026-05-08 00:00:00"", ""source_code"": ""R10"", ""source_file"": ""R10_Dues Coverage summary report.xlsx"", ""validation_status"": ""passed""}]","{""source_action_title"": ""Termination/PDN review \u00b7 B-28959 / SE-V 250""}","{""amount_aed"": 7711848.0, ""as_of_date"": ""2026-05-09"", ""assigned_owner"": ""Sarmad"", ""due_date"": null, ""escalation_status"": ""TERMINATION"", ""pr_status"": null, ""ptp_date"": null, ""ptp_status"": null, ""rule_id"": ""termination_risk"", ""thresholds"": {""high_risk_amount_aed"": 1000000, ""stale_days"": 7}, ""updated_at"": ""2026-05-09T16:36:52.039500Z"", ""workflow_state"": ""queued""}","{""dedupe_key"": ""dedupe::1516aae40f05851eabffda52"", ""notification_id"": ""notif::a82a535cdee2e17481ed1f1f"", ""rule_id"": ""termination_risk"", ""suppression_scope"": ""termination_risk:termination::B-28959::SE-V 250:cco_gm_agm""}"
wf::termination::B-28959::SE-V_250,termination::B-28959::SE-V 250,queued,Sarmad,,,,,evt_7f04845df5527f5a,queued,system,batch8_seed,none,queued,2026-05-09T16:36:52.039500Z,notif::30d20546c150efb12cd6eaf1,termination_risk,mis_qcg_governance_alert,mis_qcg_admin,critical,dedupe::e46547204f8b76dbcf2e4693,termination_risk:termination::B-28959::SE-V 250:mis_qcg_admin,2026-05-09T16:36:52.055785Z,disabled,in_app,B-28959,SE-V 250,sobha_dubai,Sobha Dubai,7711848.0,180+,R34 termination status + R10 owner allocation evidence,live_validated_account_owner_ageing_lineaged,68d53c1e685e422964f2ddb6948a051445fb960e85ccdb99a45c319b54dbe091,68d53c1e685e422964f2ddb6948a051445fb960e85ccdb99a45c319b54dbe091,68d53c1e685e422964f2ddb6948a051445fb960e85ccdb99a45c319b54dbe091,68d53c1e685e422964f2ddb6948a051445fb960e85ccdb99a45c319b54dbe091,"[{""cell_or_range"": ""A24385:BT24385"", ""confidence_state"": ""live_validated"", ""has_lineage"": true, ""metric_key"": ""TERM_B-28959_SE-V 250"", ""metric_label"": ""Termination / overdue eligibility"", ""reporting_basis"": ""R34 termination status account evidence"", ""sheet"": ""Data"", ""snapshot_date"": null, ""source_code"": ""R34"", ""source_file"": ""R34_Termination Status - Report -08-05-2026.xlsx"", ""validation_status"": ""passed""}, {""cell_or_range"": ""A24051:AD24051"", ""confidence_state"": ""live_validated"", ""has_lineage"": true, ""metric_key"": ""OWNER_B-28959_SE-V 250"", ""metric_label"": ""Owner allocation validation"", ""reporting_basis"": ""R10 dues coverage allocation"", ""sheet"": ""Allocation"", ""snapshot_date"": ""2026-05-08 00:00:00"", ""source_code"": ""R10"", ""source_file"": ""R10_Dues Coverage summary report.xlsx"", ""validation_status"": ""passed""}]","{""source_action_title"": ""Termination/PDN review \u00b7 B-28959 / SE-V 250""}","{""amount_aed"": 7711848.0, ""as_of_date"": ""2026-05-09"", ""assigned_owner"": ""Sarmad"", ""due_date"": null, ""escalation_status"": ""TERMINATION"", ""pr_status"": null, ""ptp_date"": null, ""ptp_status"": null, ""rule_id"": ""termination_risk"", ""thresholds"": {""high_risk_amount_aed"": 1000000, ""stale_days"": 7}, ""updated_at"": ""2026-05-09T16:36:52.039500Z"", ""workflow_state"": ""queued""}","{""dedupe_key"": ""dedupe::e46547204f8b76dbcf2e4693"", ""notification_id"": ""notif::30d20546c150efb12cd6eaf1"", ""rule_id"": ""termination_risk"", ""suppression_scope"": ""termination_risk:termination::B-28959::SE-V 250:mis_qcg_admin""}"
wf::termination::B-30019::SE-V_219,termination::B-30019::SE-V 219,queued,Nijish,,,,,evt_7c92dd53063a108d,queued,system,batch8_seed,none,queued,2026-05-09T16:36:52.040484Z,notif::e403e8763e977e267d76e781,termination_risk,manager_escalation,cco_gm_agm,critical,dedupe::32ce9402c6b6f3ab12e34014,termination_risk:termination::B-30019::SE-V 219:cco_gm_agm,2026-05-09T16:36:52.057287Z,disabled,in_app,B-30019,SE-V 219,sobha_dubai,Sobha Dubai,5091232.0,180+,R34 termination status + R10 owner allocation evidence,live_validated_account_owner_ageing_lineaged,18d465acf7ac379ccc133721a0a115deafde48754d129c8c4249918f4adf323c,18d465acf7ac379ccc133721a0a115deafde48754d129c8c4249918f4adf323c,18d465acf7ac379ccc133721a0a115deafde48754d129c8c4249918f4adf323c,18d465acf7ac379ccc133721a0a115deafde48754d129c8c4249918f4adf323c,"[{""cell_or_range"": ""A24310:BT24310"", ""confidence_state"": ""live_validated"", ""has_lineage"": true, ""metric_key"": ""TERM_B-30019_SE-V 219"", ""metric_label"": ""Termination / overdue eligibility"", ""reporting_basis"": ""R34 termination status account evidence"", ""sheet"": ""Data"", ""snapshot_date"": null, ""source_code"": ""R34"", ""source_file"": ""R34_Termination Status - Report -08-05-2026.xlsx"", ""validation_status"": ""passed""}, {""cell_or_range"": ""A23976:AD23976"", ""confidence_state"": ""live_validated"", ""has_lineage"": true, ""metric_key"": ""OWNER_B-30019_SE-V 219"", ""metric_label"": ""Owner allocation validation"", ""reporting_basis"": ""R10 dues coverage allocation"", ""sheet"": ""Allocation"", ""snapshot_date"": ""2026-05-08 00:00:00"", ""source_code"": ""R10"", ""source_file"": ""R10_Dues Coverage summary report.xlsx"", ""validation_status"": ""passed""}]","{""source_action_title"": ""Termination/PDN review \u00b7 B-30019 / SE-V 219""}","{""amount_aed"": 5091232.0, ""as_of_date"": ""2026-05-09"", ""assigned_owner"": ""Nijish"", ""due_date"": null, ""escalation_status"": ""TERMINATION"", ""pr_status"": null, ""ptp_date"": null, ""ptp_status"": null, ""rule_id"": ""termination_risk"", ""thresholds"": {""high_risk_amount_aed"": 1000000, ""stale_days"": 7}, ""updated_at"": ""2026-05-09T16:36:52.040484Z"", ""workflow_state"": ""queued""}","{""dedupe_key"": ""dedupe::32ce9402c6b6f3ab12e34014"", ""notification_id"": ""notif::e403e8763e977e267d76e781"", ""rule_id"": ""termination_risk"", ""suppression_scope"": ""termination_risk:termination::B-30019::SE-V 219:cco_gm_agm""}"
wf::termination::B-30019::SE-V_219,termination::B-30019::SE-V 219,queued,Nijish,,,,,evt_7c92dd53063a108d,queued,system,batch8_seed,none,queued,2026-05-09T16:36:52.040484Z,notif::44ebe7f61c43d135fd2284ce,termination_risk,mis_qcg_governance_alert,mis_qcg_admin,critical,dedupe::bcda4109215640c4320c0cd6,termination_risk:termination::B-30019::SE-V 219:mis_qcg_admin,2026-05-09T16:36:52.057346Z,disabled,in_app,B-30019,SE-V 219,sobha_dubai,Sobha Dubai,5091232.0,180+,R34 termination status + R10 owner allocation evidence,live_validated_account_owner_ageing_lineaged,18d465acf7ac379ccc133721a0a115deafde48754d129c8c4249918f4adf323c,18d465acf7ac379ccc133721a0a115deafde48754d129c8c4249918f4adf323c,18d465acf7ac379ccc133721a0a115deafde48754d129c8c4249918f4adf323c,18d465acf7ac379ccc133721a0a115deafde48754d129c8c4249918f4adf323c,"[{""cell_or_range"": ""A24310:BT24310"", ""confidence_state"": ""live_validated"", ""has_lineage"": true, ""metric_key"": ""TERM_B-30019_SE-V 219"", ""metric_label"": ""Termination / overdue eligibility"", ""reporting_basis"": ""R34 termination status account evidence"", ""sheet"": ""Data"", ""snapshot_date"": null, ""source_code"": ""R34"", ""source_file"": ""R34_Termination Status - Report -08-05-2026.xlsx"", ""validation_status"": ""passed""}, {""cell_or_range"": ""A23976:AD23976"", ""confidence_state"": ""live_validated"", ""has_lineage"": true, ""metric_key"": ""OWNER_B-30019_SE-V 219"", ""metric_label"": ""Owner allocation validation"", ""reporting_basis"": ""R10 dues coverage allocation"", ""sheet"": ""Allocation"", ""snapshot_date"": ""2026-05-08 00:00:00"", ""source_code"": ""R10"", ""source_file"": ""R10_Dues Coverage summary report.xlsx"", ""validation_status"": ""passed""}]","{""source_action_title"": ""Termination/PDN review \u00b7 B-30019 / SE-V 219""}","{""amount_aed"": 5091232.0, ""as_of_date"": ""2026-05-09"", ""assigned_owner"": ""Nijish"", ""due_date"": null, ""escalation_status"": ""TERMINATION"", ""pr_status"": null, ""ptp_date"": null, ""ptp_status"": null, ""rule_id"": ""termination_risk"", ""thresholds"": {""high_risk_amount_aed"": 1000000, ""stale_days"": 7}, ""updated_at"": ""2026-05-09T16:36:52.040484Z"", ""workflow_state"": ""queued""}","{""dedupe_key"": ""dedupe::bcda4109215640c4320c0cd6"", ""notification_id"": ""notif::44ebe7f61c43d135fd2284ce"", ""rule_id"": ""termination_risk"", ""suppression_scope"": ""termination_risk:termination::B-30019::SE-V 219:mis_qcg_admin""}"
wf::termination::B-34518::SE-V_206,termination::B-34518::SE-V 206,queued,Nijish,,,,,evt_39bf447728f1b728,queued,system,batch8_seed,none,queued,2026-05-09T16:36:52.040364Z,notif::c37ac85e6c9902f3baf96b92,termination_risk,manager_escalation,cco_gm_agm,critical,dedupe::f96533d562079458ac259fbf,termination_risk:termination::B-34518::SE-V 206:cco_gm_agm,2026-05-09T16:36:52.056985Z,disabled,in_app,B-34518,SE-V 206,sobha_dubai,Sobha Dubai,5485772.8,180+,R34 termination status + R10 owner allocation evidence,live_validated_account_owner_ageing_lineaged,fdc2423236dfaa91d8012c667aac5237d66cab0adb8a15b0d03f8a2637cd1863,fdc2423236dfaa91d8012c667aac5237d66cab0adb8a15b0d03f8a2637cd1863,fdc2423236dfaa91d8012c667aac5237d66cab0adb8a15b0d03f8a2637cd1863,fdc2423236dfaa91d8012c667aac5237d66cab0adb8a15b0d03f8a2637cd1863,"[{""cell_or_range"": ""A24277:BT24277"", ""confidence_state"": ""live_validated"", ""has_lineage"": true, ""metric_key"": ""TERM_B-34518_SE-V 206"", ""metric_label"": ""Termination / overdue eligibility"", ""reporting_basis"": ""R34 termination status account evidence"", ""sheet"": ""Data"", ""snapshot_date"": null, ""source_code"": ""R34"", ""source_file"": ""R34_Termination Status - Report -08-05-2026.xlsx"", ""validation_status"": ""passed""}, {""cell_or_range"": ""A23943:AD23943"", ""confidence_state"": ""live_validated"", ""has_lineage"": true, ""metric_key"": ""OWNER_B-34518_SE-V 206"", ""metric_label"": ""Owner allocation validation"", ""reporting_basis"": ""R10 dues coverage allocation"", ""sheet"": ""Allocation"", ""snapshot_date"": ""2026-05-08 00:00:00"", ""source_code"": ""R10"", ""source_file"": ""R10_Dues Coverage summary report.xlsx"", ""validation_status"": ""passed""}]","{""source_action_title"": ""Termination/PDN review \u00b7 B-34518 / SE-V 206""}","{""amount_aed"": 5485772.8, ""as_of_date"": ""2026-05-09"", ""assigned_owner"": ""Nijish"", ""due_date"": null, ""escalation_status"": ""TERMINATION"", ""pr_status"": null, ""ptp_date"": null, ""ptp_status"": null, ""rule_id"": ""termination_risk"", ""thresholds"": {""high_risk_amount_aed"": 1000000, ""stale_days"": 7}, ""updated_at"": ""2026-05-09T16:36:52.040364Z"", ""workflow_state"": ""queued""}","{""dedupe_key"": ""dedupe::f96533d562079458ac259fbf"", ""notification_id"": ""notif::c37ac85e6c9902f3baf96b92"", ""rule_id"": ""termination_risk"", ""suppression_scope"": ""termination_risk:termination::B-34518::SE-V 206:cco_gm_agm""}"
wf::termination::B-34518::SE-V_206,termination::B-34518::SE-V 206,queued,Nijish,,,,,evt_39bf447728f1b728,queued,system,batch8_seed,none,queued,2026-05-09T16:36:52.040364Z,notif::cb3f4313afbda63e749d5623,termination_risk,mis_qcg_governance_alert,mis_qcg_admin,critical,dedupe::8c59ab89ad8b5d5b4dbd08ce,termination_risk:termination::B-34518::SE-V 206:mis_qcg_admin,2026-05-09T16:36:52.057045Z,disabled,in_app,B-34518,SE-V 206,sobha_dubai,Sobha Dubai,5485772.8,180+,R34 termination status + R10 owner allocation evidence,live_validated_account_owner_ageing_lineaged,fdc2423236dfaa91d8012c667aac5237d66cab0adb8a15b0d03f8a2637cd1863,fdc2423236dfaa91d8012c667aac5237d66cab0adb8a15b0d03f8a2637cd1863,fdc2423236dfaa91d8012c667aac5237d66cab0adb8a15b0d03f8a2637cd1863,fdc2423236dfaa91d8012c667aac5237d66cab0adb8a15b0d03f8a2637cd1863,"[{""cell_or_range"": ""A24277:BT24277"", ""confidence_state"": ""live_validated"", ""has_lineage"": true, ""metric_key"": ""TERM_B-34518_SE-V 206"", ""metric_label"": ""Termination / overdue eligibility"", ""reporting_basis"": ""R34 termination status account evidence"", ""sheet"": ""Data"", ""snapshot_date"": null, ""source_code"": ""R34"", ""source_file"": ""R34_Termination Status - Report -08-05-2026.xlsx"", ""validation_status"": ""passed""}, {""cell_or_range"": ""A23943:AD23943"", ""confidence_state"": ""live_validated"", ""has_lineage"": true, ""metric_key"": ""OWNER_B-34518_SE-V 206"", ""metric_label"": ""Owner allocation validation"", ""reporting_basis"": ""R10 dues coverage allocation"", ""sheet"": ""Allocation"", ""snapshot_date"": ""2026-05-08 00:00:00"", ""source_code"": ""R10"", ""source_file"": ""R10_Dues Coverage summary report.xlsx"", ""validation_status"": ""passed""}]","{""source_action_title"": ""Termination/PDN review \u00b7 B-34518 / SE-V 206""}","{""amount_aed"": 5485772.8, ""as_of_date"": ""2026-05-09"", ""assigned_owner"": ""Nijish"", ""due_date"": null, ""escalation_status"": ""TERMINATION"", ""pr_status"": null, ""ptp_date"": null, ""ptp_status"": null, ""rule_id"": ""termination_risk"", ""thresholds"": {""high_risk_amount_aed"": 1000000, ""stale_days"": 7}, ""updated_at"": ""2026-05-09T16:36:52.040364Z"", ""workflow_state"": ""queued""}","{""dedupe_key"": ""dedupe::8c59ab89ad8b5d5b4dbd08ce"", ""notification_id"": ""notif::cb3f4313afbda63e749d5623"", ""rule_id"": ""termination_risk"", ""suppression_scope"": ""termination_risk:termination::B-34518::SE-V 206:mis_qcg_admin""}"
wf::termination::B-37567::SE-V_234,termination::B-37567::SE-V 234,queued,Nijish,,,,,evt_564c4d9f90727062,queued,system,batch8_seed,none,queued,2026-05-09T16:36:52.040426Z,notif::5135b51b6c8190988c10a4af,termination_risk,manager_escalation,cco_gm_agm,critical,dedupe::945c464942f6979e667c2dda,termination_risk:termination::B-37567::SE-V 234:cco_gm_agm,2026-05-09T16:36:52.057131Z,disabled,in_app,B-37567,SE-V 234,sobha_dubai,Sobha Dubai,5144418.0,180+,R34 termination status + R10 owner allocation evidence,live_validated_account_owner_ageing_lineaged,95e22576faaab1c40f5b6dbf41bdd0d1a5966e44a6ce4d32ddb4b431da018641,95e22576faaab1c40f5b6dbf41bdd0d1a5966e44a6ce4d32ddb4b431da018641,95e22576faaab1c40f5b6dbf41bdd0d1a5966e44a6ce4d32ddb4b431da018641,95e22576faaab1c40f5b6dbf41bdd0d1a5966e44a6ce4d32ddb4b431da018641,"[{""cell_or_range"": ""A24346:BT24346"", ""confidence_state"": ""live_validated"", ""has_lineage"": true, ""metric_key"": ""TERM_B-37567_SE-V 234"", ""metric_label"": ""Termination / overdue eligibility"", ""reporting_basis"": ""R34 termination status account evidence"", ""sheet"": ""Data"", ""snapshot_date"": null, ""source_code"": ""R34"", ""source_file"": ""R34_Termination Status - Report -08-05-2026.xlsx"", ""validation_status"": ""passed""}, {""cell_or_range"": ""A24012:AD24012"", ""confidence_state"": ""live_validated"", ""has_lineage"": true, ""metric_key"": ""OWNER_B-37567_SE-V 234"", ""metric_label"": ""Owner allocation validation"", ""reporting_basis"": ""R10 dues coverage allocation"", ""sheet"": ""Allocation"", ""snapshot_date"": ""2026-05-08 00:00:00"", ""source_code"": ""R10"", ""source_file"": ""R10_Dues Coverage summary report.xlsx"", ""validation_status"": ""passed""}]","{""source_action_title"": ""Termination/PDN review \u00b7 B-37567 / SE-V 234""}","{""amount_aed"": 5144418.0, ""as_of_date"": ""2026-05-09"", ""assigned_owner"": ""Nijish"", ""due_date"": null, ""escalation_status"": ""TERMINATION"", ""pr_status"": null, ""ptp_date"": null, ""ptp_status"": null, ""rule_id"": ""termination_risk"", ""thresholds"": {""high_risk_amount_aed"": 1000000, ""stale_days"": 7}, ""updated_at"": ""2026-05-09T16:36:52.040426Z"", ""workflow_state"": ""queued""}","{""dedupe_key"": ""dedupe::945c464942f6979e667c2dda"", ""notification_id"": ""notif::5135b51b6c8190988c10a4af"", ""rule_id"": ""termination_risk"", ""suppression_scope"": ""termination_risk:termination::B-37567::SE-V 234:cco_gm_agm""}"
wf::termination::B-37567::SE-V_234,termination::B-37567::SE-V 234,queued,Nijish,,,,,evt_564c4d9f90727062,queued,system,batch8_seed,none,queued,2026-05-09T16:36:52.040426Z,notif::893c83eab662dd9eaed26e34,termination_risk,mis_qcg_governance_alert,mis_qcg_admin,critical,dedupe::f3c98a5f2f1d0caa7f226539,termination_risk:termination::B-37567::SE-V 234:mis_qcg_admin,2026-05-09T16:36:52.057203Z,disabled,in_app,B-37567,SE-V 234,sobha_dubai,Sobha Dubai,5144418.0,180+,R34 termination status + R10 owner allocation evidence,live_validated_account_owner_ageing_lineaged,95e22576faaab1c40f5b6dbf41bdd0d1a5966e44a6ce4d32ddb4b431da018641,95e22576faaab1c40f5b6dbf41bdd0d1a5966e44a6ce4d32ddb4b431da018641,95e22576faaab1c40f5b6dbf41bdd0d1a5966e44a6ce4d32ddb4b431da018641,95e22576faaab1c40f5b6dbf41bdd0d1a5966e44a6ce4d32ddb4b431da018641,"[{""cell_or_range"": ""A24346:BT24346"", ""confidence_state"": ""live_validated"", ""has_lineage"": true, ""metric_key"": ""TERM_B-37567_SE-V 234"", ""metric_label"": ""Termination / overdue eligibility"", ""reporting_basis"": ""R34 termination status account evidence"", ""sheet"": ""Data"", ""snapshot_date"": null, ""source_code"": ""R34"", ""source_file"": ""R34_Termination Status - Report -08-05-2026.xlsx"", ""validation_status"": ""passed""}, {""cell_or_range"": ""A24012:AD24012"", ""confidence_state"": ""live_validated"", ""has_lineage"": true, ""metric_key"": ""OWNER_B-37567_SE-V 234"", ""metric_label"": ""Owner allocation validation"", ""reporting_basis"": ""R10 dues coverage allocation"", ""sheet"": ""Allocation"", ""snapshot_date"": ""2026-05-08 00:00:00"", ""source_code"": ""R10"", ""source_file"": ""R10_Dues Coverage summary report.xlsx"", ""validation_status"": ""passed""}]","{""source_action_title"": ""Termination/PDN review \u00b7 B-37567 / SE-V 234""}","{""amount_aed"": 5144418.0, ""as_of_date"": ""2026-05-09"", ""assigned_owner"": ""Nijish"", ""due_date"": null, ""escalation_status"": ""TERMINATION"", ""pr_status"": null, ""ptp_date"": null, ""ptp_status"": null, ""rule_id"": ""termination_risk"", ""thresholds"": {""high_risk_amount_aed"": 1000000, ""stale_days"": 7}, ""updated_at"": ""2026-05-09T16:36:52.040426Z"", ""workflow_state"": ""queued""}","{""dedupe_key"": ""dedupe::f3c98a5f2f1d0caa7f226539"", ""notification_id"": ""notif::893c83eab662dd9eaed26e34"", ""rule_id"": ""termination_risk"", ""suppression_scope"": ""termination_risk:termination::B-37567::SE-V 234:mis_qcg_admin""}"
wf::termination::B-44892::SSH-A5203,termination::B-44892::SSH-A5203,queued,Aqsa,,,,,evt_bfc78447c5c6a74b,queued,system,batch8_seed,none,queued,2026-05-09T16:36:52.039912Z,notif::184fcc8947fe287aeb0e9d78,termination_risk,manager_escalation,cco_gm_agm,critical,dedupe::4acd445f226cd8b1837eb080,termination_risk:termination::B-44892::SSH-A5203:cco_gm_agm,2026-05-09T16:36:52.056786Z,disabled,in_app,B-44892,SSH-A5203,sobha_dubai,Sobha Dubai,5558144.6,91-120,R34 termination status + R10 owner allocation evidence,live_validated_account_owner_ageing_lineaged,8c84c88c62fa93c7752ac8f240d2e0df2105d24f3c149977ab3ce8ee6b9646d9,8c84c88c62fa93c7752ac8f240d2e0df2105d24f3c149977ab3ce8ee6b9646d9,8c84c88c62fa93c7752ac8f240d2e0df2105d24f3c149977ab3ce8ee6b9646d9,8c84c88c62fa93c7752ac8f240d2e0df2105d24f3c149977ab3ce8ee6b9646d9,"[{""cell_or_range"": ""A1987:BT1987"", ""confidence_state"": ""live_validated"", ""has_lineage"": true, ""metric_key"": ""TERM_B-44892_SSH-A5203"", ""metric_label"": ""Termination / overdue eligibility"", ""reporting_basis"": ""R34 termination status account evidence"", ""sheet"": ""Data"", ""snapshot_date"": null, ""source_code"": ""R34"", ""source_file"": ""R34_Termination Status - Report -08-05-2026.xlsx"", ""validation_status"": ""passed""}, {""cell_or_range"": ""A16860:AD16860"", ""confidence_state"": ""live_validated"", ""has_lineage"": true, ""metric_key"": ""OWNER_B-44892_SSH-A5203"", ""metric_label"": ""Owner allocation validation"", ""reporting_basis"": ""R10 dues coverage allocation"", ""sheet"": ""Allocation"", ""snapshot_date"": ""2026-05-08 00:00:00"", ""source_code"": ""R10"", ""source_file"": ""R10_Dues Coverage summary report.xlsx"", ""validation_status"": ""passed""}]","{""source_action_title"": ""Termination/PDN review \u00b7 B-44892 / SSH-A5203""}","{""amount_aed"": 5558144.6, ""as_of_date"": ""2026-05-09"", ""assigned_owner"": ""Aqsa"", ""due_date"": null, ""escalation_status"": ""TERMINATION"", ""pr_status"": null, ""ptp_date"": null, ""ptp_status"": null, ""rule_id"": ""termination_risk"", ""thresholds"": {""high_risk_amount_aed"": 1000000, ""stale_days"": 7}, ""updated_at"": ""2026-05-09T16:36:52.039912Z"", ""workflow_state"": ""queued""}","{""dedupe_key"": ""dedupe::4acd445f226cd8b1837eb080"", ""notification_id"": ""notif::184fcc8947fe287aeb0e9d78"", ""rule_id"": ""termination_risk"", ""suppression_scope"": ""termination_risk:termination::B-44892::SSH-A5203:cco_gm_agm""}"
wf::termination::B-44892::SSH-A5203,termination::B-44892::SSH-A5203,queued,Aqsa,,,,,evt_bfc78447c5c6a74b,queued,system,batch8_seed,none,queued,2026-05-09T16:36:52.039912Z,notif::9f23c568b2b5eeb49ec31a53,termination_risk,mis_qcg_governance_alert,mis_qcg_admin,critical,dedupe::91d597a7515983d951d33661,termination_risk:termination::B-44892::SSH-A5203:mis_qcg_admin,2026-05-09T16:36:52.056845Z,disabled,in_app,B-44892,SSH-A5203,sobha_dubai,Sobha Dubai,5558144.6,91-120,R34 termination status + R10 owner allocation evidence,live_validated_account_owner_ageing_lineaged,8c84c88c62fa93c7752ac8f240d2e0df2105d24f3c149977ab3ce8ee6b9646d9,8c84c88c62fa93c7752ac8f240d2e0df2105d24f3c149977ab3ce8ee6b9646d9,8c84c88c62fa93c7752ac8f240d2e0df2105d24f3c149977ab3ce8ee6b9646d9,8c84c88c62fa93c7752ac8f240d2e0df2105d24f3c149977ab3ce8ee6b9646d9,"[{""cell_or_range"": ""A1987:BT1987"", ""confidence_state"": ""live_validated"", ""has_lineage"": true, ""metric_key"": ""TERM_B-44892_SSH-A5203"", ""metric_label"": ""Termination / overdue eligibility"", ""reporting_basis"": ""R34 termination status account evidence"", ""sheet"": ""Data"", ""snapshot_date"": null, ""source_code"": ""R34"", ""source_file"": ""R34_Termination Status - Report -08-05-2026.xlsx"", ""validation_status"": ""passed""}, {""cell_or_range"": ""A16860:AD16860"", ""confidence_state"": ""live_validated"", ""has_lineage"": true, ""metric_key"": ""OWNER_B-44892_SSH-A5203"", ""metric_label"": ""Owner allocation validation"", ""reporting_basis"": ""R10 dues coverage allocation"", ""sheet"": ""Allocation"", ""snapshot_date"": ""2026-05-08 00:00:00"", ""source_code"": ""R10"", ""source_file"": ""R10_Dues Coverage summary report.xlsx"", ""validation_status"": ""passed""}]","{""source_action_title"": ""Termination/PDN review \u00b7 B-44892 / SSH-A5203""}","{""amount_aed"": 5558144.6, ""as_of_date"": ""2026-05-09"", ""assigned_owner"": ""Aqsa"", ""due_date"": null, ""escalation_status"": ""TERMINATION"", ""pr_status"": null, ""ptp_date"": null, ""ptp_status"": null, ""rule_id"": ""termination_risk"", ""thresholds"": {""high_risk_amount_aed"": 1000000, ""stale_days"": 7}, ""updated_at"": ""2026-05-09T16:36:52.039912Z"", ""workflow_state"": ""queued""}","{""dedupe_key"": ""dedupe::91d597a7515983d951d33661"", ""notification_id"": ""notif::9f23c568b2b5eeb49ec31a53"", ""rule_id"": ""termination_risk"", ""suppression_scope"": ""termination_risk:termination::B-44892::SSH-A5203:mis_qcg_admin""}"
